[
  {
    "name": "Entrance Randomizer",
    "type": "progressive",
    "allow_disabled": false,
    "loop": true,
    "stages": [
      {
        "img": "images/setting_entrance_dungeons.png",
        "codes": "setting_entrance,setting_entrance_dungeons"
      },
      {
        "img": "images/setting_entrance_indoors.png",
        "codes": "setting_entrance_indoors",
      },
      {
        "img": "images/setting_entrance_overworld.png",
        "codes": "setting_entrance_overworld",
      }
    ]
  }
]