[
  {
    "name": "Cow",
    "type": "toggle",
    "img": "images/entrance_grotto_cow.png",
    "codes": "entrance_grotto_cow"
  },
  {
    "name": "Scrub",
    "type": "toggle",
    "img": "images/entrance_grotto_scrub.png",
    "codes": "entrance_grotto_scrub"
  },
  {
    "name": "Deku Theater",
    "type": "toggle",
    "img": "images/entrance_grotto_theater.png",
    "codes": "entrance_grotto_theater"
  },
  {
    "name": "Kakariko Bombable Grotto",
    "type": "toggle",
    "img": "images/entrance_grotto_kak_bomb.png",
    "codes": "entrance_grotto_kak_bomb"
  },
  {
    "name": "Front of Meadow Grotto",
    "type": "toggle",
    "img": "images/entrance_grotto_wolfos.png",
    "codes": "entrance_grotto_wolfos"
  },
  {
    "name": "Castle Storms Grotto",
    "type": "toggle",
    "img": "images/entrance_grotto_castle_storms.png",
    "codes": "entrance_grotto_castle_storms"
  },
  {
    "name": "Field Kakariko Grotto",
    "type": "toggle",
    "img": "images/entrance_grotto_field_kak.png",
    "codes": "entrance_grotto_field_kak"
  },
  {
    "name": "Field North Lon Lon Grotto",
    "type": "toggle",
    "img": "images/entrance_grotto_tektite.png",
    "codes": "entrance_grotto_tektite"
  },
  {
    "name": "Field Valley Grotto",
    "type": "toggle",
    "img": "images/entrance_grotto_field_valley.png",
    "codes": "entrance_grotto_field_valley"
  },
]