[
  {
    "name": "Counter: Generic Grottos",
    "type": "consumable",
    "img": "images/entrance_grotto_generic.png",
    "codes": "counter_generic",
    "max_quantity": 9
  },
  {
    "name": "Counter: Scrubs",
    "type": "consumable",
    "img": "images/entrance_grotto_scrub.png",
    "codes": "counter_scrubs",
    "max_quantity": 10
  },
  {
    "name": "Counter: Cows",
    "type": "consumable",
    "img": "images/entrance_grotto_cow.png",
    "codes": "counter_cows",
    "max_quantity": 4
  },
  {
    "name": "Counter: Great Fairies",
    "type": "consumable",
    "img": "images/entrance_house_fairy.png",
    "codes": "counter_fairies",
    "max_quantity": 6
  },
  {
    "name": "Counter: Shops",
    "type": "consumable",
    "img": "images/entrance_house_shop.png",
    "codes": "counter_shops",
    "max_quantity": 7
  },
]