{
  "tracker_broadcast": {
    "type": "array",
    "margin": "5,5,5,5",
    "content": [
      {
        "type": "itemgrid",
        "item_margin": "1,2",
        "rows": [
          [
            "sticks",
            "nuts",
            "bombs",
            "bow",
            "firearrow",
            "dinsfire"
          ],
          [
            "slingshot",
            "ocarina",
            "bombchu",
            "hookshot",
            "icearrow",
            "faroreswind"
          ],
          [
            "boomerang",
            "lens",
            "beans",
            "hammer",
            "lightarrow",
            "nayruslove"
          ],
          [
            "bottle1",
            "bottle2",
            "bottle3",
            "bottle4",
            "adulttrade",
            "kidtrade"
          ],
          [
            "lift1",
            "redtunic",
            "bluetunic",
            "sword1",
            "sword2",
            "sword3"
          ],
          [
            "scale1",
            "ironboots",
            "hoverboots",
            "shield1",
            "shield2",
            "shield3"
          ],
          [
            "wallet1",
            "magic",
            "carpenter",
            "card",
            "agony",
            "skulltula"
          ],
          [
            "lullabycheck",
            "eponacheck",
            "sariacheck",
            "suncheck",
            "timecheck",
            "stormcheck"
          ],
          [
            "minuetcheck",
            "bolerocheck",
            "serenadecheck",
            "requiemcheck",
            "nocturnecheck",
            "preludecheck"
          ],
          [
            "forest",
            "fire",
            "water",
            "spirit",
            "shadow",
            "free"
          ]
        ]
      },
      {
        "type": "array",
        "orientation": "vertical",
        "content": [
          {
            "type": "array",
            "orientation": "horizontal",
            "margin": "5,0",
            "content": [
              {
                "type": "canvas",
                "width": 32,
                "height": 32,
                "margin": "1,2",
                "content": [
                  {
                    "type": "item",
                    "item": "forest_label",
                    "hit_test_visible": false,
                    "canvas_depth": 0,
                    "width": 32,
                    "height": 12
                  },
                  {
                    "type": "item",
                    "item": "forest_small_keys",
                    "canvas_depth": 1,
                    "canvas_left": 0,
                    "canvas_top": 16,
                    "width": 16,
                    "height": 16
                  },
                  {
                    "type": "item",
                    "item": "forest_boss_key",
                    "canvas_depth": 1,
                    "canvas_left": 16,
                    "canvas_top": 16,
                    "width": 16,
                    "height": 16
                  }
                ]
              },
              {
                "type": "canvas",
                "width": 32,
                "height": 32,
                "margin": "1,2",
                "content": [
                  {
                    "type": "item",
                    "item": "fire_label",
                    "hit_test_visible": false,
                    "canvas_depth": 0,
                    "width": 32,
                    "height": 12
                  },
                  {
                    "type": "item",
                    "item": "fire_small_keys",
                    "canvas_depth": 1,
                    "canvas_left": 0,
                    "canvas_top": 16,
                    "width": 16,
                    "height": 16
                  },
                  {
                    "type": "item",
                    "item": "fire_boss_key",
                    "canvas_depth": 1,
                    "canvas_left": 16,
                    "canvas_top": 16,
                    "width": 16,
                    "height": 16
                  }
                ]
              },
              {
                "type": "canvas",
                "width": 32,
                "height": 32,
                "margin": "1,2",
                "content": [
                  {
                    "type": "item",
                    "item": "water_label",
                    "hit_test_visible": false,
                    "canvas_depth": 0,
                    "width": 32,
                    "height": 12
                  },
                  {
                    "type": "item",
                    "item": "water_small_keys",
                    "canvas_depth": 1,
                    "canvas_left": 0,
                    "canvas_top": 16,
                    "width": 16,
                    "height": 16
                  },
                  {
                    "type": "item",
                    "item": "water_boss_key",
                    "canvas_depth": 1,
                    "canvas_left": 16,
                    "canvas_top": 16,
                    "width": 16,
                    "height": 16
                  }
                ]
              },
              {
                "type": "canvas",
                "width": 32,
                "height": 32,
                "margin": "1,2",
                "content": [
                  {
                    "type": "item",
                    "item": "spirit_label",
                    "hit_test_visible": false,
                    "canvas_depth": 0,
                    "width": 32,
                    "height": 12
                  },
                  {
                    "type": "item",
                    "item": "spirit_small_keys",
                    "canvas_depth": 1,
                    "canvas_left": 0,
                    "canvas_top": 16,
                    "width": 16,
                    "height": 16
                  },
                  {
                    "type": "item",
                    "item": "spirit_boss_key",
                    "canvas_depth": 1,
                    "canvas_left": 16,
                    "canvas_top": 16,
                    "width": 16,
                    "height": 16
                  }
                ]
              },
              {
                "type": "canvas",
                "width": 32,
                "height": 32,
                "margin": "1,2",
                "content": [
                  {
                    "type": "item",
                    "item": "shadow_label",
                    "hit_test_visible": false,
                    "canvas_depth": 0,
                    "width": 32,
                    "height": 12
                  },
                  {
                    "type": "item",
                    "item": "shadow_small_keys",
                    "canvas_depth": 1,
                    "canvas_left": 0,
                    "canvas_top": 16,
                    "width": 16,
                    "height": 16
                  },
                  {
                    "type": "item",
                    "item": "shadow_boss_key",
                    "canvas_depth": 1,
                    "canvas_left": 16,
                    "canvas_top": 16,
                    "width": 16,
                    "height": 16
                  }
                ]
              },
              {
                "type": "canvas",
                "width": 32,
                "height": 32,
                "margin": "1,2",
                "content": [
                  {
                    "type": "item",
                    "item": "gc_label",
                    "hit_test_visible": false,
                    "canvas_depth": 0,
                    "width": 32,
                    "height": 12
                  },
                  {
                    "type": "item",
                    "item": "gc_small_keys",
                    "canvas_depth": 1,
                    "canvas_left": 0,
                    "canvas_top": 16,
                    "width": 16,
                    "height": 16
                  },
                  {
                    "type": "item",
                    "item": "gc_boss_key",
                    "canvas_depth": 1,
                    "canvas_left": 16,
                    "canvas_top": 16,
                    "width": 16,
                    "height": 16
                  }
                ]
              }
            ]
          },
          {
            "type": "array",
            "orientation": "horizontal",
            "margin": "5,0",
            "content": [
              {
                "type": "item",
                "item": "deku",
                "margin": "1,2",
                "width": 32,
                "height": 32
              },
              {
                "type": "item",
                "item": "dodongo",
                "margin": "1,2",
                "width": 32,
                "height": 32
              },
              {
                "type": "item",
                "item": "jabu",
                "margin": "1,2",
                "width": 32,
                "height": 32
              },
              {
                "type": "canvas",
                "width": 32,
                "height": 32,
                "margin": "1,2",
                "content": [
                  {
                    "type": "item",
                    "item": "botw_label",
                    "hit_test_visible": false,
                    "canvas_depth": 0,
                    "width": 32,
                    "height": 12
                  },
                  {
                    "type": "item",
                    "item": "botw_small_keys",
                    "canvas_depth": 1,
                    "canvas_left": 0,
                    "canvas_top": 16,
                    "width": 16,
                    "height": 16
                  }
                ]
              },
              {
                "type": "canvas",
                "width": 32,
                "height": 32,
                "margin": "1,2",
                "content": [
                  {
                    "type": "item",
                    "item": "gf_label",
                    "hit_test_visible": false,
                    "canvas_depth": 0,
                    "width": 32,
                    "height": 12
                  },
                  {
                    "type": "item",
                    "item": "gf_small_keys",
                    "canvas_depth": 1,
                    "canvas_left": 0,
                    "canvas_top": 16,
                    "width": 16,
                    "height": 16
                  }
                ]
              },
              {
                "type": "canvas",
                "width": 32,
                "height": 32,
                "margin": "1,2",
                "content": [
                  {
                    "type": "item",
                    "item": "gtg_label",
                    "hit_test_visible": false,
                    "canvas_depth": 0,
                    "width": 32,
                    "height": 12
                  },
                  {
                    "type": "item",
                    "item": "gtg_small_keys",
                    "canvas_depth": 1,
                    "canvas_left": 0,
                    "canvas_top": 16,
                    "width": 16,
                    "height": 16
                  }
                ]
              }
            ]
          }
        ]
      }
    ]
  }
}