{
  "tracker_broadcast": {
    "type": "array",
    "margin": "5,5,5,5",
    "content": [
      {
        "type": "itemgrid",
        "item_margin": "1,2",
        "rows": [
          [
            "sticks",
            "nuts",
            "bombs",
            "bow",
            "firearrow",
            "dinsfire"
          ],
          [
            "slingshot",
            "ocarina",
            "bombchu",
            "hookshot",
            "icearrow",
            "faroreswind"
          ],
          [
            "boomerang",
            "lens",
            "beans",
            "hammer",
            "lightarrow",
            "nayruslove"
          ],
          [
            "bottle1",
            "bottle2",
            "bottle3",
            "bottle4",
            "adulttrade",
            "kidtrade"
          ],
          [
            "lift1",
            "redtunic",
            "bluetunic",
            "sword1",
            "sword2",
            "sword3"
          ],
          [
            "scale1",
            "ironboots",
            "hoverboots",
            "shield1",
            "shield2",
            "shield3"
          ],
          [
            "wallet1",
            "magic",
            "carpenter",
            "card",
            "agony",
            "skulltula"
          ],
          [
            "lullabycheck",
            "eponacheck",
            "sariacheck",
            "suncheck",
            "timecheck",
            "stormcheck"
          ],
          [
            "minuetcheck",
            "bolerocheck",
            "serenadecheck",
            "requiemcheck",
            "nocturnecheck",
            "preludecheck"
          ],
          [
            "forest",
            "fire",
            "water",
            "spirit",
            "shadow",
            "free"
          ],
          [
            "deku",
            "dodongo",
            "jabu",
            "",
            "",
            ""
          ]
        ]
      }
    ]
  }
}