{
  "counters_tall": {
    "type": "itemgrid",
    "h_alignment": "left",
    "item_margin": "1,2",
    "rows": [
      [
        "counter_gs_available",
        "counter_gs_logic",
        "",
        "",
        "",
        ""
      ]
    ]
  },
  "counters_wide": {
    "type": "itemgrid",
    "h_alignment": "left",
    "item_margin": "1,2",
    "rows": [
      [
        "counter_gs_available",
        "counter_gs_logic",
        "",
        "",
        "",
        "",
        "",
        "",
        ""
      ]
    ]
  }
}