{
  "dungeon_grid_tall": {
    "type": "array",
    "orientation": "vertical",
    "content": [
      {
        "type": "array",
        "orientation": "horizontal",
        "margin": "5,0",
        "content": [
          {
            "type": "item",
            "item": "forest",
            "margin": "1,2",
            "width": 32,
            "height": 32
          },
          {
            "type": "item",
            "item": "fire",
            "margin": "1,2",
            "width": 32,
            "height": 32
          },
          {
            "type": "item",
            "item": "water",
            "margin": "1,2",
            "width": 32,
            "height": 32
          },
          {
            "type": "item",
            "item": "spirit",
            "margin": "1,2",
            "width": 32,
            "height": 32
          },
          {
            "type": "item",
            "item": "shadow",
            "margin": "1,2",
            "width": 32,
            "height": 32
          },
          {
            "type": "item",
            "item": "free",
            "margin": "1,2",
            "width": 32,
            "height": 32
          }
        ]
      },
      {
        "type": "array",
        "orientation": "horizontal",
        "margin": "5,0",
        "content": [
          {
            "type": "canvas",
            "width": 32,
            "height": 32,
            "margin": "1,2",
            "content": [
              {
                "type": "item",
                "item": "forest_label",
                "canvas_depth": 1,
                "width": 32,
                "height": 12
              },
              {
                "type": "item",
                "item": "deku_label",
                "canvas_depth": 1,
                "canvas_left": 0,
                "canvas_top": 20,
                "width": 32,
                "height": 12
              }
            ]
          },
          {
            "type": "canvas",
            "width": 32,
            "height": 32,
            "margin": "1,2",
            "content": [
              {
                "type": "item",
                "item": "fire_label",
                "canvas_depth": 1,
                "width": 32,
                "height": 12
              },
              {
                "type": "item",
                "item": "dodongo_label",
                "canvas_depth": 1,
                "canvas_left": 0,
                "canvas_top": 20,
                "width": 32,
                "height": 12
              }
            ]
          },
          {
            "type": "canvas",
            "width": 32,
            "height": 32,
            "margin": "1,2",
            "content": [
              {
                "type": "item",
                "item": "water_label",
                "canvas_depth": 1,
                "width": 32,
                "height": 12
              },
              {
                "type": "item",
                "item": "jabu_label",
                "canvas_depth": 1,
                "canvas_left": 0,
                "canvas_top": 20,
                "width": 32,
                "height": 12
              }
            ]
          },
          {
            "type": "canvas",
            "width": 32,
            "height": 32,
            "margin": "1,2",
            "content": [
              {
                "type": "item",
                "item": "spirit_label",
                "canvas_depth": 1,
                "width": 32,
                "height": 12
              },
              {
                "type": "item",
                "item": "gtg_label",
                "canvas_depth": 1,
                "canvas_left": 0,
                "canvas_top": 20,
                "width": 32,
                "height": 12
              }
            ]
          },
          {
            "type": "canvas",
            "width": 32,
            "height": 32,
            "margin": "1,2",
            "content": [
              {
                "type": "item",
                "item": "shadow_label",
                "canvas_depth": 1,
                "width": 32,
                "height": 12
              },
              {
                "type": "item",
                "item": "botw_label",
                "canvas_depth": 1,
                "canvas_left": 0,
                "canvas_top": 20,
                "width": 32,
                "height": 12
              }
            ]
          },
          {
            "type": "canvas",
            "width": 32,
            "height": 32,
            "margin": "1,2",
            "content": [
              {
                "type": "item",
                "item": "free_label",
                "canvas_depth": 1,
                "width": 32,
                "height": 12
              },
              {
                "type": "item",
                "item": "ice_label",
                "canvas_depth": 1,
                "canvas_left": 0,
                "canvas_top": 20,
                "width": 32,
                "height": 12
              }
            ]
          }
        ]
      },
      {
        "type": "array",
        "orientation": "horizontal",
        "margin": "5,0",
        "content": [
          {
            "type": "item",
            "item": "deku",
            "margin": "1,2",
            "width": 32,
            "height": 32
          },
          {
            "type": "item",
            "item": "dodongo",
            "margin": "1,2",
            "width": 32,
            "height": 32
          },
          {
            "type": "item",
            "item": "jabu",
            "margin": "1,2",
            "width": 32,
            "height": 32
          },
          {
            "type": "item",
            "item": "gc_label",
            "margin": "1,2",
            "width": 32,
            "height": 12
          }
        ]
      }
    ]
  },
  "dungeon_grid_wide": {
    "type": "array",
    "orientation": "vertical",
    "content": [
      {
        "type": "array",
        "orientation": "horizontal",
        "margin": "5,0",
        "content": [
          {
            "type": "item",
            "item": "forest",
            "margin": "1,2",
            "width": 32,
            "height": 32
          },
          {
            "type": "item",
            "item": "fire",
            "margin": "1,2",
            "width": 32,
            "height": 32
          },
          {
            "type": "item",
            "item": "water",
            "margin": "1,2",
            "width": 32,
            "height": 32
          },
          {
            "type": "item",
            "item": "spirit",
            "margin": "1,2",
            "width": 32,
            "height": 32
          },
          {
            "type": "item",
            "item": "shadow",
            "margin": "1,2",
            "width": 32,
            "height": 32
          },
          {
            "type": "item",
            "item": "free",
            "margin": "1,2",
            "width": 32,
            "height": 32
          },
          {
            "type": "item",
            "item": "deku",
            "margin": "1,2",
            "width": 32,
            "height": 32
          },
          {
            "type": "item",
            "item": "dodongo",
            "margin": "1,2",
            "width": 32,
            "height": 32
          },
          {
            "type": "item",
            "item": "jabu",
            "margin": "1,2",
            "width": 32,
            "height": 32
          }
        ]
      },
      {
        "type": "array",
        "orientation": "horizontal",
        "margin": "5,0",
        "content": [
          {
            "type": "canvas",
            "width": 32,
            "height": 32,
            "margin": "1,2",
            "content": [
              {
                "type": "item",
                "item": "forest_label",
                "canvas_depth": 1,
                "width": 32,
                "height": 12
              }
            ]
          },
          {
            "type": "canvas",
            "width": 32,
            "height": 32,
            "margin": "1,2",
            "content": [
              {
                "type": "item",
                "item": "fire_label",
                "canvas_depth": 1,
                "width": 32,
                "height": 12
              }
            ]
          },
          {
            "type": "canvas",
            "width": 32,
            "height": 32,
            "margin": "1,2",
            "content": [
              {
                "type": "item",
                "item": "water_label",
                "canvas_depth": 1,
                "width": 32,
                "height": 12
              },
              {
                "type": "item",
                "item": "ice_label",
                "canvas_depth": 1,
                "canvas_left": 0,
                "canvas_top": 20,
                "width": 32,
                "height": 12
              }
            ]
          },
          {
            "type": "canvas",
            "width": 32,
            "height": 32,
            "margin": "1,2",
            "content": [
              {
                "type": "item",
                "item": "spirit_label",
                "canvas_depth": 1,
                "width": 32,
                "height": 12
              },
              {
                "type": "item",
                "item": "gtg_label",
                "canvas_depth": 1,
                "canvas_left": 0,
                "canvas_top": 20,
                "width": 32,
                "height": 12
              }
            ]
          },
          {
            "type": "canvas",
            "width": 32,
            "height": 32,
            "margin": "1,2",
            "content": [
              {
                "type": "item",
                "item": "shadow_label",
                "canvas_depth": 1,
                "width": 32,
                "height": 12
              },
              {
                "type": "item",
                "item": "botw_label",
                "canvas_depth": 1,
                "canvas_left": 0,
                "canvas_top": 20,
                "width": 32,
                "height": 12
              }
            ]
          },
          {
            "type": "canvas",
            "width": 32,
            "height": 32,
            "margin": "1,2",
            "content": [
              {
                "type": "item",
                "item": "free_label",
                "canvas_depth": 1,
                "width": 32,
                "height": 12
              },
              {
                "type": "item",
                "item": "gc_label",
                "canvas_depth": 1,
                "canvas_left": 0,
                "canvas_top": 20,
                "width": 32,
                "height": 12
              }
            ]
          },
          {
            "type": "canvas",
            "width": 32,
            "height": 32,
            "margin": "1,2",
            "content": [
              {
                "type": "item",
                "item": "deku_label",
                "canvas_depth": 1,
                "width": 32,
                "height": 12
              }
            ]
          },
          {
            "type": "canvas",
            "width": 32,
            "height": 32,
            "margin": "1,2",
            "content": [
              {
                "type": "item",
                "item": "dodongo_label",
                "canvas_depth": 1,
                "width": 32,
                "height": 12
              }
            ]
          },
          {
            "type": "canvas",
            "width": 32,
            "height": 32,
            "margin": "1,2",
            "content": [
              {
                "type": "item",
                "item": "jabu_label",
                "canvas_depth": 1,
                "width": 32,
                "height": 12
              }
            ]
          }
        ]
      }
    ]
  }
}