{
  "item_grid_tall": {
    "type": "array",
    "orientation": "vertical",
    "content": [
      {
        "type": "itemgrid",
        "h_alignment": "left",
        "item_margin": "1,2",
        "rows": [
          [
            "sticks",
            "nuts",
            "bombs",
            "bow",
            "firearrow",
            "dinsfire"
          ],
          [
            "slingshot",
            "ocarinacrow",
            "bombchu",
            "hookshot",
            "icearrow",
            "faroreswind"
          ],
          [
            "boomerang",
            "lens",
            "beans",
            "hammer",
            "lightarrow",
            "nayruslove"
          ],
          [
            "bottle1",
            "bottle2",
            "bottle3",
            "bottle4",
            "adulttrade",
            "kidtrade"
          ],
          [
            "lift1",
            "redtunic",
            "bluetunic",
            "sword1",
            "sword2",
            "sword3"
          ],
          [
            "scale1",
            "ironboots",
            "hoverboots",
            "shield1",
            "shield2",
            "shield3"
          ],
          [
            "wallet1",
            "magic",
            "fortress",
            "agony",
            "icetrap",
            "skulltula"
          ],
          [
            "lullabycheck",
            "eponacheck",
            "sariacheck",
            "suncheck",
            "timecheck",
            "stormcheck"
          ],
          [
            "minuetcheck",
            "bolerocheck",
            "serenadecheck",
            "requiemcheck",
            "nocturnecheck",
            "preludecheck"
          ]
        ]
      },
      {
        "type": "layout",
        "key": "dungeon_grid_tall",
      }
    ]
  },
  "item_grid_wide": {
    "type": "array",
    "orientation": "vertical",
    "content": [
      {
        "type": "itemgrid",
        "h_alignment": "left",
        "item_margin": "1,2",
        "rows": [
          [
            "sticks",
            "nuts",
            "bombs",
            "bow",
            "firearrow",
            "dinsfire",
            "sword1",
            "sword2",
            "sword3"
          ],
          [
            "slingshot",
            "ocarinacrow",
            "bombchu",
            "hookshot",
            "icearrow",
            "faroreswind",
            "shield1",
            "shield2",
            "shield3"
          ],
          [
            "boomerang",
            "lens",
            "beans",
            "hammer",
            "lightarrow",
            "nayruslove",
            "lift1",
            "redtunic",
            "bluetunic"
          ],
          [
            "bottle1",
            "bottle2",
            "bottle3",
            "bottle4",
            "adulttrade",
            "kidtrade",
            "scale1",
            "ironboots",
            "hoverboots"
          ],
          [
            "lullabycheck",
            "eponacheck",
            "sariacheck",
            "suncheck",
            "timecheck",
            "stormcheck",
            "wallet1",
            "magic",
            "skulltula"
          ],
          [
            "minuetcheck",
            "bolerocheck",
            "serenadecheck",
            "requiemcheck",
            "nocturnecheck",
            "preludecheck",
            "fortress",
            "agony",
            "icetrap"
          ]
        ]
      },
      {
        "type": "layout",
        "key": "dungeon_grid_wide",
      }
    ]
  }
}