{
  "tracker_right_map": {
    "type": "container",
    "background": "#212121",
    "content": {
      "type": "dock",
      "dropshadow": true,
      "content": [
        {
          "type": "dock",
          "dock": "left",
          "v_alignment": "stretch",
          "margin": "0,0,3,0",
          "content": [
            {
              "type": "group",
              "header": "Items",
              "dock": "top",
              "content": {
                "type": "layout",
                "key": "item_grid_tall"
              }
            },
            {
              "type": "group",
              "header": "Counters",
              "dock": "top",
              "content": {
                "type": "layout",
                "key": "counters_tall"
              }
            },
            {
              "type": "group",
              "header": "Settings",
              "content": {
                "type": "layout",
                "key": "options_tall"
              }
            }
          ]
        },
        {
          "type": "dock",
          "content": [
            {
              "type": "tabbed",
              "dock": "top",
              "tabs": [
                {
                  "title": "Child",
                  "icon": "images/sword1.png",
                  "content": {
                    "type": "map",
                    "maps": [
                      "child"
                    ]
                  }
                },
                {
                  "title": "Adult",
                  "icon": "images/sword2.png",
                  "content": {
                    "type": "map",
                    "maps": [
                      "adult"
                    ]
                  }
                },
                {
                  "title": "Both",
                  "icon": "images/map.png",
                  "content": {
                    "type": "array",
                    "orientation": "vertical",
                    "content": [
                      {
                        "type": "map",
                        "orientation": "vertical",
                        "maps": [
                          "child",
                          "adult"
                        ]
                      }
                    ]
                  }
                }
              ]
            },
            {
              "type": "group",
              "header": "Pinned Locations",
              "content": {
                "type": "recentpins",
                "style": "wrap",
                "h_alignment": "stretch",
                "v_alignment": "stretch",
                "orientation": "horizontal",
                "compact": true
              }
            }
          ]
        }
      ]
    }
  },
  "tracker_top_map": {
    "type": "container",
    "background": "#212121",
    "content": {
      "type": "dock",
      "dropshadow": true,
      "content": [
        {
          "type": "dock",
          "dock": "bottom",
          "content": [
            {
              "type": "dock",
              "dock": "left",
              "margin": "0,0,3,0",
              "content": [
                {
                  "type": "group",
                  "header": "Items",
                  "dock": "top",
                  "content": {
                    "type": "layout",
                    "key": "item_grid_wide"
                  }
                },
                {
                  "type": "group",
                  "header": "Counters",
                  "dock": "top",
                  "content": {
                    "type": "layout",
                    "key": "counters_wide"
                  }
                },
                {
                  "type": "group",
                  "header": "Settings",
                  "content": {
                    "type": "layout",
                    "key": "options_wide"
                  }
                }
              ]
            },
            {
              "type": "group",
              "header": "Pinned Locations",
              "content": {
                "type": "recentpins",
                "style": "wrap",
                "h_alignment": "stretch",
                "v_alignment": "stretch",
                "orientation": "horizontal",
                "compact": true
              }
            }
          ]
        },
        {
          "type": "tabbed",
          "tabs": [
            {
              "title": "Child",
              "icon": "images/sword1.png",
              "content": {
                "type": "map",
                "maps": [
                  "child"
                ]
              }
            },
            {
              "title": "Adult",
              "icon": "images/sword2.png",
              "content": {
                "type": "map",
                "maps": [
                  "adult"
                ]
              }
            },
            {
              "title": "Both",
              "icon": "images/map.png",
              "content": {
                "type": "map",
                "orientation": "horizontal",
                "maps": [
                  "child",
                  "adult"
                ]
              }
            }
          ]
        }
      ]
    }
  }
}