{
  "options_popup": {
    "type": "group",
    "header": "Settings",
    "content": {
      "type": "itemgrid",
      "h_alignment": "left",
      "item_margin": "1,2",
      "rows": [
        [
          "setting_forest",
          "setting_age",
          "setting_shopsanity"
        ],
        [
          "setting_door",
          "setting_logic_chus",
          "setting_tokens_off"
        ],
        [
          "setting_fountain",
          "setting_skulltulas_sun",
          "setting_scrub_shuffle"
        ],
        [
          "setting_gerudo",
          "setting_lens",
          "setting_cowsanity"
        ],
        [
          "setting_bridge",
          "setting_fewer_tunics",
          "setting_shuffle_sword1"
        ],
        [
          "setting_trials",
          "setting_hints",
          "setting_shuffle_ocarinas"
        ],
        [
          "",
          "setting_plant",
          "setting_shuffle_egg"
        ],
        [
          "",
          "setting_damage",
          "setting_shuffle_card"
        ],
        [
          "",
          "",
          "setting_shuffle_beans"
        ]
      ]
    }
  }
}