{
  "tracker_capture_item": {
    "type": "container",
    "content": {
      "type": "itemgrid",
      "h_alignment": "center",
      "item_margin": "1,2",
      "rows": [
        [
          "sticks",
          "nuts",
          "bombs",
          "bow",
          "firearrow",
          "dinsfire",
          "sword1",
          "",
          "sword3"
        ],
        [
          "slingshot",
          "ocarina",
          "bombchu",
          "hookshot",
          "icearrow",
          "faroreswind",
          "shield1",
          "shield2",
          "shield3"
        ],
        [
          "boomerang",
          "lens",
          "beans",
          "hammer",
          "lightarrow",
          "nayruslove",
          "lift1",
          "redtunic",
          "bluetunic"
        ],
        [
          "bottle1",
          "",
          "",
          "",
          "adulttrade",
          "kidtrade",
          "scale1",
          "ironboots",
          "hoverboots"
        ],
        [
          "lullaby",
          "epona",
          "saria",
          "sun",
          "time",
          "storm",
          "wallet1",
          "magic",
          ""
        ],
        [
          "minuet",
          "bolero",
          "serenade",
          "requiem",
          "nocturne",
          "prelude",
          "carpenter",
          "card",
          ""
        ]
      ]
    }
  },
  "tracker_default": {
    "type": "container",
    "background": "#212121",
    "content": {
      "type": "dock",
      "dropshadow": true,
      "content": [
        {
          "type": "dock",
          "dock": "left",
          "v_alignment": "stretch",
          "margin": "0,0,3,0",
          "content": [
            {
              "type": "group",
              "header": "Items",
              "dock": "top",
              "content": {
                "type": "itemgrid",
                "item_margin": "1,2",
                "rows": [
                  [
                    "sticks",
                    "nuts",
                    "bombs",
                    "bow",
                    "firearrow",
                    "dinsfire"
                  ],
                  [
                    "slingshot",
                    "ocarina",
                    "bombchu",
                    "hookshot",
                    "icearrow",
                    "faroreswind"
                  ],
                  [
                    "boomerang",
                    "lens",
                    "beans",
                    "hammer",
                    "lightarrow",
                    "nayruslove"
                  ],
                  [
                    "bottle1",
                    "bottle2",
                    "bottle3",
                    "bottle4",
                    "adulttrade",
                    "kidtrade"
                  ],
                  [
                    "lift1",
                    "redtunic",
                    "bluetunic",
                    "sword1",
                    "sword2",
                    "sword3"
                  ],
                  [
                    "scale1",
                    "ironboots",
                    "hoverboots",
                    "shield1",
                    "shield2",
                    "shield3"
                  ],
                  [
                    "wallet1",
                    "magic",
                    "carpenter",
                    "card",
                    "agony",
                    "skulltula"
                  ],
                  [
                    "lullabycheck",
                    "eponacheck",
                    "sariacheck",
                    "suncheck",
                    "timecheck",
                    "stormcheck"
                  ],
                  [
                    "minuetcheck",
                    "bolerocheck",
                    "serenadecheck",
                    "requiemcheck",
                    "nocturnecheck",
                    "preludecheck"
                  ],
                  [
                    "forest",
                    "fire",
                    "water",
                    "spirit",
                    "shadow",
                    "free"
                  ],
                  [
                    "deku",
                    "dodongo",
                    "jabu",
                    "",
                    "",
                    ""
                  ]
                ]
              }
            },
            {
              "type": "group",
              "header": "Settings",
              "content": {
                "type": "itemgrid",
                "h_alignment": "left",
                "item_margin": "1,2",
                "rows": [
                  [
                    "type_bridge",
                    "open_forest",
                    "open_door",
                    "show_skulltulas",
                    "",
                    ""
                  ],
                  [
                    "type_lens",
                    "logic_chus",
                    "scrub_shuffle",
                    "shopsanity",
                    "",
                    ""
                  ]
                ]
              }
            }
          ]
        },
        {
          "type": "dock",
          "content": [
            {
              "type": "tabbed",
              "dock": "top",
              "tabs": [
                {
                  "title": "Child",
                  "icon": "images/sword1.png",
                  "content": {
                    "type": "map",
                    "maps": [
                      "child"
                    ]
                  }
                },
                {
                  "title": "Adult",
                  "icon": "images/sword2.png",
                  "content": {
                    "type": "map",
                    "maps": [
                      "adult"
                    ]
                  }
                }
              ]
            },
            {
              "type": "group",
              "header": "Pinned Locations",
              "margin": "3,0,0,0",
              "content": {
                "type": "recentpins",
                "style": "wrap",
                "h_alignment": "stretch",
                "v_alignment": "stretch",
                "orientation": "horizontal",
                "compact": true
              }
            }
          ]
        }
      ]
    }
  },
  "tracker_horizontal": {
    "type": "container",
    "background": "#212121",
    "content": {
      "type": "dock",
      "dropshadow": true,
      "content": [
        {
          "type": "dock",
          "dock": "bottom",
          "content": [
            {
              "type": "dock",
              "dock": "left",
              "margin": "0,0,3,0",
              "content": [
                {
                  "type": "group",
                  "header": "Items",
                  "dock": "top",
                  "content": {
                    "type": "itemgrid",
                    "h_alignment": "center",
                    "v_alignment": "center",
                    "item_margin": "1,2",
                    "rows": [
                      [
                        "sticks",
                        "nuts",
                        "bombs",
                        "bow",
                        "firearrow",
                        "dinsfire",
                        "sword1",
                        "sword2",
                        "sword3"
                      ],
                      [
                        "slingshot",
                        "ocarina",
                        "bombchu",
                        "hookshot",
                        "icearrow",
                        "faroreswind",
                        "shield1",
                        "shield2",
                        "shield3"
                      ],
                      [
                        "boomerang",
                        "lens",
                        "beans",
                        "hammer",
                        "lightarrow",
                        "nayruslove",
                        "lift1",
                        "redtunic",
                        "bluetunic"
                      ],
                      [
                        "bottle1",
                        "bottle2",
                        "bottle3",
                        "bottle4",
                        "adulttrade",
                        "kidtrade",
                        "scale1",
                        "ironboots",
                        "hoverboots"
                      ],
                      [
                        "lullabycheck",
                        "eponacheck",
                        "sariacheck",
                        "suncheck",
                        "timecheck",
                        "stormcheck",
                        "wallet1",
                        "magic",
                        "skulltula"
                      ],
                      [
                        "minuetcheck",
                        "bolerocheck",
                        "serenadecheck",
                        "requiemcheck",
                        "nocturnecheck",
                        "preludecheck",
                        "carpenter",
                        "card",
                        "agony"
                      ],
                      [
                        "forest",
                        "fire",
                        "water",
                        "spirit",
                        "shadow",
                        "free",
                        "deku",
                        "dodongo",
                        "jabu"
                      ],
                      [
                        "forest_label",
                        "fire_label",
                        "water_label",
                        "spirit_label",
                        "shadow_label",
                        "free_label",
                        "deku_label",
                        "dodongo_label",
                        "jabu_label"
                      ]
                    ]
                  }
                },
                {
                  "type": "group",
                  "header": "Settings",
                  "h_alignment": "stretch",
                  "content": {
                    "type": "itemgrid",
                    "h_alignment": "left",
                    "item_margin": "1,2",
                    "rows": [
                      [
                        "type_bridge",
                        "open_forest",
                        "open_door",
                        "show_skulltulas",
                        "",
                        ""
                      ],
                      [
                        "type_lens",
                        "logic_chus",
                        "scrub_shuffle",
                        "shopsanity",
                        "",
                        ""
                      ]
                    ]
                  }
                }
              ]
            },
            {
              "type": "group",
              "header": "Pinned Locations",
              "margin": "3,0,0,0",
              "content": {
                "type": "recentpins",
                "style": "wrap",
                "h_alignment": "stretch",
                "v_alignment": "stretch",
                "orientation": "horizontal",
                "compact": true
              }
            }
          ]
        },
        {
          "type": "tabbed",
          "tabs": [
            {
              "title": "Child",
              "icon": "images/sword1.png",
              "content": {
                "type": "map",
                "maps": [
                  "child"
                ]
              }
            },
            {
              "title": "Adult",
              "icon": "images/sword2.png",
              "content": {
                "type": "map",
                "maps": [
                  "adult"
                ]
              }
            }
          ]
        }
      ]
    }
  }
}