{
  "tracker_default": {
    "type": "container",
    "background": "#212121",
    "content": {
      "type": "dock",
      "dropshadow": true,
      "content": [
        {
          "type": "dock",
          "dock": "left",
          "v_alignment": "stretch",
          "margin": "0,0,3,0",
          "content": [
            {
              "type": "group",
              "header": "Items",
              "dock": "top",
              "content": {
                "type": "layout",
                "key": "item_grid_tall"
              }
            },
            {
              "type": "group",
              "header": "Settings",
              "content": {
                "type": "itemgrid",
                "h_alignment": "left",
                "item_margin": "1,2",
                "rows": [
                  [
                    "setting_forest",
                    "setting_kak",
                    "setting_door",
                    "setting_fountain",
                    "setting_gerudo",
                    "setting_bridge"
                  ],
                  [
                    "logic_chus",
                    "type_lens",
                    "fewer_tunics",
                    "beans_plant",
                    "",
                    ""
                  ],
                  [
                    "scrub_shuffle",
                    "shopsanity",
                    "cowsanity",
                    "all_skulltulas",
                    "",
                    ""
                  ]
                ]
              }
            }
          ]
        },
        {
          "type": "dock",
          "content": [
            {
              "type": "tabbed",
              "dock": "top",
              "tabs": [
                {
                  "title": "Child",
                  "icon": "images/sword1.png",
                  "content": {
                    "type": "map",
                    "maps": [
                      "child"
                    ]
                  }
                },
                {
                  "title": "Adult",
                  "icon": "images/sword2.png",
                  "content": {
                    "type": "map",
                    "maps": [
                      "adult"
                    ]
                  }
                },
                {
                  "title": "Gossip Stones",
                  "icon": "images/gossip_stone.png",
                  "content": {
                    "type": "map",
                    "maps": [
                      "gossips"
                    ]
                  }
                }
              ]
            },
            {
              "type": "group",
              "header": "Pinned Locations",
              "margin": "3,0,0,0",
              "content": {
                "type": "recentpins",
                "style": "wrap",
                "h_alignment": "stretch",
                "v_alignment": "stretch",
                "orientation": "horizontal",
                "compact": true
              }
            }
          ]
        }
      ]
    }
  },
  "tracker_horizontal_old": {
    "type": "container",
    "background": "#212121",
    "content": {
      "type": "dock",
      "dropshadow": true,
      "content": [
        {
          "type": "dock",
          "dock": "bottom",
          "content": [
            {
              "type": "dock",
              "dock": "left",
              "margin": "0,0,3,0",
              "content": [
                {
                  "type": "group",
                  "header": "Items",
                  "dock": "top",
                  "content": {
                    "type": "layout",
                    "key": "item_grid_wide"
                  }
                },
                {
                  "type": "group",
                  "header": "Settings",
                  "h_alignment": "stretch",
                  "content": {
                    "type": "itemgrid",
                    "h_alignment": "left",
                    "item_margin": "1,2",
                    "rows": [
                      [
                        "setting_forest",
                        "setting_kak",
                        "setting_door",
                        "setting_fountain",
                        "setting_gerudo",
                        "setting_bridge",
                        "",
                        "",
                        ""
                      ],
                      [
                        "logic_chus",
                        "type_lens",
                        "fewer_tunics",
                        "beans_plant",
                        "scrub_shuffle",
                        "shopsanity",
                        "cowsanity",
                        "all_skulltulas",
                        ""
                      ]
                    ]
                  }
                }
              ]
            },
            {
              "type": "group",
              "header": "Pinned Locations",
              "margin": "3,0,0,0",
              "content": {
                "type": "recentpins",
                "style": "wrap",
                "h_alignment": "stretch",
                "v_alignment": "stretch",
                "orientation": "horizontal",
                "compact": true
              }
            }
          ]
        },
        {
          "type": "tabbed",
          "tabs": [
            {
              "title": "Child",
              "icon": "images/sword1.png",
              "content": {
                "type": "map",
                "maps": [
                  "child"
                ]
              }
            },
            {
              "title": "Adult",
              "icon": "images/sword2.png",
              "content": {
                "type": "map",
                "maps": [
                  "adult"
                ]
              }
            },
            {
              "title": "Gossip Stones",
              "icon": "images/gossip_stone.png",
              "content": {
                "type": "map",
                "maps": [
                  "gossips"
                ]
              }
            }
          ]
        }
      ]
    }
  }
}