[
  {
    "name": "Deku Tree",
    "parent": "Forest C",
    "access_rules": [
      "deku_reg,open_forest",
      "deku_reg,sword1,shield1"
    ],
    "sections": [
      {
        "name": "Map Chest",
        "item_count": 1
      },
      {
        "name": "Slingshot Room",
        "access_rules": [
          "shield1"
        ],
        "item_count": 2
      },
      {
        "name": "Compass Room",
        "item_count": 2
      },
      {
        "name": "Basement",
        "item_count": 1
      },
      {
        "name": "Queen Gohma",
        "access_rules": [
          "[sling],shield1"
        ],
        "hosted_item": "deku",
        "chest_unopened_img": "images/HC.png",
        "chest_opened_img": "images/HC_grey.png",
        "item_count": 1
      }
    ],
    "map_locations": [
      {
        "map": "child",
        "x": 2426,
        "y": 860
      }
    ],
    "children": [
      {
        "name": "Deku Tree Skulltulas",
        "access_rules": [
          "dungeon_skulltulas"
        ],
        "sections": [
          {
            "name": "GS8 - Compass Room",
            "short_name": "Compass Room",
            "chest_unopened_img": "images/skulltula.png",
            "chest_opened_img": "images/skulltula_token.png",
            "item_count": 1
          },
          {
            "name": "GS9 - Basement Vines",
            "short_name": "Vines",
            "access_rules": [
              "sticks,[sling]",
              "sticks,[@logic/explosives]",
              "sticks,[boomerang]",
              "sticks,[dinsfire],[magic]",
              "sword1,[sling]",
              "sword1,[@logic/explosives]",
              "sword1,[boomerang]",
              "sword1,[dinsfire],[magic]",
              "sling",
              "@logic/explosives",
              "boomerang",
              "dinsfire,magic"
            ],
            "chest_unopened_img": "images/skulltula.png",
            "chest_opened_img": "images/skulltula_token.png",
            "item_count": 1
          },
          {
            "name": "GS10 - Basement Gate",
            "short_name": "Gate",
            "chest_unopened_img": "images/skulltula.png",
            "chest_opened_img": "images/skulltula_token.png",
            "item_count": 1
          },
          {
            "name": "GS11 - Basement Back Room",
            "short_name": "Back Room",
            "access_rules": [
              "@logic/explosives,boomerang"
            ],
            "chest_unopened_img": "images/skulltula.png",
            "chest_opened_img": "images/skulltula_token.png",
            "item_count": 1
          }
        ],
        "map_locations": [
          {
            "map": "child",
            "x": 2460,
            "y": 860
          }
        ]
      }
    ]
  },
  {
    "name": "Dodongos Cavern",
    "parent": "Death Mountain C",
    "access_rules": [
      "dodongo_reg,@logic/can blast",
      "dodongo_reg,lift1"
    ],
    "sections": [
      {
        "name": "Map Chest",
        "item_count": 1
      },
      {
        "name": "Compass Chest",
        "item_count": 1
      },
      {
        "name": "Small Chest Upstairs",
        "access_rules": [
          "@logic/explosives",
          "lift1",
          "dinsfire,magic",
          "sword2,bow"
        ],
        "item_count": 1
      },
      {
        "name": "Bomb Bag Chest",
        "access_rules": [
          "@Dodongos Cavern/Small Chest Upstairs,[sling]",
          "@Dodongos Cavern/Small Chest Upstairs,sword2,[bow]",
          "@Dodongos Cavern/Small Chest Upstairs,sword2,[hoverboots]",
          "@Dodongos Cavern/Small Chest Upstairs,sword2,[longshot]"
        ],
        "item_count": 1
      },
      {
        "name": "End of Bridge",
        "access_rules": [
          "@Dodongos Cavern/Bomb Bag Chest,@logic/can blast"
        ],
        "item_count": 1
      },
      {
        "name": "Above Boss",
        "access_rules": [
          "@Dodongos Cavern/Bomb Bag Chest,@logic/explosives",
          "{agony}"
        ],
        "item_count": 1
      },
      {
        "name": "King Dodongo",
        "access_rules": [
          "@Dodongos Cavern/Bomb Bag Chest,@logic/explosives"
        ],
        "hosted_item": "dodongo",
        "chest_unopened_img": "images/HC.png",
        "chest_opened_img": "images/HC_grey.png",
        "item_count": 1
      }
    ],
    "map_locations": [
      {
        "map": "child",
        "visibility_rules": [
          "@logic/explosives",
          "lift1"
        ],
        "x": 1684,
        "y": 220
      },
      {
        "map": "adult",
        "visibility_rules": [
          "sword2"
        ],
        "x": 1684,
        "y": 220
      }
    ],
    "children": [
      {
        "name": "Dodongos Cavern Skulltulas",
        "access_rules": [
          "dungeon_skulltulas"
        ],
        "sections": [
          {
            "name": "GS38 - Bombable Wall Right Hallway",
            "short_name": "Right Bombable",
            "chest_unopened_img": "images/skulltula.png",
            "chest_opened_img": "images/skulltula_token.png",
            "item_count": 1
          },
          {
            "name": "GS39 - Staircase Room on Vines",
            "short_name": "Vines",
            "access_rules": [
              "@Dodongos Cavern/Small Chest Upstairs,@logic/explosives",
              "@Dodongos Cavern/Small Chest Upstairs,boomerang",
              "@Dodongos Cavern/Small Chest Upstairs,sling",
              "@Dodongos Cavern/Small Chest Upstairs,dinsfire,magic",
              "@Dodongos Cavern/Small Chest Upstairs,sword2,hookshot",
              "@Dodongos Cavern/Small Chest Upstairs,sword2,bow"
            ],
            "chest_unopened_img": "images/skulltula.png",
            "chest_opened_img": "images/skulltula_token.png",
            "item_count": 1
          },
          {
            "name": "GS40 - Before Boss Room Bombable",
            "short_name": "Back Room",
            "access_rules": [
              "@Dodongos Cavern/King Dodongo"
            ],
            "chest_unopened_img": "images/skulltula.png",
            "chest_opened_img": "images/skulltula_token.png",
            "item_count": 1
          },
          {
            "name": "GS41 - Top of Stairs, Re-enter",
            "short_name": "Top of Stairs",
            "access_rules": [
              "@Dodongos Cavern/Bomb Bag Chest,boomerang,@logic/explosives",
              "@Dodongos Cavern/Bomb Bag Chest,boomerang,lift1",
              "@Dodongos Cavern/Bomb Bag Chest,sword2,hookshot",
              "@Dodongos Cavern/Small Chest Upstairs,sword2,longshot"
            ],
            "chest_unopened_img": "images/skulltula.png",
            "chest_opened_img": "images/skulltula_token.png",
            "item_count": 1
          },
          {
            "name": "GS42 - Scarecrow Song",
            "short_name": "Scarecrow",
            "access_rules": [
              "sword2,ocarina,[scarecrow],hookshot",
              "sword2,longshot"
            ],
            "chest_unopened_img": "images/skulltula.png",
            "chest_opened_img": "images/skulltula_token.png",
            "item_count": 1
          }
        ],
        "map_locations": [
          {
            "map": "child",
            "x": 1650,
            "y": 220
          },
          {
            "map": "adult",
            "visibility_rules": [
              "sword2"
            ],
            "x": 1650,
            "y": 220
          }
        ]
      },
      {
        "name": "Dodongos Cavern Scrubs",
        "access_rules": [
          "scrub_shuffle_yes"
        ],
        "sections": [
          {
            "name": "Main Room - Deku Shield",
            "short_name": "Main Room",
            "chest_unopened_img": "images/deku_scrub.png",
            "chest_opened_img": "images/deku_scrub_grey.png",
            "item_count": 1
          },
          {
            "name": "1F Right - Deku Stick",
            "short_name": "1F Right",
            "access_rules": [
              "sword2",
              "sword1",
              "sticks",
              "sling",
              "@logic/explosives"
            ],
            "chest_unopened_img": "images/deku_scrub.png",
            "chest_opened_img": "images/deku_scrub_grey.png",
            "item_count": 1
          },
          {
            "name": "2F Near Bomb Chest",
            "short_name": "2F Bomb Chest",
            "access_rules": [
              "@Dodongos Cavern/Small Chest Upstairs,@logic/can blast"
            ],
            "chest_unopened_img": "images/deku_scrub.png",
            "chest_opened_img": "images/deku_scrub_grey.png",
            "item_count": 2
          }
        ],
        "map_locations": [
          {
            "map": "child",
            "x": 1650,
            "y": 252
          },
          {
            "map": "adult",
            "visibility_rules": [
              "sword2"
            ],
            "x": 1650,
            "y": 252
          }
        ]
      }
    ]
  },
  {
    "name": "Jabu Jabus Belly",
    "parent": "Zoras Fountain C",
    "access_rules": [
      "jabu_reg,sling",
      "jabu_reg,@logic/explosives",
      "jabu_reg,boomerang"
    ],
    "sections": [
      {
        "name": "Boomerang Chest",
        "item_count": 1
      },
      {
        "name": "Map Chest",
        "access_rules": [
          "boomerang"
        ],
        "item_count": 1
      },
      {
        "name": "Compass Chest",
        "access_rules": [
          "boomerang"
        ],
        "item_count": 1
      },
      {
        "name": "Barinade",
        "access_rules": [
          "boomerang"
        ],
        "hosted_item": "jabu",
        "chest_unopened_img": "images/HC.png",
        "chest_opened_img": "images/HC_grey.png",
        "item_count": 1
      }
    ],
    "map_locations": [
      {
        "map": "child",
        "x": 2488,
        "y": 328
      }
    ],
    "children": [
      {
        "name": "Jabu Jabu Skulltulas",
        "access_rules": [
          "dungeon_skulltulas"
        ],
        "sections": [
          {
            "name": "GS51 - Water Switch Room",
            "short_name": "Water Switch",
            "chest_unopened_img": "images/skulltula.png",
            "chest_opened_img": "images/skulltula_token.png",
            "item_count": 1
          },
          {
            "name": "GS52 - Wall Near Bigocto",
            "short_name": "Bigocto 1",
            "access_rules": [
              "boomerang"
            ],
            "chest_unopened_img": "images/skulltula.png",
            "chest_opened_img": "images/skulltula_token.png",
            "item_count": 1
          },
          {
            "name": "GS53 - Wall Near Bigocto (further away)",
            "short_name": "Bigocto 2",
            "access_rules": [
              "boomerang"
            ],
            "chest_unopened_img": "images/skulltula.png",
            "chest_opened_img": "images/skulltula_token.png",
            "item_count": 1
          },
          {
            "name": "GS54 - Room Before Barinade",
            "short_name": "Before Boss",
            "access_rules": [
              "boomerang"
            ],
            "chest_unopened_img": "images/skulltula.png",
            "chest_opened_img": "images/skulltula_token.png",
            "item_count": 1
          }
        ],
        "map_locations": [
          {
            "map": "child",
            "x": 2476,
            "y": 293
          }
        ]
      },
      {
        "name": "Jabu Jabu Scrubs",
        "access_rules": [
          "scrub_shuffle_yes"
        ],
        "sections": [
          {
            "name": "B1 Under Water",
            "short_name": "B1 Under Water",
            "chest_unopened_img": "images/deku_scrub.png",
            "chest_opened_img": "images/deku_scrub_grey.png",
            "item_count": 1
          }
        ],
        "map_locations": [
          {
            "map": "child",
            "x": 2458,
            "y": 328
          }
        ]
      }
    ]
  },
  {
    "name": "Forest Temple",
    "parent": "Sacred Forest Meadow A",
    "access_rules": [
      "forest_reg,hookshot"
    ],
    "sections": [
      {
        "name": "First room",
        "item_count": 1
      },
      {
        "name": "Stalfos",
        "item_count": 1
      },
      {
        "name": "Map Chest",
        "access_rules": [
          "ocarina,time",
          "bow,[ironboots]",
          "bow,[scale2]",
          "forest_small_keys:1,hoverboots"
        ],
        "item_count": 1
      },
      {
        "name": "Below Scarecrow",
        "access_rules": [
          "ocarina,time",
          "bow",
          "forest_small_keys:1,hoverboots"
        ],
        "item_count": 1
      },
      {
        "name": "Inside well",
        "access_rules": [
          "@Forest Temple/Map Chest"
        ],
        "item_count": 1
      },
      {
        "name": "Block Room Eye",
        "access_rules": [
          "forest_small_keys:1,lift1,bow"
        ],
        "item_count": 1
      },
      {
        "name": "Boss Key Chest",
        "access_rules": [
          "forest_small_keys:2,bow,lift1"
        ],
        "chest_unopened_img": "images/chest_golden_closed.png",
        "chest_opened_img": "images/chest_golden_open.png",
        "item_count": 1
      },
      {
        "name": "Floormaster",
        "access_rules": [
          "@Forest Temple/Boss Key Chest",
          "forest_small_keys:1,hoverboots",
          "{agony}"
        ],
        "capture_item": true,
        "item_count": 1
      },
      {
        "name": "Red Poe",
        "access_rules": [
          "forest_small_keys:3,lift1,bow"
        ],
        "item_count": 1
      },
      {
        "name": "Bow Chest",
        "access_rules": [
          "forest_small_keys:3,lift1"
        ],
        "item_count": 1
      },
      {
        "name": "Blue Poe",
        "access_rules": [
          "forest_small_keys:3,lift1,bow"
        ],
        "item_count": 1
      },
      {
        "name": "Checkerboard",
        "access_rules": [
          "forest_small_keys:5,lift1,bow",
          "forest_small_keys:5,lift1,dinsfire,magic"
        ],
        "item_count": 1
      },
      {
        "name": "Basement",
        "access_rules": [
          "@Forest Temple/Checkerboard"
        ],
        "item_count": 1
      },
      {
        "name": "Phantom Ganon",
        "access_rules": [
          "@Forest Temple/Basement,forest_boss_key"
        ],
        "hosted_item": "forest",
        "chest_unopened_img": "images/HC.png",
        "chest_opened_img": "images/HC_grey.png",
        "item_count": 1
      }
    ],
    "map_locations": [
      {
        "map": "adult",
        "x": 2148,
        "y": 586
      }
    ],
    "children": [
      {
        "name": "Forest Temple Skulltulas",
        "access_rules": [
          "dungeon_skulltulas"
        ],
        "sections": [
          {
            "name": "GS60 - Vines At Entrance",
            "short_name": "First Room",
            "chest_unopened_img": "images/skulltula.png",
            "chest_opened_img": "images/skulltula_token.png",
            "item_count": 1
          },
          {
            "name": "GS61 - Wall Northern Main Room",
            "short_name": "Main Room",
            "chest_unopened_img": "images/skulltula.png",
            "chest_opened_img": "images/skulltula_token.png",
            "item_count": 1
          },
          {
            "name": "GS62 - Below Scarecrow",
            "short_name": "Scarecrow",
            "access_rules": [
              "@Forest Temple/Below Scarecrow"
            ],
            "chest_unopened_img": "images/skulltula.png",
            "chest_opened_img": "images/skulltula_token.png",
            "item_count": 1
          },
          {
            "name": "GS63 - Wall Near Columns",
            "short_name": "Columns",
            "access_rules": [
              "@Forest Temple/Map Chest,longshot",
              "@Forest Temple/Floormaster,hookshot"
            ],
            "chest_unopened_img": "images/skulltula.png",
            "chest_opened_img": "images/skulltula_token.png",
            "item_count": 1
          },
          {
            "name": "GS64 - Basement Room",
            "short_name": "Basement",
            "access_rules": [
              "@Forest Temple/Basement"
            ],
            "chest_unopened_img": "images/skulltula.png",
            "chest_opened_img": "images/skulltula_token.png",
            "item_count": 1
          }
        ],
        "map_locations": [
          {
            "map": "adult",
            "x": 2180,
            "y": 586
          }
        ]
      }
    ]
  },
  {
    "name": "Fire Temple",
    "parent": "Death Mountain Crater A",
    "access_rules": [
      "fire_reg,@Sheik in Crater,@logic/redtunic"
    ],
    "sections": [
      {
        "name": "Near Boss Door",
        "item_count": 1
      },
      {
        "name": "Flare Dancer",
        "access_rules": [
          "hammer"
        ],
        "item_count": 1
      },
      {
        "name": "Boss Key Chest",
        "access_rules": [
          "hammer"
        ],
        "chest_unopened_img": "images/chest_golden_closed.png",
        "chest_opened_img": "images/chest_golden_open.png",
        "item_count": 1
      },
      {
        "name": "North Lava Room",
        "access_rules": [
          "fire_small_keys:1"
        ],
        "item_count": 1
      },
      {
        "name": "South Lava Room",
        "access_rules": [
          "fire_small_keys:1,@logic/explosives"
        ],
        "item_count": 1
      },
      {
        "name": "South Boulder Maze",
        "access_rules": [
          "fire_small_keys:3,[lift1],[redtunic]"
        ],
        "item_count": 1
      },
      {
        "name": "North Boulder Maze",
        "access_rules": [
          "@Fire Temple/South Boulder Maze"
        ],
        "item_count": 1
      },
      {
        "name": "Map Chest",
        "access_rules": [
          "@Fire Temple/South Boulder Maze,fire_small_keys:4,bow",
          "@Fire Temple/South Boulder Maze,fire_small_keys:5"
        ],
        "item_count": 1
      },
      {
        "name": "Above Boulder Maze",
        "access_rules": [
          "@Fire Temple/South Boulder Maze,fire_small_keys:5"
        ],
        "item_count": 1
      },
      {
        "name": "Shortcut",
        "access_rules": [
          "@Fire Temple/Above Boulder Maze,@logic/explosives"
        ],
        "item_count": 1
      },
      {
        "name": "Scarecrow",
        "access_rules": [
          "@Fire Temple/Above Boulder Maze,ocarina,[scarecrow],hookshot",
          "{agony}"
        ],
        "capture_item": true,
        "item_count": 1
      },
      {
        "name": "Compass Chest",
        "access_rules": [
          "@Fire Temple/Above Boulder Maze,fire_small_keys:6"
        ],
        "item_count": 1
      },
      {
        "name": "Time Block Room",
        "access_rules": [
          "@Fire Temple/Compass Chest,fire_small_keys:7,hammer,ocarina,time",
          "@Fire Temple/Compass Chest,fire_small_keys:7,@logic/explosives,hammer,[ocarina],[time]",
          "@Fire Temple/Compass Chest,hammer,hoverboots,[ocarina],[time]",
        ],
        "item_count": 1
      },
      {
        "name": "Hammer Chest",
        "access_rules": [
          "@Fire Temple/Compass Chest,fire_small_keys:7,@logic/explosives",
          "@Fire Temple/Compass Chest,hoverboots,hammer,@logic/explosives",
          "{agony}"
        ],
        "capture_item": true,
        "item_count": 1
      },
      {
        "name": "Volvagia",
        "access_rules": [
          "@Fire Temple/Compass Chest,fire_small_keys:7,@logic/explosives,fire_boss_key,hammer",
          "hoverboots,fire_boss_key,hammer,[redtunic]"
        ],
        "hosted_item": "fire",
        "chest_unopened_img": "images/HC.png",
        "chest_opened_img": "images/HC_grey.png",
        "item_count": 1
      }
    ],
    "map_locations": [
      {
        "map": "adult",
        "x": 1912,
        "y": 80
      }
    ],
    "children": [
      {
        "name": "Fire Temple Skulltulas",
        "access_rules": [
          "dungeon_skulltulas"
        ],
        "sections": [
          {
            "name": "GS65 - Time Block First Room",
            "short_name": "Time Block",
            "access_rules": [
              "@Fire Temple/North Lava Room,ocarina,time"
            ],
            "chest_unopened_img": "images/skulltula.png",
            "chest_opened_img": "images/skulltula_token.png",
            "item_count": 1
          },
          {
            "name": "GS66 - Bombable Wall Boulder Maze",
            "short_name": "Boulder Maze",
            "access_rules": [
              "@Fire Temple/North Boulder Maze,@logic/explosives"
            ],
            "chest_unopened_img": "images/skulltula.png",
            "chest_opened_img": "images/skulltula_token.png",
            "item_count": 1
          },
          {
            "name": "GS67 - Top Floor Scarecrow",
            "short_name": "Scarecrow 1",
            "access_rules": [
              "@Fire Temple/Scarecrow"
            ],
            "chest_unopened_img": "images/skulltula.png",
            "chest_opened_img": "images/skulltula_token.png",
            "item_count": 1
          },
          {
            "name": "GS68 - Top Floor Through Door",
            "short_name": "Scarecrow 2",
            "access_rules": [
              "@Fire Temple/Scarecrow"
            ],
            "chest_unopened_img": "images/skulltula.png",
            "chest_opened_img": "images/skulltula_token.png",
            "item_count": 1
          },
          {
            "name": "GS69 - Near Boss Key Chest",
            "short_name": "Near BK",
            "access_rules": [
              "@Fire Temple/Flare Dancer"
            ],
            "chest_unopened_img": "images/skulltula.png",
            "chest_opened_img": "images/skulltula_token.png",
            "item_count": 1
          }
        ],
        "map_locations": [
          {
            "map": "adult",
            "x": 1912,
            "y": 115
          }
        ]
      }
    ]
  },
  {
    "name": "Water Temple",
    "parent": "Lake Hylia A",
    "access_rules": [
      "water_reg,ironboots,hookshot,@logic/bluetunic"
    ],
    "sections": [
      {
        "name": "Map Chest",
        "item_count": 1
      },
      {
        "name": "Compass Chest",
        "item_count": 1
      },
      {
        "name": "Torch Chest",
        "access_rules": [
          "ocarina,lullaby,bow",
          "ocarina,lullaby,dinsfire,magic"
        ],
        "item_count": 1
      },
      {
        "name": "Dragon Chest",
        "access_rules": [
          "ocarina,lullaby,lift1",
          "water_small_keys:2,ocarina,time,bow"
        ],
        "item_count": 1
      },
      {
        "name": "Basement",
        "access_rules": [
          "water_small_keys:1,ocarina,lullaby,[bluetunic]",
          "ocarina,lullaby,bow,[bluetunic]",
          "ocarina,lullaby,dinsfire,magic,[bluetunic]"
        ],
        "item_count": 1
      },
      {
        "name": "Cracked Wall",
        "access_rules": [
          "@Water Temple/Basement,@logic/explosives",
          "bombchu"
        ],
        "item_count": 1
      },
      {
        "name": "Center Eye Switch",
        "access_rules": [
          "ocarina,lullaby,bow,lift1,hoverboots",
          "ocarina,lullaby,bow,lift1,longshot"
        ],
        "item_count": 1
      },
      {
        "name": "Dark Link",
        "access_rules": [
          "water_small_keys:2"
        ],
        "item_count": 1
      },
      {
        "name": "River",
        "access_rules": [
          "water_small_keys:2,ocarina,time,bow",
          "{agony}"
        ],
        "capture_item": true,
        "item_count": 1
      },
      {
        "name": "Boss Key Chest",
        "access_rules": [
          "water_small_keys:2,longshot,hoverboots",
          "water_small_keys:2,longshot,@logic/explosives,lift1",
          "{agony}"
        ],
        "capture_item": true,
        "chest_unopened_img": "images/chest_golden_closed.png",
        "chest_opened_img": "images/chest_golden_open.png",
        "item_count": 1
      },
      {
        "name": "Morpha",
        "access_rules": [
          "longshot,water_boss_key"
        ],
        "hosted_item": "water",
        "chest_unopened_img": "images/HC.png",
        "chest_opened_img": "images/HC_grey.png",
        "item_count": 1
      }
    ],
    "map_locations": [
      {
        "map": "adult",
        "x": 1015,
        "y": 1380
      }
    ],
    "children": [
      {
        "name": "Water Temple Skulltulas",
        "access_rules": [
          "dungeon_skulltulas"
        ],
        "sections": [
          {
            "name": "GS73 - Bottom South, Hit Switch Spin Attack",
            "short_name": "Bottom South",
            "access_rules": [
              "@logic/explosives,ocarina,lullaby"
            ],
            "chest_unopened_img": "images/skulltula.png",
            "chest_opened_img": "images/skulltula_token.png",
            "item_count": 1
          },
          {
            "name": "GS74 - River After Dark Link",
            "short_name": "River",
            "access_rules": [
              "@Water Temple/Dark Link,ocarina,time"
            ],
            "chest_unopened_img": "images/skulltula.png",
            "chest_opened_img": "images/skulltula_token.png",
            "item_count": 1
          },
          {
            "name": "GS75 - Center Pillar Inside",
            "short_name": "Center Pillar",
            "access_rules": [
              "water_small_keys:1,ocarina,lullaby,longshot",
              "water_small_keys:1,ocarina,lullaby,faroreswind,magic",
              "ocarina,lullaby,bow,longshot",
              "ocarina,lullaby,bow,faroreswind,magic",
              "ocarina,lullaby,dinsfire,magic,longshot",
              "ocarina,lullaby,dinsfire,magic,faroreswind"
            ],
            "chest_unopened_img": "images/skulltula.png",
            "chest_opened_img": "images/skulltula_token.png",
            "item_count": 1
          },
          {
            "name": "GS76 - Platform Room Before Dark Link",
            "short_name": "Platform Room",
            "access_rules": [
              "water_small_keys:1,longshot",
              "water_small_keys:1,hookshot,[longshot]"
            ],
            "chest_unopened_img": "images/skulltula.png",
            "chest_opened_img": "images/skulltula_token.png",
            "item_count": 1
          },
          {
            "name": "GS77 - Bottom Rolling Rocks Room",
            "short_name": "Rolling Rocks",
            "access_rules": [
              "water_small_keys:1,longshot,@logic/explosives,lift1",
              "water_small_keys:1,longshot,hoverboots"
            ],
            "chest_unopened_img": "images/skulltula.png",
            "chest_opened_img": "images/skulltula_token.png",
            "item_count": 1
          }
        ],
        "map_locations": [
          {
            "map": "adult",
            "x": 980,
            "y": 1380
          }
        ]
      }
    ]
  },
  {
    "name": "Shadow Temple",
    "parent": "Kakariko A",
    "access_rules": [
      "shadow_reg,ocarina,nocturne,dinsfire,magic,@logic/lens,sword2,hoverboots",
      "shadow_reg,ocarina,nocturne,dinsfire,magic,@logic/lens,sword2,hookshot"
    ],
    "sections": [
      {
        "name": "Map Chest",
        "item_count": 1
      },
      {
        "name": "Deadhand",
        "item_count": 1
      },
      {
        "name": "Compass Chest",
        "access_rules": [
          "hoverboots"
        ],
        "item_count": 1
      },
      {
        "name": "Early Silver Rupees",
        "access_rules": [
          "hoverboots"
        ],
        "item_count": 1
      },
      {
        "name": "Like-Like Room",
        "access_rules": [
          "shadow_small_keys:1,hoverboots,@logic/explosives"
        ],
        "clear_as_group": false,
        "item_count": 2
      },
      {
        "name": "Falling Spikes Lower",
        "access_rules": [
          "@Shadow Temple/Like-Like Room"
        ],
        "item_count": 1
      },
      {
        "name": "Falling Spikes Upper",
        "access_rules": [
          "@Shadow Temple/Like-Like Room,lift1"
        ],
        "item_count": 2
      },
      {
        "name": "Invisible Spikes",
        "access_rules": [
          "@Shadow Temple/Like-Like Room,shadow_small_keys:2"
        ],
        "item_count": 1
      },
      {
        "name": "Skull Pot Key",
        "access_rules": [
          "@Shadow Temple/Invisible Spikes,hookshot"
        ],
        "item_count": 1
      },
      {
        "name": "Wind Hint Room",
        "access_rules": [
          "@Shadow Temple/Invisible Spikes,hookshot,shadow_small_keys:3"
        ],
        "item_count": 1
      },
      {
        "name": "After Wind Room",
        "access_rules": [
          "@Shadow Temple/Wind Hint Room"
        ],
        "clear_as_group": false,
        "item_count": 2
      },
      {
        "name": "Boss Key Room",
        "access_rules": [
          "@Shadow Temple/After Wind Room,shadow_small_keys:4,ocarina,lullaby"
        ],
        "item_count": 1
      },
      {
        "name": "Boss Key Chest",
        "access_rules": [
          "@Shadow Temple/After Wind Room,shadow_small_keys:4,ocarina,lullaby"
        ],
        "chest_unopened_img": "images/chest_golden_closed.png",
        "chest_opened_img": "images/chest_golden_open.png",
        "item_count": 1
      },
      {
        "name": "Floormaster",
        "access_rules": [
          "@Shadow Temple/After Wind Room,shadow_small_keys:4,ocarina,lullaby",
          "{agony}"
        ],
        "capture_item": true,
        "item_count": 1
      },
      {
        "name": "Bongo Bongo",
        "access_rules": [
          "@Shadow Temple/Boss Key Room,shadow_boss_key,shadow_small_keys:5,bow",
          "@Shadow Temple/Boss Key Room,shadow_boss_key,shadow_small_keys:5,longshot,ocarina,[scarecrow]"
        ],
        "hosted_item": "shadow",
        "chest_unopened_img": "images/HC.png",
        "chest_opened_img": "images/HC_grey.png",
        "item_count": 1
      }
    ],
    "map_locations": [
      {
        "map": "adult",
        "x": 2144,
        "y": 326
      }
    ],
    "children": [
      {
        "name": "Shadow Temple Skulltulas",
        "access_rules": [
          "dungeon_skulltulas"
        ],
        "sections": [
          {
            "name": "GS81 - Like-Like Room",
            "short_name": "Like-Like",
            "access_rules": [
              "@Shadow Temple/Like-Like Room,[hookshot]"
            ],
            "chest_unopened_img": "images/skulltula.png",
            "chest_opened_img": "images/skulltula_token.png",
            "item_count": 1
          },
          {
            "name": "GS82 - Falling Spikes Room",
            "short_name": "Falling Spikes",
            "access_rules": [
              "@Shadow Temple/Like-Like Room,hookshot"
            ],
            "chest_unopened_img": "images/skulltula.png",
            "chest_opened_img": "images/skulltula_token.png",
            "item_count": 1
          },
          {
            "name": "GS83 - Bombable Skull Room",
            "short_name": "Bombable Skull",
            "access_rules": [
              "@Shadow Temple/Skull Pot Key"
            ],
            "chest_unopened_img": "images/skulltula.png",
            "chest_opened_img": "images/skulltula_token.png",
            "item_count": 1
          },
          {
            "name": "GS84 - Near Boat",
            "short_name": "Near Boat",
            "access_rules": [
              "@Shadow Temple/After Wind Room,shadow_small_keys:4,longshot"
            ],
            "chest_unopened_img": "images/skulltula.png",
            "chest_opened_img": "images/skulltula_token.png",
            "item_count": 1
          },
          {
            "name": "GS85 - Three Skulls Room",
            "short_name": "Three Skulls",
            "access_rules": [
              "@Shadow Temple/Boss Key Room"
            ],
            "chest_unopened_img": "images/skulltula.png",
            "chest_opened_img": "images/skulltula_token.png",
            "item_count": 1
          }
        ],
        "map_locations": [
          {
            "map": "adult",
            "x": 2106,
            "y": 310
          }
        ]
      }
    ]
  },
  {
    "name": "Spirit Temple",
    "parent": "Colossus",
    "access_rules": [
      "spirit_reg,@logic/colossus"
    ],
    "sections": [
      {
        "name": "Lower Child",
        "access_rules": [
          "ocarina,requiem,boomerang",
          "ocarina,requiem,sling",
          "ocarina,requiem,@logic/bombchus"
        ],
        "clear_as_group": false,
        "item_count": 2
      },
      {
        "name": "Upper Child",
        "access_rules": [
          "@Spirit Temple/Lower Child,spirit_small_keys:1",
          "@Spirit Temple/Mirror Room"
        ],
        "item_count": 2
      },
      {
        "name": "Torch Puzzle",
        "access_rules": [
          "@Spirit Temple/Lower Child,spirit_small_keys:1,@logic/explosives,sticks",
          "@Spirit Temple/Lower Child,spirit_small_keys:1,@logic/explosives,dinsfire,magic",
          "@Spirit Temple/Mirror Room,@logic/has fire"
        ],
        "item_count": 1
      },
      {
        "name": "Southern Hand",
        "access_rules": [
          "@Spirit Temple/Lower Child,spirit_small_keys:2,@logic/explosives",
          "@Spirit Temple/Mirror Room,spirit_small_keys:2",
          "{agony}"
        ],
        "capture_item": true,
        "item_count": 1
      },
      {
        "name": "Compass Chest",
        "access_rules": [
          "sword2,lift2,ocarina,lullaby,hookshot"
        ],
        "item_count": 1
      },
      {
        "name": "Boulder Room",
        "access_rules": [
          "sword2,lift2,hookshot",
          "sword2,lift2,bow",
          "sword2,lift2,@logic/explosives"
        ],
        "item_count": 1
      },
      {
        "name": "Mirror Room",
        "access_rules": [
          "sword2,lift2,spirit_small_keys:1"
        ],
        "item_count": 2
      },
      {
        "name": "Map Chest",
        "access_rules": [
          "@Spirit Temple/Mirror Room,@logic/has fire",
          "@Spirit Temple/Mirror Room,bow",
          "@Spirit Temple/Lower Child,spirit_small_keys:1,@logic/explosives,sticks",
          "@Spirit Temple/Lower Child,spirit_small_keys:1,@logic/explosives,dinsfire,magic"
        ],
        "item_count": 1
      },
      {
        "name": "Statue Hand",
        "access_rules": [
          "@Spirit Temple/Mirror Room,ocarina,lullaby"
        ],
        "item_count": 1
      },
      {
        "name": "Statue Ledge",
        "access_rules": [
          "@Spirit Temple/Statue Hand,hookshot",
          "@Spirit Temple/Statue Hand,hoverboots"
        ],
        "item_count": 1
      },
      {
        "name": "Near Armos",
        "access_rules": [
          "@Spirit Temple/Mirror Room,spirit_small_keys:2,@logic/explosives,shield3"
        ],
        "item_count": 1
      },
      {
        "name": "Invisible Hallway",
        "access_rules": [
          "@Spirit Temple/Mirror Room,spirit_small_keys:2,@logic/explosives,@logic/lens"
        ],
        "item_count": 2
      },
      {
        "name": "Northern Hand",
        "access_rules": [
          "@Spirit Temple/Mirror Room,spirit_small_keys:2,@logic/explosives",
          "{agony}"
        ],
        "capture_item": true,
        "item_count": 1
      },
      {
        "name": "Boss Key Chest",
        "access_rules": [
          "@Spirit Temple/Mirror Room,spirit_small_keys:3,@logic/explosives,ocarina,lullaby,[bow],[hookshot]"
        ],
        "chest_unopened_img": "images/chest_golden_closed.png",
        "chest_opened_img": "images/chest_golden_open.png",
        "item_count": 1
      },
      {
        "name": "Topmost Sun",
        "access_rules": [
          "@Spirit Temple/Near Armos,spirit_small_keys:3"
        ],
        "item_count": 1
      },
      {
        "name": "Twinrova",
        "access_rules": [
          "@Spirit Temple/Topmost Sun,spirit_boss_key,hookshot"
        ],
        "hosted_item": "spirit",
        "chest_unopened_img": "images/HC.png",
        "chest_opened_img": "images/HC_grey.png",
        "item_count": 1
      }
    ],
    "map_locations": [
      {
        "map": "child",
        "visibility_rules": [
          "ocarina,requiem"
        ],
        "x": 85,
        "y": 301
      },
      {
        "map": "adult",
        "visibility_rules": [
          "sword2"
        ],
        "x": 85,
        "y": 301
      }
    ],
    "children": [
      {
        "name": "Spirit Temple Skulltulas",
        "access_rules": [
          "dungeon_skulltulas"
        ],
        "sections": [
          {
            "name": "GS96 - Cage Room Lower Child",
            "short_name": "Lower Child",
            "access_rules": [
              "@Spirit Temple/Lower Child"
            ],
            "chest_unopened_img": "images/skulltula.png",
            "chest_opened_img": "images/skulltula_token.png",
            "item_count": 1
          },
          {
            "name": "GS97 - Pit Upper Child",
            "short_name": "Upper Child",
            "access_rules": [
              "@Spirit Temple/Upper Child"
            ],
            "chest_unopened_img": "images/skulltula.png",
            "chest_opened_img": "images/skulltula_token.png",
            "item_count": 1
          },
          {
            "name": "GS98 - Room Before Iron Knuckle Child Side",
            "short_name": "Before Knuckle",
            "access_rules": [
              "@Spirit Temple/Lower Child,spirit_small_keys:1,@logic/explosives,sticks,boomerang",
              "@Spirit Temple/Lower Child,spirit_small_keys:1,@logic/explosives,dinsfire,magic,boomerang",
              "@Spirit Temple/Mirror Room,@logic/has fire,hookshot"
            ],
            "chest_unopened_img": "images/skulltula.png",
            "chest_opened_img": "images/skulltula_token.png",
            "item_count": 1
          },
          {
            "name": "GS99 - Boulder Room Behind Block",
            "short_name": "Boulder Room",
            "access_rules": [
              "ocarina,time,@Spirit Temple/Boulder Room"
            ],
            "chest_unopened_img": "images/skulltula.png",
            "chest_opened_img": "images/skulltula_token.png",
            "item_count": 1
          },
          {
            "name": "GS100 - Statue Room, Left Ledge",
            "short_name": "Statue Ledge",
            "access_rules": [
              "lift2,sword2,spirit_small_keys:1,hookshot,ocarina,[scarecrow]",
              "lift2,sword2,spirit_small_keys:1,longshot",
              "lift2,sword2,spirit_small_keys:1,hoverboots"
            ],
            "chest_unopened_img": "images/skulltula.png",
            "chest_opened_img": "images/skulltula_token.png",
            "item_count": 1
          }
        ],
        "map_locations": [
          {
            "map": "child",
            "x": 82,
            "y": 246
          },
          {
            "map": "adult",
            "visibility_rules": [
              "sword2"
            ],
            "x": 82,
            "y": 246
          }
        ]
      }
    ]
  },
  {
    "name": "Bottom of the Well",
    "parent": "Kakariko C",
    "access_rules": [
      "botw_reg,ocarina,storm"
    ],
    "sections": [
      {
        "name": "Front Left Hidden",
        "access_rules": [
          "@logic/lens"
        ],
        "item_count": 1
      },
      {
        "name": "Right Hidden",
        "access_rules": [
          "@logic/lens"
        ],
        "item_count": 1
      },
      {
        "name": "Center Big Chest",
        "access_rules": [
          "@logic/lens"
        ],
        "item_count": 1
      },
      {
        "name": "Center Small Chest",
        "access_rules": [
          "@logic/lens"
        ],
        "item_count": 1
      },
      {
        "name": "Locked Pits",
        "access_rules": [
          "botw_small_keys:1,@logic/lens"
        ],
        "clear_as_group": false,
        "item_count": 2
      },
      {
        "name": "Coffin Key",
        "item_count": 1
      },
      {
        "name": "Front Bombable",
        "access_rules": [
          "@logic/explosives"
        ],
        "item_count": 1
      },
      {
        "name": "Back Bombable",
        "access_rules": [
          "@logic/explosives"
        ],
        "item_count": 1
      },
      {
        "name": "Basement",
        "access_rules": [
          "@logic/explosives",
          "lift1,botw_small_keys:1,@logic/lens",
          "lift1,dinsfire,magic"
        ],
        "item_count": 1
      },
      {
        "name": "Underwater Front",
        "access_rules": [
          "ocarina,lullaby"
        ],
        "item_count": 1
      },
      {
        "name": "Underwater Left",
        "access_rules": [
          "ocarina,lullaby"
        ],
        "item_count": 1
      },
      {
        "name": "Deadhand",
        "access_rules": [
          "ocarina,lullaby,[sword1]"
        ],
        "capture_item": true,
        "item_count": 1
      },
      {
        "name": "Invisible Chest",
        "access_rules": [
          "ocarina,lullaby,@logic/lens"
        ],
        "item_count": 1
      }
    ],
    "map_locations": [
      {
        "map": "child",
        "x": 1884,
        "y": 383
      }
    ],
    "children": [
      {
        "name": "Bottom of the Well Skulltulas",
        "access_rules": [
          "dungeon_skulltulas"
        ],
        "sections": [
          {
            "name": "GS78 - Like-Like Room",
            "short_name": "Like-Like",
            "access_rules": [
              "botw_small_keys:1,boomerang,@logic/lens"
            ],
            "chest_unopened_img": "images/skulltula.png",
            "chest_opened_img": "images/skulltula_token.png",
            "item_count": 1
          },
          {
            "name": "GS79 - Left Locked Room",
            "short_name": "Left Locked",
            "access_rules": [
              "botw_small_keys:1,boomerang"
            ],
            "chest_unopened_img": "images/skulltula.png",
            "chest_opened_img": "images/skulltula_token.png",
            "item_count": 1
          },
          {
            "name": "GS80 - Right Locked Room",
            "short_name": "Right Locked",
            "access_rules": [
              "botw_small_keys:1,boomerang,@logic/lens"
            ],
            "chest_unopened_img": "images/skulltula.png",
            "chest_opened_img": "images/skulltula_token.png",
            "item_count": 1
          }
        ],
        "map_locations": [
          {
            "map": "child",
            "x": 1900,
            "y": 414
          }
        ]
      }
    ]
  },
  {
    "name": "Ganons Castle",
    "parent": "Ganons Castle Grounds",
    "access_rules": [
      "gc_reg,bridge_medallions,sword2,forestmed,noct_meds:2,lacs_meds:2,lightmed",
      "gc_reg,bridge_vanilla,sword2,lacs_meds:2,lightarrow",
      "gc_reg,bridge_dungeons,sword2,forestmed,noct_meds:2,lacs_meds:2,lightmed,stones:3",
      "gc_reg,bridge_open,sword2"
    ],
    "sections": [
      {
        "name": "Forest Trial",
        "item_count": 1
      },
      {
        "name": "Water Trial",
        "item_count": 2
      },
      {
        "name": "Shadow Trial Front",
        "access_rules": [
          "hookshot",
          "hoverboots",
          "ocarina,time",
          "magic,bow,firearrow"
        ],
        "item_count": 1
      },
      {
        "name": "Shadow Trial Back",
        "access_rules": [
          "longshot,hoverboots",
          "longshot,magic,dinsfire",
          "magic,bow,firearrow"
        ],
        "item_count": 1
      },
      {
        "name": "Light Trial Front",
        "access_rules": [
          "lift3,@logic/lens"
        ],
        "item_count": 7
      },
      {
        "name": "Light Trial Back",
        "access_rules": [
          "gc_small_keys:1,lift3,ocarina,lullaby"
        ],
        "item_count": 1
      },
      {
        "name": "Spirit Trial Front",
        "access_rules": [
          "hookshot"
        ],
        "item_count": 1
      },
      {
        "name": "Spirit Trial Back",
        "access_rules": [
          "hookshot,bombchu,@logic/lens"
        ],
        "item_count": 1
      },
      {
        "name": "Castle Tower",
        "access_rules": [
          "gc_small_keys:2,@logic/can LA,longshot,bombchu,shield3,lift3,bottle,hammer,@logic/has fire,@logic/lens,@logic/redtunic",
          "gc_small_keys:2,@logic/can LA,longshot,bombchu,shield3,lift3,bottle,hammer,@logic/has fire,hoverboots,@logic/redtunic"
        ],
        "chest_unopened_img": "images/chest_golden_closed.png",
        "chest_opened_img": "images/chest_golden_open.png",
        "item_count": 1
      }
    ],
    "map_locations": [
      {
        "map": "adult",
        "x": 1439,
        "y": 206
      }
    ],
    "children": [
      {
        "name": "Ganons Castle Scrubs",
        "access_rules": [
          "scrub_shuffle_yes"
        ],
        "sections": [
          {
            "name": "Hidden Room",
            "short_name": "Hidden Room",
            "chest_unopened_img": "images/deku_scrub.png",
            "chest_opened_img": "images/deku_scrub_grey.png",
            "item_count": 4
          }
        ],
        "map_locations": [
          {
            "map": "adult",
            "x": 1400,
            "y": 206
          }
        ]
      }
    ]
  },
  {
    "name": "Ice Cavern",
    "parent": "Zoras Fountain A",
    "access_rules": [
      "ice_reg,@logic/ice cavern"
    ],
    "sections": [
      {
        "name": "Map Chest",
        "item_count": 1
      },
      {
        "name": "Compass Chest",
        "item_count": 1
      },
      {
        "name": "Frozen HP",
        "chest_unopened_img": "images/HP.png",
        "chest_opened_img": "images/HP_grey.png",
        "item_count": 1
      },
      {
        "name": "Ironboots Chest",
        "item_count": 1
      },
      {
        "name": "Sheik in Ice Cavern",
        "access_rules": [
          "@logic/ice cavern",
          "{agony}"
        ],
        "capture_item": true,
        "chest_unopened_img": "images/grey_note.png",
        "chest_opened_img": "images/grey_note_check.png",
        "item_count": 1
      }
    ],
    "map_locations": [
      {
        "map": "adult",
        "x": 2501,
        "y": 276
      }
    ],
    "children": [
      {
        "name": "Ice Cavern Skulltulas",
        "access_rules": [
          "dungeon_skulltulas"
        ],
        "sections": [
          {
            "name": "GS70 - Near Compass Chest",
            "short_name": "Compass",
            "access_rules": [
              "hookshot"
            ],
            "chest_unopened_img": "images/skulltula.png",
            "chest_opened_img": "images/skulltula_token.png",
            "item_count": 1
          },
          {
            "name": "GS71 - Silver Rupee Room",
            "short_name": "Silver Rupee",
            "access_rules": [
              "hookshot"
            ],
            "chest_unopened_img": "images/skulltula.png",
            "chest_opened_img": "images/skulltula_token.png",
            "item_count": 1
          },
          {
            "name": "GS72 - Moveable Iceblock Room",
            "short_name": "Iceblock",
            "access_rules": [
              "hookshot"
            ],
            "chest_unopened_img": "images/skulltula.png",
            "chest_opened_img": "images/skulltula_token.png",
            "item_count": 1
          }
        ],
        "map_locations": [
          {
            "map": "adult",
            "x": 2465,
            "y": 276
          }
        ]
      }
    ]
  },
  {
    "name": "Carpenter Rescue",
    "parent": "Gerudo Fortress",
    "sections": [
      {
        "name": "1st key",
        "item_count": 1
      },
      {
        "name": "2nd key",
        "item_count": 1
      },
      {
        "name": "3rd key",
        "item_count": 1
      },
      {
        "name": "4th key",
        "item_count": 1
      },
      {
        "name": "Free the carpenters",
        "access_rules": [
          "gf_small_keys:4",
          "gf_small_keys:1,[gf_small_keys:4]"
        ],
        "hosted_item": "carpenter",
        "item_count": 1
      }
    ],
    "map_locations": [
      {
        "map": "adult",
        "x": 503,
        "y": 392
      }
    ]
  },
  {
    "name": "Gerudo Training Grounds",
    "parent": "Gerudo Fortress",
    "access_rules": [
      "gtg_reg,carpenter,card"
    ],
    "sections": [
      {
        "name": "Lobby",
        "access_rules": [
          "bow"
        ],
        "item_count": 2
      },
      {
        "name": "Stalfos",
        "item_count": 1
      },
      {
        "name": "Wolfos",
        "access_rules": [
          "hookshot"
        ],
        "item_count": 1
      },
      {
        "name": "Like-Like",
        "access_rules": [
          "hookshot,lift2,@logic/lens"
        ],
        "item_count": 4
      },
      {
        "name": "Eye Statue",
        "access_rules": [
          "hookshot,bow,@logic/lens",
          "@logic/explosives,hookshot,hammer,bow",
          "gtg_small_keys:2,hookshot,hammer,bow"
        ],
        "item_count": 1
      },
      {
        "name": "Near Scarecrow",
        "access_rules": [
          "hookshot,bow,@logic/lens"
        ],
        "item_count": 1
      },
      {
        "name": "Flaming Enemies",
        "access_rules": [
          "hookshot,@logic/lens",
          "@logic/explosives,hookshot",
          "gtg_small_keys:2,hookshot"
        ],
        "item_count": 1
      },
      {
        "name": "Hammer Pillar",
        "access_rules": [
          "hookshot,@logic/lens,[hammer]",
          "@logic/explosives,hookshot,[hammer]",
          "gtg_small_keys:2,hookshot,[hammer]"
        ],
        "item_count": 1
      },
      {
        "name": "Lava Pit Ledge",
        "access_rules": [
          "hookshot,@logic/lens,ocarina,time",
          "@logic/explosives,ocarina,time",
          "gtg_small_keys:2"
        ],
        "item_count": 3
      },
      {
        "name": "Under Water",
        "access_rules": [
          "hookshot,@logic/lens,ocarina,time,ironboots,@logic/bluetunic",
          "@logic/explosives,hookshot,ocarina,time,ironboots,@logic/bluetunic",
          "gtg_small_keys:2,hookshot,ocarina,time,ironboots,@logic/bluetunic",
          "{agony}"
        ],
        "capture_item": true,
        "item_count": 1
      },
      {
        "name": "Beamos",
        "access_rules": [
          "@logic/explosives"
        ],
        "item_count": 1
      },
      {
        "name": "Above Maze",
        "access_rules": [
          "gtg_small_keys:1,@logic/lens"
        ],
        "item_count": 1
      },
      {
        "name": "Maze 1",
        "access_rules": [
          "gtg_small_keys:2"
        ],
        "item_count": 1
      },
      {
        "name": "Maze 2",
        "access_rules": [
          "gtg_small_keys:4"
        ],
        "item_count": 1
      },
      {
        "name": "Maze 3",
        "access_rules": [
          "gtg_small_keys:5"
        ],
        "item_count": 1
      },
      {
        "name": "Ice Arrow Chest",
        "access_rules": [
          "gtg_small_keys:7"
        ],
        "capture_item": true,
        "item_count": 1
      }
    ],
    "map_locations": [
      {
        "map": "adult",
        "x": 481,
        "y": 444
      }
    ]
  }
]