[
  {
    "name": "Deku Tree MQ",
    "parent": "Forest C",
    "access_rules": [
      "deku_mq,open_forest",
      "deku_mq,sword1,shield1"
    ],
    "sections": [
      {
        "name": "Map Chest",
        "item_count": 1
      },
      {
        "name": "Slingshot Chest",
        "access_rules": [
          "$can_child_attack"
        ],
        "item_count": 1
      },
      {
        "name": "Slingshot Room Back",
        "access_rules": [
          "sticks",
          "dinsfire,magic"
        ],
        "item_count": 1
      },
      {
        "name": "Compass Chest",
        "access_rules": [
          "sling,sticks",
          "sling,dinsfire,magic"
        ],
        "item_count": 1
      },
      {
        "name": "Basement",
        "access_rules": [
          "@Deku Tree MQ/Slingshot Room Back"
        ],
        "item_count": 1
      },
      {
        "name": "Before Spinning Log",
        "access_rules": [
          "@Deku Tree MQ/Compass Chest"
        ],
        "item_count": 1
      },
      {
        "name": "After Spinning Log",
        "access_rules": [
          "@Deku Tree MQ/Compass Chest,ocarina,time",
          "{agony}"
        ],
        "capture_item": true,
        "item_count": 1
      },
      {
        "name": "Queen Gohma",
        "access_rules": [
          "[sling],sticks,shield1",
          "[sling],dinsfire,magic,sword1,shield1"
        ],
        "hosted_item": "deku",
        "chest_unopened_img": "images/HC.png",
        "chest_opened_img": "images/HC_grey.png",
        "item_count": 1
      }
    ],
    "map_locations": [
      {
        "map": "child",
        "x": 2426,
        "y": 860
      }
    ],
    "children": [
      {
        "name": "Deku Tree MQ Skulltulas",
        "access_rules": [
          "dungeon_skulltulas"
        ],
        "sections": [
          {
            "name": "GS8 - Crate Near Map",
            "short_name": "Crate Near Map",
            "access_rules": [
              "$can_child_attack"
            ],
            "chest_unopened_img": "images/skulltula.png",
            "chest_opened_img": "images/skulltula_token.png",
            "item_count": 1
          },
          {
            "name": "GS9 - Compass Room",
            "short_name": "Compass Room",
            "access_rules": [
              "@Deku Tree MQ/Compass Chest,boomerang,bombs,ocarina,time",
              "@Deku Tree MQ/Compass Chest,boomerang,bombchu",
              "{@Deku Tree MQ/Compass Chest,bombs,ocarina,time}",
              "{@Deku Tree MQ/Compass Chest,bombchu}"
            ],
            "capture_item": true,
            "chest_unopened_img": "images/skulltula.png",
            "chest_opened_img": "images/skulltula_token.png",
            "item_count": 1
          },
          {
            "name": "GS10 - Basement Ceiling",
            "short_name": "Basement Ceiling",
            "access_rules": [
              "@Deku Tree MQ/Compass Chest,boomerang,ocarina,time",
              "{@Deku Tree MQ/Compass Chest,sling}"
            ],
            "capture_item": true,
            "chest_unopened_img": "images/skulltula.png",
            "chest_opened_img": "images/skulltula_token.png",
            "item_count": 1
          },
          {
            "name": "GS11 - Basement Back Room",
            "short_name": "Back Room",
            "access_rules": [
              "@Deku Tree MQ/Compass Chest,boomerang",
              "{@Deku Tree MQ/Compass Chest,sling}"
            ],
            "capture_item": true,
            "chest_unopened_img": "images/skulltula.png",
            "chest_opened_img": "images/skulltula_token.png",
            "item_count": 1
          }
        ],
        "map_locations": [
          {
            "map": "child",
            "x": 2460,
            "y": 860
          }
        ]
      },
      {
        "name": "Deku Tree MQ Scrubs",
        "access_rules": [
          "scrub_shuffle_yes"
        ],
        "sections": [
          {
            "name": "Upper Basement",
            "short_name": "Basement",
            "access_rules": [
              "@Deku Tree MQ/Compass Chest"
            ],
            "chest_unopened_img": "images/deku_scrub.png",
            "chest_opened_img": "images/deku_scrub_grey.png",
            "item_count": 1
          },
        ],
        "map_locations": [
          {
            "map": "child",
            "x": 2426,
            "y": 890
          }
        ]
      }
    ]
  },
  {
    "name": "Dodongos Cavern MQ",
    "parent": "Death Mountain C",
    "access_rules": [
      "dodongo_mq,$can_blast",
      "dodongo_mq,lift1"
    ],
    "sections": [
      {
        "name": "Map Chest",
        "item_count": 1
      },
      {
        "name": "Compass Chest",
        "access_rules": [
          "sword2",
          "$can_child_attack",
          "nuts"
        ],
        "item_count": 1
      },
      {
        "name": "Larva Room",
        "access_rules": [
          "$has_fire",
          "sticks,$has_explosives",
          "sticks,lift1"
        ],
        "item_count": 1
      },
      {
        "name": "Torch Puzzle Room",
        "access_rules": [
          "$can_blast",
          "sticks",
          "dinsfire,magic",
          "sword2,[hoverboots]",
          "sword2,[hookshot]"
        ],
        "item_count": 1
      },
      {
        "name": "Bomb Bag Chest",
        "access_rules": [
          "sword2",
          "sling,sticks",
          "sling,dinsfire,magic",
          "sling,$has_explosives"
        ],
        "item_count": 1
      },
      {
        "name": "Under Grave",
        "access_rules": [
          "bombs",
          "bombchu,[bombs]"
        ],
        "item_count": 1
      },
      {
        "name": "Above Boss",
        "access_rules": [
          "@Dodongos Cavern MQ/Under Grave"
        ],
        "item_count": 1
      },
      {
        "name": "King Dodongo",
        "access_rules": [
          "@Dodongos Cavern MQ/Under Grave,bombs,sword2",
          "@Dodongos Cavern MQ/Under Grave,lift1,sword2",
          "@Dodongos Cavern MQ/Under Grave,bombs,sticks",
          "@Dodongos Cavern MQ/Under Grave,lift1,sticks",
          "@Dodongos Cavern MQ/Under Grave,bombs,sword1",
          "@Dodongos Cavern MQ/Under Grave,lift1,sword1"
        ],
        "hosted_item": "dodongo",
        "chest_unopened_img": "images/HC.png",
        "chest_opened_img": "images/HC_grey.png",
        "item_count": 1
      }
    ],
    "map_locations": [
      {
        "map": "child",
        "visibility_rules": [
          "$has_explosives",
          "lift1"
        ],
        "x": 1684,
        "y": 250
      },
      {
        "map": "adult",
        "visibility_rules": [
          "sword2"
        ],
        "x": 1684,
        "y": 250
      }
    ],
    "children": [
      {
        "name": "Dodongos Cavern MQ Skulltulas",
        "access_rules": [
          "dungeon_skulltulas"
        ],
        "sections": [
          {
            "name": "GS38 - Song of Time Block Room",
            "short_name": "Song of Time Block Room",
            "access_rules": [
              "ocarina,time,$can_child_attack",
              "ocarina,time,sword2"
            ],
            "chest_unopened_img": "images/skulltula.png",
            "chest_opened_img": "images/skulltula_token.png",
            "item_count": 1
          },
          {
            "name": "GS39 - Larva Room",
            "short_name": "Larva Room",
            "access_rules": [
              "@Dodongos Cavern MQ/Larva Room"
            ],
            "chest_unopened_img": "images/skulltula.png",
            "chest_opened_img": "images/skulltula_token.png",
            "item_count": 1
          },
          {
            "name": "GS40 - Lizalfos Room",
            "short_name": "Lizalfos Room",
            "access_rules": [
              "$can_blast"
            ],
            "chest_unopened_img": "images/skulltula.png",
            "chest_opened_img": "images/skulltula_token.png",
            "item_count": 1
          },
          {
            "name": "GS41 - Scrub/Poe Room",
            "short_name": "Scrub/Poe Room",
            "access_rules": [
              "boomerang,sling,$has_explosives",
              "boomerang,sword2,$has_explosives",
              "boomerang,sling,lift1,sticks",
              "boomerang,sling,lift1,dinsfire,magic",
              "boomerang,sling,lift1,sword2,[hoverboots]",
              "boomerang,sling,lift1,sword2,[hammer]",
              "sword2,hookshot,$has_explosives",
              "sword2,hookshot,lift1",
              "sword2,hookshot,bow",
              "sword2,hookshot,dinsfire,magic"
            ],
            "chest_unopened_img": "images/skulltula.png",
            "chest_opened_img": "images/skulltula_token.png",
            "item_count": 1
          },
          {
            "name": "GS42 - Back Area",
            "short_name": "Back Area",
            "access_rules": [
              "@Dodongos Cavern MQ/Under Grave"
            ],
            "chest_unopened_img": "images/skulltula.png",
            "chest_opened_img": "images/skulltula_token.png",
            "item_count": 1
          }
        ],
        "map_locations": [
          {
            "map": "child",
            "visibility_rules": [
              "$has_explosives",
              "lift1"
            ],
            "x": 1654,
            "y": 250
          },
          {
            "map": "adult",
            "visibility_rules": [
              "sword2"
            ],
            "x": 1654,
            "y": 250
          }
        ]
      },
      {
        "name": "Dodongos Cavern MQ Scrubs",
        "access_rules": [
          "scrub_shuffle_yes"
        ],
        "sections": [
          {
            "name": "Main Room",
            "short_name": "Main Room",
            "access_rules": [
              "$can_stun_deku"
            ],
            "chest_unopened_img": "images/deku_scrub.png",
            "chest_opened_img": "images/deku_scrub_grey.png",
            "clear_as_group": false,
            "item_count": 2
          },
          {
            "name": "1F Right - Red Potion",
            "short_name": "1F Right",
            "access_rules": [
              "sword2",
              "sticks",
              "dinsfire,magic",
              "$has_explosives"
            ],
            "chest_unopened_img": "images/deku_scrub.png",
            "chest_opened_img": "images/deku_scrub_grey.png",
            "item_count": 1
          },
          {
            "name": "Above Stairs",
            "short_name": "Above Stairs",
            "access_rules": [
              "$can_stun_deku"
            ],
            "chest_unopened_img": "images/deku_scrub.png",
            "chest_opened_img": "images/deku_scrub_grey.png",
            "item_count": 1
          }
        ],
        "map_locations": [
          {
            "map": "child",
            "visibility_rules": [
              "$has_explosives",
              "lift1"
            ],
            "x": 1624,
            "y": 250
          },
          {
            "map": "adult",
            "visibility_rules": [
              "sword2"
            ],
            "x": 1624,
            "y": 250
          }
        ]
      }
    ]
  },
  {
    "name": "Jabu Jabus Belly MQ",
    "parent": "Zoras Fountain C",
    "access_rules": [
      "jabu_mq,bottle"
    ],
    "sections": [
      {
        "name": "Map Chest",
        "access_rules": [
          "$has_explosives"
        ],
        "item_count": 1
      },
      {
        "name": "Entry Side Chest",
        "access_rules": [
          "sling"
        ],
        "item_count": 1
      },
      {
        "name": "Second Room Lower Chest",
        "access_rules": [
          "@Jabu Jabus Belly MQ/Entry Side Chest"
        ],
        "item_count": 1
      },
      {
        "name": "Compass Chest",
        "access_rules": [
          "@Jabu Jabus Belly MQ/Entry Side Chest"
        ],
        "item_count": 1
      },
      {
        "name": "Basement South Chest",
        "access_rules": [
          "@Jabu Jabus Belly MQ/Entry Side Chest"
        ],
        "item_count": 1
      },
      {
        "name": "Basement North Chest",
        "access_rules": [
          "@Jabu Jabus Belly MQ/Entry Side Chest"
        ],
        "item_count": 1
      },
      {
        "name": "Boomerang Room Small Chest",
        "access_rules": [
          "@Jabu Jabus Belly MQ/Entry Side Chest"
        ],
        "item_count": 1
      },
      {
        "name": "Boomerang Chest",
        "access_rules": [
          "@Jabu Jabus Belly MQ/Entry Side Chest"
        ],
        "item_count": 1
      },
      {
        "name": "Falling Like Like Room Chest",
        "access_rules": [
          "@Jabu Jabus Belly MQ/Entry Side Chest,boomerang,$has_explosives"
        ],
        "item_count": 1
      },
      {
        "name": "Second Room Upper Chest",
        "access_rules": [
          "@Jabu Jabus Belly MQ/Falling Like Like Room Chest,sticks",
          "@Jabu Jabus Belly MQ/Falling Like Like Room Chest,sword1,dinsfire,magic"
        ],
        "item_count": 1
      },
      {
        "name": "Near Boss Chest",
        "access_rules": [
          "@Jabu Jabus Belly MQ/Second Room Upper Chest"
        ],
        "item_count": 1
      },
      {
        "name": "Barinade",
        "access_rules": [
          "@Jabu Jabus Belly MQ/Second Room Upper Chest"
        ],
        "hosted_item": "jabu",
        "chest_unopened_img": "images/HC.png",
        "chest_opened_img": "images/HC_grey.png",
        "item_count": 1
      }
    ],
    "map_locations": [
      {
        "map": "child",
        "x": 2458,
        "y": 328
      }
    ],
    "children": [
      {
        "name": "Jabu Jabus Belly MQ Skulltulas",
        "access_rules": [
          "dungeon_skulltulas"
        ],
        "sections": [
          {
            "name": "GS51 - Boomerang Room",
            "short_name": "Boomerang Room",
            "access_rules": [
              "@Jabu Jabus Belly MQ/Boomerang Chest,ocarina,time",
              "@Jabu Jabus Belly MQ/Boomerang Chest,boomerang,[ocarina],[time]"
            ],
            "chest_unopened_img": "images/skulltula.png",
            "chest_opened_img": "images/skulltula_token.png",
            "item_count": 1
          },
          {
            "name": "GS52 - Tailpasaran Room",
            "short_name": "Tailpasaran Room",
            "access_rules": [
              "@Jabu Jabus Belly MQ/Falling Like Like Room Chest,sticks",
              "@Jabu Jabus Belly MQ/Falling Like Like Room Chest,dinsfire,magic"
            ],
            "chest_unopened_img": "images/skulltula.png",
            "chest_opened_img": "images/skulltula_token.png",
            "item_count": 1
          },
          {
            "name": "GS53 - Invisible Enemies Room",
            "short_name": "Invisible Enemies Room",
            "access_rules": [
              "@Jabu Jabus Belly MQ/Falling Like Like Room Chest,$can_see_with_lens",
              "{agony}"
            ],
            "capture_item": true,
            "chest_unopened_img": "images/skulltula.png",
            "chest_opened_img": "images/skulltula_token.png",
            "item_count": 1
          },
          {
            "name": "GS54 - Near Boss",
            "short_name": "Near Boss",
            "access_rules": [
              "@Jabu Jabus Belly MQ/Second Room Upper Chest"
            ],
            "chest_unopened_img": "images/skulltula.png",
            "chest_opened_img": "images/skulltula_token.png",
            "item_count": 1
          }
        ],
        "map_locations": [
          {
            "map": "child",
            "x": 2458,
            "y": 298
          }
        ]
      }
    ]
  },
  {
    "name": "Forest Temple MQ",
    "parent": "Sacred Forest Meadow A",
    "access_rules": [
      "forest_mq,hookshot"
    ],
    "sections": [
      {
        "name": "First Chest",
        "item_count": 1
      },
      {
        "name": "Boss Key Chest",
        "access_rules": [
          "forest_small_keys:2,lift1",
          "forest_small_keys:2,bombchu,[lift1]"
        ],
        "chest_unopened_img": "images/chest_golden_closed.png",
        "chest_opened_img": "images/chest_golden_open.png",
        "item_count": 1
      },
      {
        "name": "Redead Chest",
        "access_rules": [
          "forest_small_keys:1,hoverboots",
          "forest_small_keys:1,lift1",
          "forest_small_keys:1,bombchu,[lift1]"
        ],
        "item_count": 1
      },
      {
        "name": "Well Chest",
        "access_rules": [
          "forest_small_keys:1,bow"
        ],
        "item_count": 1
      },
      {
        "name": "NE Outdoors Upper Chest",
        "access_rules": [
          "forest_small_keys:1,bow,[firearrow]",
          "forest_small_keys:1,bow,[longshot]",
          "forest_small_keys:1,bow,[ocarina],[time]",
          "forest_small_keys:1,bow,[hoverboots]",
          "@Forest Temple MQ/Redead Chest,longshot",
          "@Forest Temple MQ/Redead Chest,ironboots,[ocarina],[time]",
          "@Forest Temple MQ/Redead Chest,ironboots,[hoverboots]",
          "@Forest Temple MQ/Redead Chest,scale2,[ocarina],[time]",
          "@Forest Temple MQ/Redead Chest,scale2,[hoverboots]"
        ],
        "item_count": 1
      },
      {
        "name": "Bow Chest",
        "access_rules": [
          "@Forest Temple MQ/Boss Key Chest,forest_small_keys:3"
        ],
        "item_count": 1
      },
      {
        "name": "Chest Behind Lobby",
        "access_rules": [
          "forest_small_keys:1,ocarina,time",
          "@Forest Temple MQ/Bow Chest"
        ],
        "item_count": 1
      },
      {
        "name": "Map Chest",
        "access_rules": [
          "@Forest Temple MQ/Bow Chest,bow"
        ],
        "item_count": 1
      },
      {
        "name": "Compass Chest",
        "access_rules": [
          "@Forest Temple MQ/Bow Chest,bow"
        ],
        "item_count": 1
      },
      {
        "name": "Falling Room Chest",
        "access_rules": [
          "@Forest Temple MQ/Bow Chest,forest_small_keys:5,bow",
          "@Forest Temple MQ/Bow Chest,forest_small_keys:5,dinsfire,magic",
          "forest_small_keys:1,bow,longshot,ocarina,time"
        ],
        "item_count": 1
      },
      {
        "name": "NE Outdoors Lower Chest",
        "access_rules": [
          "forest_small_keys:1,bow,longshot",
          "@Forest Temple MQ/Redead Chest,longshot",
          "@Forest Temple MQ/Falling Room Chest"
        ],
        "item_count": 1
      },
      {
        "name": "Near Boss Chest",
        "access_rules": [
          "@Forest Temple MQ/Falling Room Chest,@Forest Temple MQ/Bow Chest,forest_small_keys:6,bow"
        ],
        "item_count": 1
      },
      {
        "name": "Phantom Ganon",
        "access_rules": [
          "@Forest Temple MQ/Near Boss Chest,forest_boss_key"
        ],
        "hosted_item": "forest",
        "chest_unopened_img": "images/HC.png",
        "chest_opened_img": "images/HC_grey.png",
        "item_count": 1
      }
    ],
    "map_locations": [
      {
        "map": "adult",
        "x": 2178,
        "y": 596
      }
    ],
    "children": [
      {
        "name": "Forest Temple MQ Skulltulas",
        "access_rules": [
          "dungeon_skulltulas"
        ],
        "sections": [
          {
            "name": "GS60 - First Hallway",
            "short_name": "First Hallway",
            "chest_unopened_img": "images/skulltula.png",
            "chest_opened_img": "images/skulltula_token.png",
            "item_count": 1
          },
          {
            "name": "GS61 - Block Push Room",
            "short_name": "Block Push Room",
            "access_rules": [
              "forest_small_keys:1"
            ],
            "chest_unopened_img": "images/skulltula.png",
            "chest_opened_img": "images/skulltula_token.png",
            "item_count": 1
          },
          {
            "name": "GS62 - Outdoor West",
            "short_name": "Outdoor West",
            "access_rules": [
              "@Forest Temple MQ/Redead Chest",
              "forest_small_keys:1,bow"
            ],
            "chest_unopened_img": "images/skulltula.png",
            "chest_opened_img": "images/skulltula_token.png",
            "item_count": 1
          },
          {
            "name": "GS63 - Outdoor East",
            "short_name": "Outdoor East",
            "access_rules": [
              "@Forest Temple MQ/Redead Chest,ironboots",
              "@Forest Temple MQ/Redead Chest,longshot",
              "@Forest Temple MQ/Redead Chest,scale2",
              "forest_small_keys:1,bow"
            ],
            "chest_unopened_img": "images/skulltula.png",
            "chest_opened_img": "images/skulltula_token.png",
            "item_count": 1
          },
          {
            "name": "GS64 - Well",
            "short_name": "Well",
            "access_rules": [
              "@Forest Temple MQ/Redead Chest,ironboots",
              "forest_small_keys:1,bow"
            ],
            "chest_unopened_img": "images/skulltula.png",
            "chest_opened_img": "images/skulltula_token.png",
            "item_count": 1
          }
        ],
        "map_locations": [
          {
            "map": "adult",
            "x": 2178,
            "y": 566
          }
        ]
      }
    ]
  },
  {
    "name": "Fire Temple MQ",
    "parent": "Death Mountain Crater A",
    "access_rules": [
      "fire_mq,@Sheik in Crater,$has_goron_tunic"
    ],
    "sections": [
      {
        "name": "Entrance Hallway Small Chest",
        "item_count": 1
      },
      {
        "name": "Chest Near Boss",
        "access_rules": [
          "hoverboots,$has_fire",
          "hookshot,$has_fire"
        ],
        "item_count": 1
      },
      {
        "name": "Megaton Hammer Chest",
        "access_rules": [
          "fire_small_keys:1"
        ],
        "item_count": 1
      },
      {
        "name": "Map Chest",
        "access_rules": [
          "@Fire Temple MQ/Megaton Hammer Chest,hammer"
        ],
        "item_count": 1
      },
      {
        "name": "Boss Key Chest",
        "access_rules": [
          "hammer,hookshot,$has_fire,[bow]"
        ],
        "chest_unopened_img": "images/chest_golden_closed.png",
        "chest_opened_img": "images/chest_golden_open.png",
        "item_count": 1
      },
      {
        "name": "Big Lava Room Bombable Chest",
        "access_rules": [
          "hammer,hookshot,$has_fire,$has_explosives"
        ],
        "item_count": 1
      },
      {
        "name": "Maze Lower Chest",
        "access_rules": [
          "hammer,fire_small_keys:1,$has_fire,[redtunic]"
        ],
        "item_count": 1
      },
      {
        "name": "Maze Upper Chest",
        "access_rules": [
          "@Fire Temple MQ/Maze Lower Chest,hookshot,[$has_explosives]"
        ],
        "item_count": 1
      },
      {
        "name": "Maze Side Room",
        "access_rules": [
          "@Fire Temple MQ/Maze Upper Chest,$has_explosives"
        ],
        "item_count": 1
      },
      {
        "name": "Compass Chest",
        "access_rules": [
          "@Fire Temple MQ/Maze Upper Chest,$has_explosives"
        ],
        "item_count": 1
      },
      {
        "name": "Freestanding Key",
        "access_rules": [
          "@Fire Temple MQ/Maze Upper Chest,fire_small_keys:2,bow"
        ],
        "chest_unopened_img": "images/small_key.png",
        "chest_opened_img": "images/small_key_check.png",
        "item_count": 1
      },
      {
        "name": "West Tower Top Chest",
        "access_rules": [
          "@Fire Temple MQ/Freestanding Key,fire_small_keys:3",
          "{agony}"
        ],
        "capture_item": true,
        "item_count": 1
      },
      {
        "name": "Volvagia",
        "access_rules": [
          "@Fire Temple MQ/Freestanding Key,hammer,fire_boss_key,$has_fire",
          "[hoverboots],hammer,fire_boss_key,$has_fire,[redtunic]"
        ],
        "hosted_item": "fire",
        "chest_unopened_img": "images/HC.png",
        "chest_opened_img": "images/HC_grey.png",
        "item_count": 1
      }
    ],
    "map_locations": [
      {
        "map": "adult",
        "x": 1912,
        "y": 115
      }
    ],
    "children": [
      {
        "name": "Fire Temple MQ Skulltulas",
        "access_rules": [
          "dungeon_skulltulas"
        ],
        "sections": [
          {
            "name": "GS65 - Big Lava Room",
            "short_name": "Big Lava Room",
            "access_rules": [
              "hammer"
            ],
            "chest_unopened_img": "images/skulltula.png",
            "chest_opened_img": "images/skulltula_token.png",
            "item_count": 1
          },
          {
            "name": "GS66 - East Tower Top",
            "short_name": "East Tower Top",
            "access_rules": [
              "@Fire Temple MQ/Maze Upper Chest,ocarina,time",
              "@Fire Temple MQ/Maze Upper Chest,longshot"
            ],
            "chest_unopened_img": "images/skulltula.png",
            "chest_opened_img": "images/skulltula_token.png",
            "item_count": 1
          },
          {
            "name": "GS67 - Fire Wall Maze Side Room",
            "short_name": "Fire Wall Maze Side Room",
            "access_rules": [
              "@Fire Temple MQ/Freestanding Key,ocarina,time",
              "@Fire Temple MQ/Freestanding Key,hoverboots"
            ],
            "chest_unopened_img": "images/skulltula.png",
            "chest_opened_img": "images/skulltula_token.png",
            "item_count": 1
          },
          {
            "name": "GS68 - Above Fire Wall Maze",
            "short_name": "Above Fire Wall Maze",
            "access_rules": [
              "@Fire Temple MQ/Freestanding Key,fire_small_keys:4"
            ],
            "chest_unopened_img": "images/skulltula.png",
            "chest_opened_img": "images/skulltula_token.png",
            "item_count": 1
          },
          {
            "name": "GS69 - Fire Wall Maze Center",
            "short_name": "Fire Wall Maze Center",
            "access_rules": [
              "@Fire Temple MQ/Freestanding Key,$has_explosives"
            ],
            "chest_unopened_img": "images/skulltula.png",
            "chest_opened_img": "images/skulltula_token.png",
            "item_count": 1
          }
        ],
        "map_locations": [
          {
            "map": "adult",
            "x": 1942,
            "y": 115
          }
        ]
      }
    ]
  },
  {
    "name": "Water Temple MQ",
    "parent": "Lake Hylia A",
    "access_rules": [
      "water_mq,ironboots,hookshot,$has_zora_tunic",
      "water_mq,scale2,[ironboots],hookshot,$has_zora_tunic"
    ],
    "sections": [
      {
        "name": "Map Chest",
        "access_rules": [
          "ironboots,$has_fire"
        ],
        "item_count": 1
      },
      {
        "name": "Longshot Chest",
        "access_rules": [
          "[ocarina],[lullaby],ironboots"
        ],
        "item_count": 1
      },
      {
        "name": "Compass Chest",
        "access_rules": [
          "ocarina,lullaby,ironboots,bow",
          "ocarina,lullaby,ironboots,dinsfire,magic"
        ],
        "item_count": 1
      },
      {
        "name": "Central Pillar Chest",
        "access_rules": [
          "ironboots,bow,firearrow,magic,[bluetunic]",
          "ironboots,dinsfire,magic,ocarina,time,[bluetunic]"
        ],
        "item_count": 1
      },
      {
        "name": "Boss Key Chest",
        "access_rules": [
          "water_small_keys:1,longshot,ironboots,dinsfire,magic",
          "{agony}"
        ],
        "capture_item": true,
        "chest_unopened_img": "images/chest_golden_closed.png",
        "chest_opened_img": "images/chest_golden_open.png",
        "item_count": 1
      },
      {
        "name": "Freestanding Key",
        "access_rules": [
          "water_small_keys:1,longshot,ironboots,dinsfire,magic,hoverboots",
          "water_small_keys:1,longshot,ironboots,dinsfire,magic,ocarina,[scarecrow]",
          "{agony}"
        ],
        "capture_item": true,
        "chest_unopened_img": "images/small_key.png",
        "chest_opened_img": "images/small_key_check.png",
        "item_count": 1
      },
      {
        "name": "Morpha",
        "access_rules": [
          "longshot,water_boss_key"
        ],
        "hosted_item": "water",
        "chest_unopened_img": "images/HC.png",
        "chest_opened_img": "images/HC_grey.png",
        "item_count": 1
      }
    ],
    "map_locations": [
      {
        "map": "adult",
        "x": 985,
        "y": 1380
      }
    ],
    "children": [
      {
        "name": "Water Temple MQ Skulltulas",
        "access_rules": [
          "dungeon_skulltulas"
        ],
        "sections": [
          {
            "name": "GS73 - South Basement",
            "short_name": "South Basement",
            "access_rules": [
              "water_small_keys:1,longshot,ironboots,dinsfire,magic,hoverboots,bow,firearrow",
              "water_small_keys:1,longshot,ironboots,dinsfire,magic,ocarina,[scarecrow],bow,firearrow"
            ],
            "chest_unopened_img": "images/skulltula.png",
            "chest_opened_img": "images/skulltula_token.png",
            "item_count": 1
          },
          {
            "name": "GS74 - North Basement",
            "short_name": "North Basement",
            "access_rules": [
              "@Water Temple MQ/Freestanding Key,water_small_keys:2"
            ],
            "capture_item": true,
            "chest_unopened_img": "images/skulltula.png",
            "chest_opened_img": "images/skulltula_token.png",
            "item_count": 1
          },
          {
            "name": "GS75 - Serpent River",
            "short_name": "Serpent River",
            "access_rules": [
              "water_small_keys:1,longshot,ironboots"
            ],
            "chest_unopened_img": "images/skulltula.png",
            "chest_opened_img": "images/skulltula_token.png",
            "item_count": 1
          },
          {
            "name": "GS76 - Lizalfos Hallway",
            "short_name": "Lizalfos Hallway",
            "access_rules": [
              "ocarina,lullaby,ironboots,dinsfire,magic"
            ],
            "chest_unopened_img": "images/skulltula.png",
            "chest_opened_img": "images/skulltula_token.png",
            "item_count": 1
          },
          {
            "name": "GS77 - Before Upper Water Switch",
            "short_name": "Before Upper Water Switch",
            "access_rules": [
              "ocarina,lullaby,ironboots,longshot"
            ],
            "chest_unopened_img": "images/skulltula.png",
            "chest_opened_img": "images/skulltula_token.png",
            "item_count": 1
          }
        ],
        "map_locations": [
          {
            "map": "adult",
            "x": 985,
            "y": 1350
          }
        ]
      }
    ]
  },
  {
    "name": "Shadow Temple MQ",
    "parent": "Kakariko A",
    "access_rules": [
      "shadow_mq,ocarina,nocturne,dinsfire,magic,$can_see_with_lens,sword2,hoverboots",
      "shadow_mq,ocarina,nocturne,dinsfire,magic,$can_see_with_lens,sword2,hookshot",
      "shadow_mq,ocarina,nocturne,bow,firearrow,[dinsfire],magic,$can_see_with_lens,sword2,hoverboots",
      "shadow_mq,ocarina,nocturne,bow,firearrow,[dinsfire],magic,$can_see_with_lens,sword2,hookshot"
    ],
    "sections": [
      {
        "name": "Compass Chest",
        "access_rules": [
          "$has_explosives,shadow_small_keys:1"
        ],
        "item_count": 1
      },
      {
        "name": "Hover Boots Chest",
        "access_rules": [
          "@Shadow Temple MQ/Compass Chest,ocarina,time,bow"
        ],
        "item_count": 1
      },
      {
        "name": "Map Chest",
        "access_rules": [
          "hoverboots",
          "bow,firearrow,magic"
        ],
        "item_count": 1
      },
      {
        "name": "Near Ship Invisible Chest",
        "access_rules": [
          "@Shadow Temple MQ/Map Chest"
        ],
        "item_count": 1
      },
      {
        "name": "Early Gibdos Chest",
        "access_rules": [
          "@Shadow Temple MQ/Map Chest"
        ],
        "item_count": 1
      },
      {
        "name": "Falling Spikes Lower Chest",
        "access_rules": [
          "@Shadow Temple MQ/Map Chest,$has_explosives,shadow_small_keys:1"
        ],
        "item_count": 1
      },
      {
        "name": "Falling Spikes Upper Chest",
        "access_rules": [
          "@Shadow Temple MQ/Falling Spikes Lower Chest,[lift1]"
        ],
        "item_count": 1
      },
      {
        "name": "Falling Spikes Switch Chest",
        "access_rules": [
          "@Shadow Temple MQ/Falling Spikes Upper Chest"
        ],
        "item_count": 1
      },
      {
        "name": "Invisible Blades Visible Chest",
        "access_rules": [
          "@Shadow Temple MQ/Falling Spikes Lower Chest,ocarina,time"
        ],
        "item_count": 1
      },
      {
        "name": "Invisible Blades Invisible Chest",
        "access_rules": [
          "@Shadow Temple MQ/Invisible Blades Visible Chest"
        ],
        "item_count": 1
      },
      {
        "name": "Beamos Silver Rupees Chest",
        "access_rules": [
          "@Shadow Temple MQ/Falling Spikes Lower Chest,longshot"
        ],
        "item_count": 1
      },
      {
        "name": "Invisible Spikes Chest",
        "access_rules": [
          "@Shadow Temple MQ/Falling Spikes Lower Chest,shadow_small_keys:2,hoverboots"
        ],
        "item_count": 1
      },
      {
        "name": "Stalfos Room Chest",
        "access_rules": [
          "@Shadow Temple MQ/Invisible Spikes Chest,longshot",
          "@Shadow Temple MQ/Invisible Spikes Chest,hookshot,[longshot]"
        ],
        "item_count": 1
      },
      {
        "name": "Wind Hint Chest",
        "access_rules": [
          "@Shadow Temple MQ/Invisible Spikes Chest,shadow_small_keys:3,hookshot"
        ],
        "item_count": 1
      },
      {
        "name": "After Wind Enemy Chest",
        "access_rules": [
          "@Shadow Temple MQ/Wind Hint Chest"
        ],
        "item_count": 1
      },
      {
        "name": "After Wind Hidden Chest",
        "access_rules": [
          "@Shadow Temple MQ/Wind Hint Chest"
        ],
        "item_count": 1
      },
      {
        "name": "Freestanding Key",
        "access_rules": [
          "@Shadow Temple MQ/Wind Hint Chest,shadow_small_keys:4,ocarina,lullaby,bow,time,longshot"
        ],
        "chest_unopened_img": "images/small_key.png",
        "chest_opened_img": "images/small_key_check.png",
        "item_count": 1
      },
      {
        "name": "Bomb Flower Chest",
        "access_rules": [
          "@Shadow Temple MQ/Freestanding Key",
          "{agony}"
        ],
        "capture_item": true,
        "item_count": 1
      },
      {
        "name": "Spike Walls Left Chest",
        "access_rules": [
          "@Shadow Temple MQ/Freestanding Key,shadow_small_keys:5,dinsfire,magic"
        ],
        "item_count": 1
      },
      {
        "name": "Boss Key Chest",
        "access_rules": [
          "@Shadow Temple MQ/Spike Walls Left Chest"
        ],
        "chest_unopened_img": "images/chest_golden_closed.png",
        "chest_opened_img": "images/chest_golden_open.png",
        "item_count": 1
      },
      {
        "name": "Bongo Bongo",
        "access_rules": [
          "@Shadow Temple MQ/Wind Hint Chest,shadow_small_keys:4,shadow_boss_key,ocarina,lullaby,bow",
          "@Shadow Temple MQ/Wind Hint Chest,shadow_small_keys:4,shadow_boss_key,ocarina,lullaby,bombchu,[bow]"
        ],
        "hosted_item": "shadow",
        "chest_unopened_img": "images/HC.png",
        "chest_opened_img": "images/HC_grey.png",
        "item_count": 1
      }
    ],
    "map_locations": [
      {
        "map": "adult",
        "x": 2144,
        "y": 296
      }
    ],
    "children": [
      {
        "name": "Shadow Temple MQ Skulltulas",
        "access_rules": [
          "dungeon_skulltulas"
        ],
        "sections": [
          {
            "name": "GS81 - Crusher Room",
            "short_name": "Crusher Room",
            "access_rules": [
              "@Shadow Temple MQ/Falling Spikes Lower Chest,hookshot",
              "{@Shadow Temple MQ/Falling Spikes Lower Chest}"
            ],
            "capture_item": true,
            "chest_unopened_img": "images/skulltula.png",
            "chest_opened_img": "images/skulltula_token.png",
            "item_count": 1
          },
          {
            "name": "GS82 - Wind Hint Room",
            "short_name": "Wind Hint Room",
            "access_rules": [
              "@Shadow Temple MQ/Wind Hint Chest"
            ],
            "chest_unopened_img": "images/skulltula.png",
            "chest_opened_img": "images/skulltula_token.png",
            "item_count": 1
          },
          {
            "name": "GS83 - After Wind",
            "short_name": "After Wind",
            "access_rules": [
              "@Shadow Temple MQ/Wind Hint Chest"
            ],
            "chest_unopened_img": "images/skulltula.png",
            "chest_opened_img": "images/skulltula_token.png",
            "item_count": 1
          },
          {
            "name": "GS84 - After Ship",
            "short_name": "After Ship",
            "access_rules": [
              "@Shadow Temple MQ/Wind Hint Chest,shadow_small_keys:4,ocarina,lullaby"
            ],
            "chest_unopened_img": "images/skulltula.png",
            "chest_opened_img": "images/skulltula_token.png",
            "item_count": 1
          },
          {
            "name": "GS85 - Near Boss",
            "short_name": "Near Boss",
            "access_rules": [
              "@Shadow Temple MQ Skulltulas/GS84 - After Ship,bow"
            ],
            "chest_unopened_img": "images/skulltula.png",
            "chest_opened_img": "images/skulltula_token.png",
            "item_count": 1
          }
        ],
        "map_locations": [
          {
            "map": "adult",
            "x": 2174,
            "y": 296
          }
        ]
      }
    ]
  },
  {
    "name": "Spirit Temple MQ",
    "parent": "Colossus",
    "access_rules": [
      "spirit_mq,$colossus"
    ],
    "sections": [
      {
        "name": "Entrance Front Left Chest",
        "item_count": 1
      },
      {
        "name": "Entrance Back Left Chest",
        "access_rules": [
          "$can_blast,ocarina,requiem,sling",
          "$can_blast,sword2,bow"
        ],
        "item_count": 1
      },
      {
        "name": "Entrance Back Right Chest",
        "access_rules": [
          "bombchu",
          "sword2,bow",
          "sword2,hookshot",
          "ocarina,requiem,sling",
          "ocarina,requiem,boomerang"
        ],
        "item_count": 1
      },
      {
        "name": "Child Left Chest",
        "access_rules": [
          "ocarina,requiem,bombchu,sling,dinsfire,magic,sticks",
          "ocarina,requiem,bombchu,sling,dinsfire,magic,sword1"
        ],
        "item_count": 1
      },
      {
        "name": "Map Chest",
        "access_rules": [
          "ocarina,requiem,sticks",
          "ocarina,requiem,sword1",
          "ocarina,requiem,$has_explosives"
        ],
        "item_count": 1
      },
      {
        "name": "Silver Block Hallway Chest",
        "access_rules": [
          "ocarina,requiem,bombchu,spirit_small_keys:2,sling,dinsfire,magic",
          "ocarina,requiem,bombchu,spirit_small_keys:2,sling,sword2,longshot,lift2,bow,firearrow,magic",
          "ocarina,requiem,bombchu,spirit_small_keys:2,sling,sword2,longshot,lift2,bow,[firearrow],[magic],time"
        ],
        "item_count": 1
      },
      {
        "name": "Child Center Chest",
        "access_rules": [
          "sword2,lift2,longshot,bombchu,ocarina,requiem,hammer,spirit_small_keys:2",
          "{agony}"
        ],
        "capture_item": true,
        "item_count": 1
      },
      {
        "name": "Child Climb South Chest",
        "access_rules": [
          "sword2,lift2,longshot,bombchu,spirit_small_keys:1"
        ],
        "item_count": 1
      },
      {
        "name": "Lower NE Main Room Chest",
        "access_rules": [
          "sword2,lift2,longshot,bombchu,ocarina,lullaby"
        ],
        "item_count": 1
      },
      {
        "name": "Upper NE Main Room Chest",
        "access_rules": [
          "sword2,lift2,longshot,bombchu,$can_see_with_lens"
        ],
        "item_count": 1
      },
      {
        "name": "Beamos Room Chest",
        "access_rules": [
          "sword2,lift2,longshot,bombchu,spirit_small_keys:1"
        ],
        "item_count": 1
      },
      {
        "name": "Ice Trap Chest",
        "access_rules": [
          "@Spirit Temple MQ/Beamos Room Chest,ocarina,time"
        ],
        "item_count": 1
      },
      {
        "name": "Boss Key Chest",
        "access_rules": [
          "@Spirit Temple MQ/Ice Trap Chest,shield3"
        ],
        "chest_unopened_img": "images/chest_golden_closed.png",
        "chest_opened_img": "images/chest_golden_open.png",
        "item_count": 1
      },
      {
        "name": "Child Climb North Chest",
        "access_rules": [
          "sword2,lift2,longshot,bombchu,spirit_small_keys:1",
          "ocarina,requiem,bombchu,spirit_small_keys:1"
        ],
        "item_count": 1
      },
      {
        "name": "Compass Chest",
        "access_rules": [
          "sword2,lift2,longshot,bombchu,bow",
          "ocarina,requiem,bombchu,spirit_small_keys:2,sling"
        ],
        "item_count": 1
      },
      {
        "name": "Sun Block Room Chest",
        "access_rules": [
          "sword2,lift2,longshot,bombchu",
          "ocarina,requiem,bombchu,spirit_small_keys:2,time"
        ],
        "item_count": 1
      },
      {
        "name": "Lower Adult Left Chest",
        "access_rules": [
          "sword2,lift2,longshot,bombchu,bow,firearrow,magic,shield3"
        ],
        "item_count": 1
      },
      {
        "name": "Lower Adult Right Chest",
        "access_rules": [
          "@Spirit Temple MQ/Lower Adult Left Chest,spirit_small_keys:1,hammer,ocarina,time,epona,sun,storm,lullaby",
          "{agony}"
        ],
        "capture_item": true,
        "item_count": 1
      },
      {
        "name": "Entrance Front Right Chest",
        "access_rules": [
          "@Spirit Temple MQ/Lower Adult Left Chest,hammer"
        ],
        "item_count": 1
      },
      {
        "name": "Mirror Puzzle Invisible Chest",
        "access_rules": [
          "sword2,lift2,longshot,bombchu,spirit_small_keys:2,ocarina,lullaby,hammer,$can_see_with_lens"
        ],
        "item_count": 1
      },
      {
        "name": "Mirror Shield Chest",
        "access_rules": [
          "sword2,lift2,longshot,bombchu,spirit_small_keys:1,ocarina,time,$can_see_with_lens"
        ],
        "item_count": 1
      },
      {
        "name": "Silver Gauntlets Chest",
        "access_rules": [
          "sword2,lift2,longshot,bombchu,spirit_small_keys:1",
          "ocarina,requiem,bombchu,spirit_small_keys:3,time"
        ],
        "item_count": 1
      },
      {
        "name": "Twinrova",
        "access_rules": [
          "sword2,lift2,longshot,bombchu,spirit_small_keys:2,ocarina,lullaby,hammer,shield3,spirit_boss_key"
        ],
        "hosted_item": "spirit",
        "chest_unopened_img": "images/HC.png",
        "chest_opened_img": "images/HC_grey.png",
        "item_count": 1
      }
    ],
    "map_locations": [
      {
        "map": "child",
        "visibility_rules": [
          "ocarina,requiem"
        ],
        "x": 55,
        "y": 301
      },
      {
        "map": "adult",
        "visibility_rules": [
          "sword2"
        ],
        "x": 55,
        "y": 301
      }
    ],
    "children": [
      {
        "name": "Spirit Temple MQ Skulltulas",
        "access_rules": [
          "dungeon_skulltulas"
        ],
        "sections": [
          {
            "name": "GS96 - Sun Block Room",
            "short_name": "Sun Block Room",
            "access_rules": [
              "sword2,lift2,longshot,bombchu"
            ],
            "chest_unopened_img": "images/skulltula.png",
            "chest_opened_img": "images/skulltula_token.png",
            "item_count": 1
          },
          {
            "name": "GS97 - Lower Adult Left",
            "short_name": "Lower Adult Left",
            "access_rules": [
              "@Spirit Temple MQ/Lower Adult Left Chest"
            ],
            "chest_unopened_img": "images/skulltula.png",
            "chest_opened_img": "images/skulltula_token.png",
            "item_count": 1
          },
          {
            "name": "GS98 - Lower Adult Right",
            "short_name": "Lower Adult Right",
            "access_rules": [
              "@Spirit Temple MQ/Lower Adult Right Chest"
            ],
            "capture_item": true,
            "chest_unopened_img": "images/skulltula.png",
            "chest_opened_img": "images/skulltula_token.png",
            "item_count": 1
          },
          {
            "name": "GS99 - Iron Knuckle North",
            "short_name": "Iron Knuckle North",
            "access_rules": [
              "sword2,lift2,longshot,bombchu,spirit_small_keys:3"
            ],
            "chest_unopened_img": "images/skulltula.png",
            "chest_opened_img": "images/skulltula_token.png",
            "item_count": 1
          },
          {
            "name": "GS100 - Iron Knuckle West",
            "short_name": "Iron Knuckle West",
            "access_rules": [
              "sword2,lift2,longshot,bombchu,spirit_small_keys:3"
            ],
            "chest_unopened_img": "images/skulltula.png",
            "chest_opened_img": "images/skulltula_token.png",
            "item_count": 1
          }
        ],
        "map_locations": [
          {
            "map": "child",
            "x": 55,
            "y": 271
          },
          {
            "map": "adult",
            "visibility_rules": [
              "sword2"
            ],
            "x": 55,
            "y": 271
          }
        ]
      }
    ]
  },
  {
    "name": "Bottom of the Well MQ",
    "parent": "Kakariko C",
    "access_rules": [
      "botw_mq,ocarina,storm"
    ],
    "sections": [
      {
        "name": "Compass Chest",
        "access_rules": [
          "sword1",
          "sticks,[sword1]",
          "{agony}"
        ],
        "capture_item": true,
        "item_count": 1
      },
      {
        "name": "Map Chest",
        "access_rules": [
          "$has_explosives",
          "ocarina,lullaby"
        ],
        "item_count": 1
      },
      {
        "name": "Lens Chest",
        "access_rules": [
          "$has_explosives,botw_small_keys:1"
        ],
        "item_count": 1
      },
      {
        "name": "Dead Hand Freestanding Key",
        "access_rules": [
          "$has_explosives"
        ],
        "chest_unopened_img": "images/small_key.png",
        "chest_opened_img": "images/small_key_check.png",
        "item_count": 1
      },
      {
        "name": "East Inner Room Freestanding Key",
        "access_rules": [
          "$has_explosives",
          "ocarina,lullaby"
        ],
        "chest_unopened_img": "images/small_key.png",
        "chest_opened_img": "images/small_key_check.png",
        "item_count": 1
      },
    ],
    "map_locations": [
      {
        "map": "child",
        "x": 1920,
        "y": 383
      }
    ],
    "children": [
      {
        "name": "Bottom of the Well MQ Skulltulas",
        "access_rules": [
          "dungeon_skulltulas"
        ],
        "sections": [
          {
            "name": "GS78 - West Inner Room",
            "short_name": "West Inner Room",
            "access_rules": [
              "$can_child_attack,$can_see_with_lens,ocarina,lullaby",
              "$can_child_attack,$can_see_with_lens,$has_explosives"
            ],
            "chest_unopened_img": "images/skulltula.png",
            "chest_opened_img": "images/skulltula_token.png",
            "item_count": 1
          },
          {
            "name": "GS79 - Basement",
            "short_name": "Basement",
            "access_rules": [
              "$can_child_attack"
            ],
            "chest_unopened_img": "images/skulltula.png",
            "chest_opened_img": "images/skulltula_token.png",
            "item_count": 1
          },
          {
            "name": "GS80 - Coffin Room",
            "short_name": "Coffin Room",
            "access_rules": [
              "$can_child_attack,botw_small_keys:1"
            ],
            "chest_unopened_img": "images/skulltula.png",
            "chest_opened_img": "images/skulltula_token.png",
            "item_count": 1
          }
        ],
        "map_locations": [
          {
            "map": "child",
            "x": 1920,
            "y": 414
          }
        ]
      }
    ]
  },
  {
    "name": "Ganons Castle MQ",
    "parent": "Ganons Castle Grounds",
    "access_rules": [
      "gc_mq,bridge_open,sword2",
      "gc_mq,bridge_vanilla,sword2,lacs_meds:2,lightarrow",
      "gc_mq,bridge_stones,sword2,stones:3",
      "gc_mq,bridge_medallions,sword2,forestmed,noct_meds:2,lacs_meds:2,lightmed",
      "gc_mq,bridge_dungeons,sword2,forestmed,noct_meds:2,lacs_meds:2,lightmed,stones:3",
      "gc_mq,bridge_100gs,sword2,token:100"
    ],
    "sections": [
      {
        "name": "Forest Trial First Chest",
        "access_rules": [
          "bow"
        ],
        "item_count": 1
      },
      {
        "name": "Forest Trial Second Chest",
        "access_rules": [
          "$has_fire"
        ],
        "item_count": 1
      },
      {
        "name": "Forest Trial Freestanding Key",
        "access_rules": [
          "hookshot",
          "{}"
        ],
        "capture_item": true,
        "chest_unopened_img": "images/small_key.png",
        "chest_opened_img": "images/small_key_check.png",
        "item_count": 1
      },
      {
        "name": "Water Trial Chest",
        "access_rules": [
          "$has_bottle"
        ],
        "item_count": 1
      },
      {
        "name": "Shadow Trial First Chest",
        "access_rules": [
          "bow,hookshot",
          "bow,hoverboots",
          "hoverboots,$can_see_with_lens,$has_explosives",
          "hoverboots,$can_see_with_lens,lift1",
          "hoverboots,$can_see_with_lens,dinsfire,magic"
        ],
        "item_count": 1
      },
      {
        "name": "Shadow Trial Second Chest",
        "access_rules": [
          "bow,$can_see_with_lens,hoverboots",
          "bow,$can_see_with_lens,hookshot,$has_fire"
        ],
        "item_count": 1
      },
      {
        "name": "Spirit Trial First Chest",
        "access_rules": [
          "[bow],hammer"
        ],
        "item_count": 1
      },
      {
        "name": "Spirit Trial Second Chest",
        "access_rules": [
          "@Ganons Castle MQ/Spirit Trial First Chest,bombchu,$can_see_with_lens"
        ],
        "item_count": 1
      },
      {
        "name": "Spirit Trial Sun Front Left Chest",
        "access_rules": [
          "hammer,bombchu,bow,firearrow,magic,shield3"
        ],
        "item_count": 1
      },
      {
        "name": "Spirit Trial Sun Back Left Chest",
        "access_rules": [
          "@Ganons Castle MQ/Spirit Trial Sun Front Left Chest"
        ],
        "item_count": 1
      },
      {
        "name": "Spirit Trial Golden Gauntlets Chest",
        "access_rules": [
          "@Ganons Castle MQ/Spirit Trial Sun Front Left Chest"
        ],
        "item_count": 1
      },
      {
        "name": "Spirit Trial Sun Back Right Chest",
        "access_rules": [
          "@Ganons Castle MQ/Spirit Trial Sun Front Left Chest"
        ],
        "item_count": 1
      },
      {
        "name": "Light Trial Lullaby Chest",
        "access_rules": [
          "lift3,ocarina,lullaby"
        ],
        "item_count": 1
      },
      {
        "name": "Castle Tower",
        "access_rules": [
          "gc_small_keys:3,$can_LA,lift3,ocarina,time,$has_goron_tunic,$has_bottle,$can_see_with_lens,hammer,bombchu,shield3,firearrow,longshot",
          "gc_small_keys:3,$can_LA,lift3,ocarina,time,$has_goron_tunic,$has_bottle,$can_see_with_lens,hammer,bombchu,shield3,firearrow,hookshot,hoverboots"
        ],
        "chest_unopened_img": "images/chest_golden_closed.png",
        "chest_opened_img": "images/chest_golden_open.png",
        "item_count": 1
      }
    ],
    "map_locations": [
      {
        "map": "adult",
        "x": 1409,
        "y": 206
      }
    ],
    "children": [
      {
        "name": "Ganons Castle MQ Scrubs",
        "access_rules": [
          "scrub_shuffle_yes"
        ],
        "sections": [
          {
            "name": "Hidden Room",
            "short_name": "Hidden Room",
            "access_rules": [
              "$can_see_with_lens"
            ],
            "chest_unopened_img": "images/deku_scrub.png",
            "chest_opened_img": "images/deku_scrub_grey.png",
            "clear_as_group": false,
            "item_count": 5
          }
        ],
        "map_locations": [
          {
            "map": "adult",
            "x": 1409,
            "y": 176
          }
        ]
      }
    ]
  },
  {
    "name": "Ice Cavern MQ",
    "parent": "Zoras Fountain A",
    "access_rules": [
      "ice_mq,$adult_fountain,$has_bottle"
    ],
    "sections": [
      {
        "name": "Map Chest",
        "item_count": 1
      },
      {
        "name": "Compass Chest",
        "item_count": 1
      },
      {
        "name": "Freestanding HP",
        "access_rules": [
          "$has_explosives",
          "{}"
        ],
        "capture_item": true,
        "chest_unopened_img": "images/HP.png",
        "chest_opened_img": "images/HP_grey.png",
        "item_count": 1
      },
      {
        "name": "Iron Boots Chest",
        "item_count": 1
      },
      {
        "name": "Sheik in Ice Cavern",
        "access_rules": [
          "$has_bottle",
          "{agony}"
        ],
        "capture_item": true,
        "chest_unopened_img": "images/grey_note.png",
        "chest_opened_img": "images/grey_note_check.png",
        "item_count": 1
      }
    ],
    "map_locations": [
      {
        "map": "adult",
        "x": 2471,
        "y": 276
      }
    ],
    "children": [
      {
        "name": "Ice Cavern MQ Skulltulas",
        "access_rules": [
          "dungeon_skulltulas"
        ],
        "sections": [
          {
            "name": "GS70 - Red Ice",
            "short_name": "Red Ice",
            "access_rules": [
              "ocarina,time"
            ],
            "chest_unopened_img": "images/skulltula.png",
            "chest_opened_img": "images/skulltula_token.png",
            "item_count": 1
          },
          {
            "name": "GS71 - Scarecrow",
            "short_name": "Scarecrow",
            "access_rules": [
              "hookshot,ocarina,[scarecrow]",
              "longshot,hoverboots"
            ],
            "chest_unopened_img": "images/skulltula.png",
            "chest_opened_img": "images/skulltula_token.png",
            "item_count": 1
          },
          {
            "name": "GS72 - Ice Block",
            "short_name": "Ice Block",
            "chest_unopened_img": "images/skulltula.png",
            "chest_opened_img": "images/skulltula_token.png",
            "item_count": 1
          }
        ],
        "map_locations": [
          {
            "map": "adult",
            "x": 2471,
            "y": 246
          }
        ]
      }
    ]
  },
  {
    "name": "Gerudo Training Grounds MQ",
    "parent": "Gerudo Fortress",
    "access_rules": [
      "gtg_mq,carpenter_rescue_yes,card",
      "gtg_mq,gerudo_fortress_open,card"
    ],
    "sections": [
      {
        "name": "Lobby Left Chest",
        "item_count": 1
      },
      {
        "name": "Lobby Right Chest",
        "item_count": 1
      },
      {
        "name": "Hidden Ceiling Chest",
        "access_rules": [
          "$can_see_with_lens"
        ],
        "item_count": 1
      },
      {
        "name": "Maze Path First Chest",
        "item_count": 1
      },
      {
        "name": "Maze Path Second Chest",
        "item_count": 1
      },
      {
        "name": "Maze Path Third Chest",
        "access_rules": [
          "gtg_small_keys:1"
        ],
        "item_count": 1
      },
      {
        "name": "Dinolfos Chest",
        "access_rules": [
          "bow",
          "@Gerudo Training Grounds MQ/Second Iron Knuckle Chest"
        ],
        "item_count": 1
      },
      {
        "name": "Underwater Silver Rupee Chest",
        "access_rules": [
          "@Gerudo Training Grounds MQ/Dinolfos Chest,hoverboots,$has_fire,ironboots,$has_zora_tunic",
          "@Gerudo Training Grounds MQ/Maze Right Central Chest,longshot,$has_fire,ironboots,$has_zora_tunic",
          "@Gerudo Training Grounds MQ/Maze Right Central Chest,bow,$has_fire,ironboots,$has_zora_tunic",
          "{agony}"
        ],
        "capture_item": true,
        "item_count": 1
      },
      {
        "name": "First Iron Knuckle Chest",
        "access_rules": [
          "$has_fire"
        ],
        "item_count": 1
      },
      {
        "name": "Before Heavy Block Chest",
        "access_rules": [
          "@Gerudo Training Grounds MQ/First Iron Knuckle Chest,hookshot,[longshot]"
        ],
        "item_count": 1
      },
      {
        "name": "Heavy Block Chest",
        "access_rules": [
          "@Gerudo Training Grounds MQ/Before Heavy Block Chest,lift2"
        ],
        "item_count": 1
      },
      {
        "name": "Second Iron Knuckle Chest",
        "access_rules": [
          "@Gerudo Training Grounds MQ/Before Heavy Block Chest,[ocarina],[time],$can_see_with_lens,$has_bottle"
        ],
        "item_count": 1
      },
      {
        "name": "Eye Statue Chest",
        "access_rules": [
          "@Gerudo Training Grounds MQ/Second Iron Knuckle Chest,bow"
        ],
        "item_count": 1
      },
      {
        "name": "Flame Circle Chest",
        "access_rules": [
          "@Gerudo Training Grounds MQ/Second Iron Knuckle Chest"
        ],
        "item_count": 1
      },
      {
        "name": "Maze Right Central Chest",
        "access_rules": [
          "@Gerudo Training Grounds MQ/Second Iron Knuckle Chest,hammer"
        ],
        "item_count": 1
      },
      {
        "name": "Maze Right Side Chest",
        "access_rules": [
          "@Gerudo Training Grounds MQ/Maze Right Central Chest"
        ],
        "item_count": 1
      },
      {
        "name": "Ice Arrows Chest",
        "access_rules": [
          "@Gerudo Training Grounds MQ/Maze Right Central Chest,gtg_small_keys:3",
          "{agony}"
        ],
        "capture_item": true,
        "item_count": 1
      }
    ],
    "map_locations": [
      {
        "map": "adult",
        "x": 481,
        "y": 474
      }
    ]
  }
]