[
  {
    "name": "Forest Stage Bean",
    "type": "progressive",
    "allow_disabled": false,
    "stages": [
      {
        "img": "images/bean.png",
        "img_mods": "@disabled",
        "codes": "bean_stage_no"
      },
      {
        "img": "images/bean.png",
        "codes": "bean_stage_yes",
        "inherit_codes": false
      }
    ]
  },
  {
    "name": "Lake Hylia Bean",
    "type": "progressive",
    "allow_disabled": false,
    "stages": [
      {
        "img": "images/bean.png",
        "img_mods": "@disabled",
        "codes": "bean_lake_no"
      },
      {
        "img": "images/bean.png",
        "codes": "bean_lake_yes",
        "inherit_codes": false
      }
    ]
  },
  {
    "name": "Graveyard Bean",
    "type": "progressive",
    "allow_disabled": false,
    "stages": [
      {
        "img": "images/bean.png",
        "img_mods": "@disabled",
        "codes": "bean_graveyard_no"
      },
      {
        "img": "images/bean.png",
        "codes": "bean_graveyard_yes",
        "inherit_codes": false
      }
    ]
  },
  {
    "name": "DMT Bean",
    "type": "progressive",
    "allow_disabled": false,
    "stages": [
      {
        "img": "images/bean.png",
        "img_mods": "@disabled",
        "codes": "bean_trail_no"
      },
      {
        "img": "images/bean.png",
        "codes": "bean_trail_yes",
        "inherit_codes": false
      }
    ]
  },
  {
    "name": "DMC Bean",
    "type": "progressive",
    "allow_disabled": false,
    "stages": [
      {
        "img": "images/bean.png",
        "img_mods": "@disabled",
        "codes": "bean_crater_no"
      },
      {
        "img": "images/bean.png",
        "codes": "bean_crater_yes",
        "inherit_codes": false
      }
    ]
  },
  {
    "name": "Colossus Bean",
    "type": "progressive",
    "allow_disabled": false,
    "stages": [
      {
        "img": "images/bean.png",
        "img_mods": "@disabled",
        "codes": "bean_colossus_no"
      },
      {
        "img": "images/bean.png",
        "codes": "bean_colossus_yes",
        "inherit_codes": false
      }
    ]
  }
]