[
  {
    "name": "Generic Grotto",
    "type": "toggle",
    "img": "images/entrance_grotto_generic.png",
    "codes": "entrance_grotto_generic"
  },
  {
    "name": "Scrub",
    "type": "toggle",
    "img": "images/entrance_grotto_scrub.png",
    "codes": "entrance_grotto_scrub"
  },
  {
    "name": "Cow",
    "type": "toggle",
    "img": "images/entrance_grotto_cow.png",
    "codes": "entrance_grotto_cow"
  },
  {
    "name": "Enemy Grotto",
    "type": "toggle",
    "img": "images/entrance_grotto_enemy.png",
    "codes": "entrance_grotto_enemy"
  },
  {
    "name": "Field North Lon Lon Grotto",
    "type": "toggle",
    "img": "images/entrance_grotto_tektite.png",
    "codes": "entrance_grotto_tektite"
  },
  {
    "name": "Deku Theater",
    "type": "toggle",
    "img": "images/entrance_grotto_theater.png",
    "codes": "entrance_grotto_theater"
  },
  {
    "name": "Castle Storms Grotto",
    "type": "toggle",
    "img": "images/entrance_grotto_castle_storms.png",
    "codes": "entrance_grotto_castle_storms"
  },
  {
    "name": "Field Kakariko Grotto",
    "type": "toggle",
    "img": "images/entrance_grotto_field_kak.png",
    "codes": "entrance_grotto_field_kak"
  },
  {
    "name": "Field Valley Grotto",
    "type": "toggle",
    "img": "images/entrance_grotto_field_valley.png",
    "codes": "entrance_grotto_field_valley"
  },
  {
    "name": "Composer Grave",
    "type": "toggle",
    "img": "images/entrance_grotto_comp.png",
    "codes": "entrance_grotto_comp"
  },
  {
    "name": "Graveyard Dampes Grave",
    "type": "toggle",
    "img": "images/entrance_grotto_dampe.png",
    "codes": "entrance_grotto_dampe"
  },
  {
    "name": "Heart Piece Grave",
    "type": "toggle",
    "img": "images/entrance_grotto_hp.png",
    "codes": "entrance_grotto_hp"
  },
  {
    "name": "Fairy Fountain",
    "type": "toggle",
    "img": "images/entrance_grotto_fairy.png",
    "codes": "entrance_grotto_fairy"
  }
]