[
  {
    "name": "DMC Lower",
    "type": "toggle",
    "img": "images/entrance_overworld_dmc_lwr.png",
    "codes": "entrance_overworld_dmc_lwr"
  },
  {
    "name": "Death Mountain Summit",
    "type": "toggle",
    "img": "images/entrance_overworld_dm_smt.png",
    "codes": "entrance_overworld_dm_smt"
  },
  {
    "name": "Gerudo Fortress",
    "type": "toggle",
    "img": "images/entrance_overworld_gf.png",
    "codes": "entrance_overworld_gf"
  },
  {
    "name": "Zoras Domain",
    "type": "toggle",
    "img": "images/entrance_overworld_zd.png",
    "codes": "entrance_overworld_zd"
  },
  {
    "name": "Zora River",
    "type": "toggle",
    "img": "images/entrance_overworld_zr.png",
    "codes": "entrance_overworld_zr"
  },
  {
    "name": "Sacred Forest Meadow",
    "type": "toggle",
    "img": "images/entrance_overworld_sfm.png",
    "codes": "entrance_overworld_sfm"
  },
  {
    "name": "Graveyard Warp Pad Region",
    "type": "toggle",
    "img": "images/entrance_overworld_gy_pad.png",
    "codes": "entrance_overworld_gy_pad"
  },
  {
    "name": "DMC Fairy",
    "type": "toggle",
    "img": "images/entrance_spawn_dmc_ff.png",
    "codes": "entrance_spawn_dmc_ff"
  },
  {
    "name": "DMT Fairy",
    "type": "toggle",
    "img": "images/entrance_spawn_dmt_ff.png",
    "codes": "entrance_spawn_dmt_ff"
  },
  {
    "name": "HC Fairy",
    "type": "toggle",
    "img": "images/entrance_spawn_hc_ff.png",
    "codes": "entrance_spawn_hc_ff"
  },
  {
    "name": "GC Shop",
    "type": "toggle",
    "img": "images/entrance_spawn_gc_shop.png",
    "codes": "entrance_spawn_gc_shop"
  },
  {
    "name": "LH Fishing",
    "type": "toggle",
    "img": "images/entrance_spawn_lh_fish.png",
    "codes": "entrance_spawn_lh_fish"
  },
  {
    "name": "ZD Shop",
    "type": "toggle",
    "img": "images/entrance_spawn_zd_shop.png",
    "codes": "entrance_spawn_zd_shop"
  },
  {
    "name": "OGC Fairy",
    "type": "toggle",
    "img": "images/entrance_spawn_ogc_ff.png",
    "codes": "entrance_spawn_ogc_ff"
  }
]