[
  {
    "name": "Freebie Label",
    "type": "static",
    "img": "images/free.png",
    "codes": "free_label"
  },
  {
    "name": "Free Prize",
    "type": "progressive",
    "loop": true,
    "allow_disabled": false,
    "stages": [
      {
        "img": "images/unknown-small.png",
        "codes": "free"
      },
      {
        "img": "images/lightmedallion.png",
        "codes": "free,lightmed",
        "inherit_codes": false
      },
      {
        "img": "images/lacs_medallions.png",
        "codes": "free,lacs_meds",
        "inherit_codes": false
      },
      {
        "img": "images/nocturne_medallions.png",
        "codes": "free,noct_meds",
        "inherit_codes": false
      },
      {
        "img": "images/forestmedallion.png",
        "codes": "free,forestmed",
        "inherit_codes": false
      },
      {
        "img": "images/stones.png",
        "codes": "free,stones",
        "inherit_codes": false
      }
    ]
  },
  {
    "name": "Deku Tree Label",
    "type": "progressive",
    "allow_disabled": false,
    "loop": true,
    "stages": [
      {
        "img": "images/deku.png",
        "codes": "deku_label,deku_reg"
      },
      {
        "img": "images/deku_mq.png",
        "codes": "deku_label,deku_mq",
        "inherit_codes": false
      }
    ]
  },
  {
    "name": "Deku Prize",
    "type": "progressive_toggle",
    "loop": true,
    "stages": [
      {
        "img": "images/unknown-small.png",
        "codes": "deku"
      },
      {
        "img": "images/stones.png",
        "codes": "deku,stones",
        "inherit_codes": false
      },
      {
        "img": "images/forestmedallion.png",
        "codes": "deku,forestmed",
        "inherit_codes": false
      },
      {
        "img": "images/nocturne_medallions.png",
        "codes": "deku,noct_meds",
        "inherit_codes": false
      },
      {
        "img": "images/lacs_medallions.png",
        "codes": "deku,lacs_meds",
        "inherit_codes": false
      },
      {
        "img": "images/lightmedallion.png",
        "codes": "deku,lightmed",
        "inherit_codes": false
      }
    ]
  },
  {
    "name": "Dodongo's Cavern Label",
    "type": "progressive",
    "allow_disabled": false,
    "loop": true,
    "stages": [
      {
        "img": "images/dodongo.png",
        "codes": "dodongo_label,dodongo_reg"
      },
      {
        "img": "images/dodongo_mq.png",
        "codes": "dodongo_label,dodongo_mq",
        "inherit_codes": false
      }
    ]
  },
  {
    "name": "Dodongo Prize",
    "type": "progressive_toggle",
    "loop": true,
    "stages": [
      {
        "img": "images/unknown-small.png",
        "codes": "dodongo,dc"
      },
      {
        "img": "images/stones.png",
        "codes": "dodongo,stones",
        "inherit_codes": false
      },
      {
        "img": "images/forestmedallion.png",
        "codes": "dodongo,forestmed",
        "inherit_codes": false
      },
      {
        "img": "images/nocturne_medallions.png",
        "codes": "dodongo,noct_meds",
        "inherit_codes": false
      },
      {
        "img": "images/lacs_medallions.png",
        "codes": "dodongo,lacs_meds",
        "inherit_codes": false
      },
      {
        "img": "images/lightmedallion.png",
        "codes": "dodongo,lightmed",
        "inherit_codes": false
      }
    ]
  },
  {
    "name": "Jabu-Jabu Label",
    "type": "progressive",
    "allow_disabled": false,
    "loop": true,
    "stages": [
      {
        "img": "images/jabu.png",
        "codes": "jabu_label,jabu_reg"
      },
      {
        "img": "images/jabu_mq.png",
        "codes": "jabu_label,jabu_mq",
        "inherit_codes": false
      }
    ]
  },
  {
    "name": "Jabu Prize",
    "type": "progressive_toggle",
    "loop": true,
    "stages": [
      {
        "img": "images/unknown-small.png",
        "codes": "jabu"
      },
      {
        "img": "images/stones.png",
        "codes": "jabu,stones",
        "inherit_codes": false
      },
      {
        "img": "images/forestmedallion.png",
        "codes": "jabu,forestmed",
        "inherit_codes": false
      },
      {
        "img": "images/nocturne_medallions.png",
        "codes": "jabu,noct_meds",
        "inherit_codes": false
      },
      {
        "img": "images/lacs_medallions.png",
        "codes": "jabu,lacs_meds",
        "inherit_codes": false
      },
      {
        "img": "images/lightmedallion.png",
        "codes": "jabu,lightmed",
        "inherit_codes": false
      }
    ]
  },
  {
    "name": "Forest Temple Label",
    "type": "progressive",
    "allow_disabled": false,
    "loop": true,
    "stages": [
      {
        "img": "images/forest.png",
        "codes": "forest_label,forest_reg"
      },
      {
        "img": "images/forest_mq.png",
        "codes": "forest_label,forest_mq",
        "inherit_codes": false
      }
    ]
  },
  {
    "name": "Forest Small Keys",
    "type": "consumable",
    "img": "images/oot_small_key.png",
    "codes": "forest_small_keys,forestsmall,forestsk",
    "max_quantity": 6
  },
  {
    "name": "Forest Boss Key",
    "type": "toggle",
    "img": "images/oot_boss_key.png",
    "codes": "forest_boss_key,forestboss,forestbk"
  },
  {
    "name": "Forest Prize",
    "type": "progressive_toggle",
    "loop": true,
    "stages": [
      {
        "img": "images/unknown-small.png",
        "codes": "forest"
      },
      {
        "img": "images/stones.png",
        "codes": "forest,stones",
        "inherit_codes": false
      },
      {
        "img": "images/forestmedallion.png",
        "codes": "forest,forestmed",
        "inherit_codes": false
      },
      {
        "img": "images/nocturne_medallions.png",
        "codes": "forest,noct_meds",
        "inherit_codes": false
      },
      {
        "img": "images/lacs_medallions.png",
        "codes": "forest,lacs_meds",
        "inherit_codes": false
      },
      {
        "img": "images/lightmedallion.png",
        "codes": "forest,lightmed",
        "inherit_codes": false
      }
    ]
  },
  {
    "name": "Fire Temple Label",
    "type": "progressive",
    "allow_disabled": false,
    "loop": true,
    "stages": [
      {
        "img": "images/fire.png",
        "codes": "fire_label,fire_reg"
      },
      {
        "img": "images/fire_mq.png",
        "codes": "fire_label,fire_mq",
        "inherit_codes": false
      }
    ]
  },
  {
    "name": "Fire Small Keys",
    "type": "consumable",
    "img": "images/oot_small_key.png",
    "codes": "fire_small_keys,firesmall,firesk",
    "max_quantity": 8
  },
  {
    "name": "Fire Boss Key",
    "type": "toggle",
    "img": "images/oot_boss_key.png",
    "codes": "fire_boss_key,fireboss,firebk"
  },
  {
    "name": "Fire Prize",
    "type": "progressive_toggle",
    "loop": true,
    "stages": [
      {
        "img": "images/unknown-small.png",
        "codes": "fire"
      },
      {
        "img": "images/stones.png",
        "codes": "fire,stones",
        "inherit_codes": false
      },
      {
        "img": "images/forestmedallion.png",
        "codes": "fire,forestmed",
        "inherit_codes": false
      },
      {
        "img": "images/nocturne_medallions.png",
        "codes": "fire,noct_meds",
        "inherit_codes": false
      },
      {
        "img": "images/lacs_medallions.png",
        "codes": "fire,lacs_meds",
        "inherit_codes": false
      },
      {
        "img": "images/lightmedallion.png",
        "codes": "fire,lightmed",
        "inherit_codes": false
      }
    ]
  },
  {
    "name": "Water Temple Label",
    "type": "progressive",
    "allow_disabled": false,
    "loop": true,
    "stages": [
      {
        "img": "images/water.png",
        "codes": "water_label,water_reg"
      },
      {
        "img": "images/water_mq.png",
        "codes": "water_label,water_mq",
        "inherit_codes": false
      }
    ]
  },
  {
    "name": "Water Small Keys",
    "type": "consumable",
    "img": "images/oot_small_key.png",
    "codes": "water_small_keys,watersmall,watersk",
    "max_quantity": 6
  },
  {
    "name": "Water Boss Key",
    "type": "toggle",
    "img": "images/oot_boss_key.png",
    "codes": "water_boss_key,waterboss,waterbk"
  },
  {
    "name": "Water Prize",
    "type": "progressive_toggle",
    "loop": true,
    "stages": [
      {
        "img": "images/unknown-small.png",
        "codes": "water"
      },
      {
        "img": "images/stones.png",
        "codes": "water,stones",
        "inherit_codes": false
      },
      {
        "img": "images/forestmedallion.png",
        "codes": "water,forestmed",
        "inherit_codes": false
      },
      {
        "img": "images/nocturne_medallions.png",
        "codes": "water,noct_meds",
        "inherit_codes": false
      },
      {
        "img": "images/lacs_medallions.png",
        "codes": "water,lacs_meds",
        "inherit_codes": false
      },
      {
        "img": "images/lightmedallion.png",
        "codes": "water,lightmed",
        "inherit_codes": false
      }
    ]
  },
  {
    "name": "Spirit Temple Label",
    "type": "progressive",
    "allow_disabled": false,
    "loop": true,
    "stages": [
      {
        "img": "images/spirit.png",
        "codes": "spirit_label,spirit_reg"
      },
      {
        "img": "images/spirit_mq.png",
        "codes": "spirit_label,spirit_mq",
        "inherit_codes": false
      }
    ]
  },
  {
    "name": "Spirit Small Keys",
    "type": "consumable",
    "img": "images/oot_small_key.png",
    "codes": "spirit_small_keys,spiritsmall,spiritsk",
    "max_quantity": 7
  },
  {
    "name": "Spirit Boss Key",
    "type": "toggle",
    "img": "images/oot_boss_key.png",
    "codes": "spirit_boss_key,spiritboss,spiritbk"
  },
  {
    "name": "Spirit Prize",
    "type": "progressive_toggle",
    "loop": true,
    "stages": [
      {
        "img": "images/unknown-small.png",
        "codes": "spirit"
      },
      {
        "img": "images/stones.png",
        "codes": "spirit,stones",
        "inherit_codes": false
      },
      {
        "img": "images/forestmedallion.png",
        "codes": "spirit,forestmed",
        "inherit_codes": false
      },
      {
        "img": "images/nocturne_medallions.png",
        "codes": "spirit,noct_meds",
        "inherit_codes": false
      },
      {
        "img": "images/lacs_medallions.png",
        "codes": "spirit,lacs_meds",
        "inherit_codes": false
      },
      {
        "img": "images/lightmedallion.png",
        "codes": "spirit,lightmed",
        "inherit_codes": false
      }
    ]
  },
  {
    "name": "Shadow Temple Label",
    "type": "progressive",
    "allow_disabled": false,
    "loop": true,
    "stages": [
      {
        "img": "images/shadow.png",
        "codes": "shadow_label,shadow_reg"
      },
      {
        "img": "images/shadow_mq.png",
        "codes": "shadow_label,shadow_mq",
        "inherit_codes": false
      }
    ]
  },
  {
    "name": "Shadow Small Keys",
    "type": "consumable",
    "img": "images/oot_small_key.png",
    "codes": "shadow_small_keys,shadowsmall,shadowsk",
    "max_quantity": 6
  },
  {
    "name": "Shadow Boss Key",
    "type": "toggle",
    "img": "images/oot_boss_key.png",
    "codes": "shadow_boss_key,shadowboss,shadowbk"
  },
  {
    "name": "Shadow Prize",
    "type": "progressive_toggle",
    "loop": true,
    "stages": [
      {
        "img": "images/unknown-small.png",
        "codes": "shadow"
      },
      {
        "img": "images/stones.png",
        "codes": "shadow,stones",
        "inherit_codes": false
      },
      {
        "img": "images/forestmedallion.png",
        "codes": "shadow,forestmed",
        "inherit_codes": false
      },
      {
        "img": "images/nocturne_medallions.png",
        "codes": "shadow,noct_meds",
        "inherit_codes": false
      },
      {
        "img": "images/lacs_medallions.png",
        "codes": "shadow,lacs_meds",
        "inherit_codes": false
      },
      {
        "img": "images/lightmedallion.png",
        "codes": "shadow,lightmed",
        "inherit_codes": false
      }
    ]
  },
  {
    "name": "BotW Label",
    "type": "progressive",
    "allow_disabled": false,
    "loop": true,
    "stages": [
      {
        "img": "images/botw.png",
        "codes": "botw_label,botw_reg"
      },
      {
        "img": "images/botw_mq.png",
        "codes": "botw_label,botw_mq",
        "inherit_codes": false
      }
    ]
  },
  {
    "name": "BotW Small Keys",
    "type": "consumable",
    "img": "images/oot_small_key.png",
    "codes": "botw_small_keys,botwsmall,botwsk",
    "max_quantity": 3
  },
  {
    "name": "Ice Label",
    "type": "progressive",
    "allow_disabled": false,
    "loop": true,
    "stages": [
      {
        "img": "images/ice.png",
        "codes": "ice_label,ice_reg"
      },
      {
        "img": "images/ice_mq.png",
        "codes": "ice_label,ice_mq",
        "inherit_codes": false
      }
    ]
  },
  {
    "name": "GF Label",
    "type": "static",
    "img": "images/gf.png",
    "codes": "gf_label"
  },
  {
    "name": "GF Small Keys",
    "type": "consumable",
    "img": "images/oot_small_key.png",
    "codes": "gf_small_keys,gfsmall,gfsk",
    "max_quantity": 4
  },
  {
    "name": "GTG Label",
    "type": "progressive",
    "allow_disabled": false,
    "loop": true,
    "stages": [
      {
        "img": "images/gtg.png",
        "codes": "gtg_label,gtg_reg"
      },
      {
        "img": "images/gtg_mq.png",
        "codes": "gtg_label,gtg_mq",
        "inherit_codes": false
      }
    ]
  },
  {
    "name": "GTG Small Keys",
    "type": "consumable",
    "img": "images/oot_small_key.png",
    "codes": "gtg_small_keys,gtgsmall,gtgsk",
    "max_quantity": 9
  },
  {
    "name": "GC Label",
    "type": "progressive",
    "allow_disabled": false,
    "loop": true,
    "stages": [
      {
        "img": "images/gc.png",
        "codes": "gc_label,gc_reg"
      },
      {
        "img": "images/gc_mq.png",
        "codes": "gc_label,gc_mq",
        "inherit_codes": false
      }
    ]
  },
  {
    "name": "GC Small Keys",
    "type": "consumable",
    "img": "images/oot_small_key.png",
    "codes": "gc_small_keys,gcsmall,gcsk",
    "max_quantity": 3
  },
  {
    "name": "GC Boss Key",
    "type": "toggle",
    "img": "images/oot_boss_key.png",
    "codes": "gc_boss_key,gcboss,gcbk"
  },
  {
    "name": "Generic Small Keys",
    "type": "toggle",
    "img": "images/oot_small_key.png",
    "codes": "generic_small_key"
  },
  {
    "name": "Generic Boss Key",
    "type": "toggle",
    "img": "images/oot_boss_key.png",
    "codes": "generic_boss_key"
  }
]