[
  {
    "name": "Forest Small Keys",
    "type": "consumable",
    "img": "images/oot_small_key.png",
    "codes": "forest_small_keys",
    "max_quantity": 5
  },
  {
    "name": "Forest Boss Key",
    "type": "toggle",
    "img": "images/oot_boss_key.png",
    "codes": "forest_boss_key"
  },
  {
    "name": "Fire Small Keys",
    "type": "consumable",
    "img": "images/oot_small_key.png",
    "codes": "fire_small_keys",
    "max_quantity": 8
  },
  {
    "name": "Fire Boss Key",
    "type": "toggle",
    "img": "images/oot_boss_key.png",
    "codes": "fire_boss_key"
  },
  {
    "name": "Water Small Keys",
    "type": "consumable",
    "img": "images/oot_small_key.png",
    "codes": "water_small_keys",
    "max_quantity": 6
  },
  {
    "name": "Water Boss Key",
    "type": "toggle",
    "img": "images/oot_boss_key.png",
    "codes": "water_boss_key"
  },
  {
    "name": "Spirit Small Keys",
    "type": "consumable",
    "img": "images/oot_small_key.png",
    "codes": "spirit_small_keys",
    "max_quantity": 5
  },
  {
    "name": "Spirit Boss Key",
    "type": "toggle",
    "img": "images/oot_boss_key.png",
    "codes": "spirit_boss_key"
  },
  {
    "name": "Shadow Small Keys",
    "type": "consumable",
    "img": "images/oot_small_key.png",
    "codes": "shadow_small_keys",
    "max_quantity": 5
  },
  {
    "name": "Shadow Boss Key",
    "type": "toggle",
    "img": "images/oot_boss_key.png",
    "codes": "shadow_boss_key"
  },
  {
    "name": "BotW Small Keys",
    "type": "consumable",
    "img": "images/oot_small_key.png",
    "codes": "botw_small_keys",
    "max_quantity": 3
  },
  {
    "name": "GF Small Keys",
    "type": "consumable",
    "img": "images/oot_small_key.png",
    "codes": "gf_small_keys",
    "max_quantity": 4
  },
  {
    "name": "GTG Small Keys",
    "type": "consumable",
    "img": "images/oot_small_key.png",
    "codes": "gtg_small_keys",
    "max_quantity": 9
  },
  {
    "name": "GC Small Keys",
    "type": "consumable",
    "img": "images/oot_small_key.png",
    "codes": "gc_small_keys",
    "max_quantity": 2
  },
  {
    "name": "GC Boss Key",
    "type": "toggle",
    "img": "images/oot_boss_key.png",
    "codes": "gc_boss_key"
  }
]