[
  {
    "name": "Open Forest",
    "type": "progressive",
    "allow_disabled": false,
    "loop": true,
    "initial_stage_idx": 2,
    "stages": [
      {
        "img": "images/setting_forest_closed.png",
        "codes": "setting_forest,closed_forest"
      },
      {
        "img": "images/setting_forest_deku.png",
        "codes": "setting_forest,closed_deku",
        "inherits_codes": false
      },
      {
        "img": "images/setting_forest_open.png",
        "codes": "setting_forest,open_forest",
        "inherits_codes": false
      }
    ]
  },
  {
    "name": "Open Door of Time",
    "type": "progressive",
    "allow_disabled": false,
    "loop": true,
    "initial_stage_idx": 1,
    "stages": [
      {
        "img": "images/setting_door_closed.png",
        "codes": "setting_door,closed_door"
      },
      {
        "img": "images/setting_door_open.png",
        "codes": "setting_door,open_door",
        "inherit_codes": false
      }
    ]
  },
  {
    "name": "Open Fountain",
    "type": "progressive",
    "allow_disabled": false,
    "loop": true,
    "stages": [
      {
        "img": "images/setting_fountain_closed.png",
        "codes": "setting_fountain,closed_fountain"
      },
      {
        "img": "images/setting_fountain_open.png",
        "codes": "setting_fountain,open_fountain",
        "inherit_codes": false
      }
    ]
  },
  {
    "name": "Gerudo Fortress",
    "type": "progressive",
    "allow_disabled": false,
    "loop": true,
    "initial_stage_idx": 1,
    "stages": [
      {
        "img": "images/setting_gerudo_fortress_normal.png",
        "codes": "setting_gerudo,gerudo_fortress_normal"
      },
      {
        "img": "images/setting_gerudo_fortress_fast.png",
        "codes": "setting_gerudo,gerudo_fortress_fast",
        "inherit_codes": false
      },
      {
        "img": "images/setting_gerudo_fortress_open.png",
        "codes": "setting_gerudo,gerudo_fortress_open",
        "inherit_codes": false
      }
    ]
  },
  {
    "name": "Bridge Requirement",
    "type": "progressive",
    "allow_disabled": false,
    "loop": true,
    "initial_stage_idx": 3,
    "stages": [
      {
        "img": "images/setting_bridge_open.png",
        "codes": "setting_bridge,bridge_open",
        "inherit_codes": false
      },
      {
        "img": "images/setting_bridge_vanilla.png",
        "codes": "setting_bridge,bridge_vanilla",
        "inherit_codes": false
      },
      {
        "img": "images/setting_bridge_stones.png",
        "codes": "setting_bridge,bridge_stones",
        "inherit_codes": false
      },
      {
        "img": "images/setting_bridge_medallions.png",
        "codes": "setting_bridge,bridge_medallions",
        "inherit_codes": false
      },
      {
        "img": "images/setting_bridge_dungeons.png",
        "codes": "setting_bridge,bridge_dungeons",
        "inherit_codes": false
      },
      {
        "img": "images/setting_bridge_100gs.png",
        "codes": "setting_bridge,bridge_100gs",
        "inherit_codes": false
      }
    ]
  },
  {
    "name": "Lens Requirement",
    "type": "progressive",
    "allow_disabled": false,
    "loop": true,
    "stages": [
      {
        "img": "images/setting_lens_all.png",
        "codes": "setting_lens,setting_lens_all"
      },
      {
        "img": "images/setting_lens_wasteland.png",
        "codes": "setting_lens_wasteland"
      },
      {
        "img": "images/setting_lens_chest.png",
        "codes": "setting_lens_chest"
      }
    ]
  },
  {
    "name": "Fewer Tunic Requirements",
    "type": "progressive",
    "allow_disabled": false,
    "loop": true,
    "initial_stage_idx": 1,
    "stages": [
      {
        "img": "images/setting_fewer_tunics_no.png",
        "codes": "setting_fewer_tunics,setting_fewer_tunics_no"
      },
      {
        "img": "images/setting_fewer_tunics_yes.png",
        "codes": "setting_fewer_tunics,setting_fewer_tunics_yes",
        "inherit_codes": false
      }
    ]
  },
  {	
    "name": "Bombchus in Logic",	
    "type": "progressive",	
    "allow_disabled": false,	
    "loop": true,	
    "stages": [	
      {	
        "img": "images/setting_logic_chus_no.png",	
        "codes": "setting_logic_chus,setting_logic_chus_no"	
      },	
      {	
        "img": "images/setting_logic_chus_yes.png",	
        "codes": "setting_logic_chus,setting_logic_chus_yes",	
        "inherit_codes": false	
      }	
    ]	
  },
  {
    "name": "Deku Scrub Shuffle",
    "type": "progressive",
    "allow_disabled": false,
    "loop": true,
    "stages": [
      {
        "img": "images/setting_scrub_shuffle_no.png",
        "codes": "setting_scrub_shuffle,setting_scrub_shuffle_no"
      },
      {
        "img": "images/setting_scrub_shuffle_yes.png",
        "codes": "setting_scrub_shuffle,setting_scrub_shuffle_yes",
        "inherit_codes": false
      }
    ]
  },
  {
    "name": "Shopsanity",
    "type": "progressive",
    "allow_disabled": false,
    "loop": true,
    "stages": [
      {
        "img": "images/setting_shopsanity_no.png",
        "codes": "setting_shopsanity,setting_shopsanity_no"
      },
      {
        "img": "images/setting_shopsanity_yes.png",
        "codes": "setting_shopsanity,setting_shopsanity_yes",
        "inherit_codes": false
      }
    ]
  },
  {
    "name": "Cowsanity",
    "type": "progressive",
    "allow_disabled": false,
    "loop": true,
    "stages": [
      {
        "img": "images/setting_cowsanity_no.png",
        "codes": "setting_cowsanity,setting_cowsanity_no"
      },
      {
        "img": "images/setting_cowsanity_yes.png",
        "codes": "setting_cowsanity,setting_cowsanity_yes",
        "inherit_codes": false
      }
    ]
  },
  {
    "name": "Gold Skulltulas",
    "type": "progressive",
    "allow_disabled": false,
    "loop": true,
    "stages": [
      {
        "img": "images/setting_skulltulas_off.png",
        "codes": "setting_skulltulas_off"
      },
      {
        "img": "images/setting_skulltulas_dungeons.png",
        "codes": "setting_skulltulas_dungeons"
      },
      {
        "img": "images/setting_skulltulas_all.png",
        "codes": "setting_skulltulas_all"
      }
    ]
  },
  {
    "name": "Bean Planting",
    "type": "progressive",
    "allow_disabled": false,
    "loop": true,
    "stages": [
      {
        "img": "images/setting_plant_no.png",
        "codes": "setting_plant,setting_plant_no"
      },
      {
        "img": "images/setting_plant_yes.png",
        "codes": "setting_plant,setting_plant_yes",
        "inherit_codes": false
      }
    ]
  },
  {
    "name": "Hints",
    "type": "progressive",
    "allow_disabled": false,
    "loop": true,
    "initial_stage_idx": 3,
    "stages": [
      {
        "img": "images/setting_hints_off.png",
        "codes": "setting_hints,setting_hints_off"
      },
      {
        "img": "images/setting_hints_truth.png",
        "codes": "setting_hints,setting_hints_truth",
        "inherit_codes": false
      },
      {
        "img": "images/setting_hints_agony.png",
        "codes": "setting_hints,setting_hints_agony",
        "inherit_codes": false
      },
      {
        "img": "images/setting_hints_on.png",
        "codes": "setting_hints,setting_hints_on",
        "inherit_codes": false
      }
    ]
  },
  {
    "name": "Shuffle Kokiri Sword",
    "type": "progressive",
    "allow_disabled": false,
    "loop": true,
    "initial_stage_idx": 1,
    "stages": [
      {
        "img": "images/setting_shuffle_sword1_no.png",
        "codes": "setting_shuffle_sword1,setting_shuffle_sword1_no"
      },
      {
        "img": "images/setting_shuffle_sword1_yes.png",
        "codes": "setting_shuffle_sword1,setting_shuffle_sword1_yes",
        "inherit_codes": false
      }
    ]
  },
  {
    "name": "Shuffle Ocarinas",
    "type": "progressive",
    "allow_disabled": false,
    "loop": true,
    "stages": [
      {
        "img": "images/setting_shuffle_ocarinas_no.png",
        "codes": "setting_shuffle_ocarinas,setting_shuffle_ocarinas_no"
      },
      {
        "img": "images/setting_shuffle_ocarinas_yes.png",
        "codes": "setting_shuffle_ocarinas,setting_shuffle_ocarinas_yes",
        "inherit_codes": false
      }
    ]
  },
  {
    "name": "Shuffle Weird Egg",
    "type": "progressive",
    "allow_disabled": false,
    "loop": true,
    "stages": [
      {
        "img": "images/setting_shuffle_egg_no.png",
        "codes": "setting_shuffle_egg,setting_shuffle_egg_no"
      },
      {
        "img": "images/setting_shuffle_egg_yes.png",
        "codes": "setting_shuffle_egg,setting_shuffle_egg_yes",
        "inherit_codes": false
      }
    ]
  },
  {
    "name": "Shuffle Gerudo Card",
    "type": "progressive",
    "allow_disabled": false,
    "loop": true,
    "stages": [
      {
        "img": "images/setting_shuffle_card_no.png",
        "codes": "setting_shuffle_card,setting_shuffle_card_no"
      },
      {
        "img": "images/setting_shuffle_card_yes.png",
        "codes": "setting_shuffle_card,setting_shuffle_card_yes",
        "inherit_codes": false
      }
    ]
  },
  {
    "name": "Bean Shuffle",
    "type": "progressive",
    "allow_disabled": false,
    "loop": true,
    "stages": [
      {
        "img": "images/setting_shuffle_beans_no.png",
        "codes": "setting_shuffle_beans,setting_shuffle_beans_no"
      },
      {
        "img": "images/setting_shuffle_beans_yes.png",
        "codes": "setting_shuffle_beans,setting_shuffle_beans_yes",
        "inherit_codes": false
      }
    ]
  }
]