[
  {
    "name": "Open Forest",
    "type": "progressive",
    "allow_disabled": false,
    "loop": true,
    "initial_stage_idx": 1,
    "stages": [
      {
        "img": "images/setting_forest_closed.png",
        "codes": "setting_forest,closed_forest"
      },
      {
        "img": "images/setting_forest_open.png",
        "codes": "setting_forest,open_forest",
        "inherit_codes": false
      }
    ]
  },
  {
    "name": "Open Kakariko",
    "type": "progressive",
    "allow_disabled": false,
    "loop": true,
    "initial_stage_idx": 1,
    "stages": [
      {
        "img": "images/setting_kak_closed.png",
        "codes": "setting_kak,closed_kak"
      },
      {
        "img": "images/setting_kak_open.png",
        "codes": "setting_kak,open_kak",
        "inherit_codes": false
      }
    ]
  },
  {
    "name": "Open Door",
    "type": "progressive",
    "allow_disabled": false,
    "loop": true,
    "initial_stage_idx": 1,
    "stages": [
      {
        "img": "images/setting_door_closed.png",
        "codes": "setting_door,closed_door"
      },
      {
        "img": "images/setting_door_open.png",
        "codes": "setting_door,open_door",
        "inherit_codes": false
      }
    ]
  },
  {
    "name": "Open Fountain",
    "type": "progressive",
    "allow_disabled": false,
    "loop": true,
    "stages": [
      {
        "img": "images/setting_fountain_closed.png",
        "codes": "setting_fountain,closed_fountain"
      },
      {
        "img": "images/setting_fountain_open.png",
        "codes": "setting_fountain,open_fountain",
        "inherit_codes": false
      }
    ]
  },
  {
    "name": "Gerudo Fortress",
    "type": "progressive",
    "allow_disabled": false,
    "loop": true,
    "initial_stage_idx": 1,
    "stages": [
      {
        "img": "images/setting_gerudo_fortress_normal.png",
        "codes": "setting_gerudo,gerudo_fortress_normal"
      },
      {
        "img": "images/setting_gerudo_fortress_fast.png",
        "codes": "setting_gerudo,gerudo_fortress_fast",
        "inherit_codes": false
      },
      {
        "img": "images/setting_gerudo_fortress_open.png",
        "codes": "setting_gerudo,gerudo_fortress_open",
        "inherit_codes": false
      }
    ]
  },
  {
    "name": "Bridge Requirement",
    "type": "progressive",
    "allow_disabled": false,
    "loop": true,
    "initial_stage_idx": 3,
    "stages": [
      {
        "img": "images/setting_bridge_open.png",
        "codes": "setting_bridge,bridge_open",
        "inherit_codes": false
      },
      {
        "img": "images/setting_bridge_vanilla.png",
        "codes": "setting_bridge,bridge_vanilla",
        "inherit_codes": false
      },
      {
        "img": "images/setting_bridge_stones.png",
        "codes": "setting_bridge,bridge_stones",
        "inherit_codes": false
      },
      {
        "img": "images/setting_bridge_medallions.png",
        "codes": "setting_bridge,bridge_medallions",
        "inherit_codes": false
      },
      {
        "img": "images/setting_bridge_dungeons.png",
        "codes": "setting_bridge,bridge_dungeons",
        "inherit_codes": false
      },
      {
        "img": "images/setting_bridge_100gs.png",
        "codes": "setting_bridge,bridge_100gs",
        "inherit_codes": false
      }
    ]
  },
  {
    "name": "Lens Requirement",
    "type": "progressive",
    "allow_disabled": false,
    "loop": true,
    "stages": [
      {
        "img": "images/lens_all.png",
        "codes": "type_lens,lens_all"
      },
      {
        "img": "images/lens_wasteland.png",
        "codes": "lens_wasteland"
      },
      {
        "img": "images/lens_chest.png",
        "codes": "lens_chest"
      }
    ]
  },
  {
    "name": "Fewer Tunic Requirements",
    "type": "progressive",
    "allow_disabled": false,
    "loop": true,
    "initial_stage_idx": 1,
    "stages": [
      {
        "img": "images/fewer_tunics_no.png",
        "codes": "fewer_tunics,fewer_tunics_no"
      },
      {
        "img": "images/fewer_tunics_yes.png",
        "codes": "fewer_tunics,fewer_tunics_yes",
        "inherit_codes": false
      }
    ]
  },
  {	
    "name": "Bombchus in Logic",	
    "type": "progressive",	
    "allow_disabled": false,	
    "loop": true,	
    "stages": [	
      {	
        "img": "images/logic_chus_no.png",	
        "codes": "logic_chus,logic_chus_no"	
      },	
      {	
        "img": "images/logic_chus_yes.png",	
        "codes": "logic_chus,logic_chus_yes",	
        "inherit_codes": false	
      }	
    ]	
  },
  {
    "name": "Deku Scrub Shuffle",
    "type": "progressive",
    "allow_disabled": false,
    "loop": true,
    "stages": [
      {
        "img": "images/scrub_shuffle_no.png",
        "codes": "scrub_shuffle,scrub_shuffle_no"
      },
      {
        "img": "images/scrub_shuffle_yes.png",
        "codes": "scrub_shuffle,scrub_shuffle_yes",
        "inherit_codes": false
      }
    ]
  },
  {
    "name": "Shopsanity",
    "type": "progressive",
    "allow_disabled": false,
    "loop": true,
    "stages": [
      {
        "img": "images/shopsanity_no.png",
        "codes": "shopsanity,shopsanity_no"
      },
      {
        "img": "images/shopsanity_yes.png",
        "codes": "shopsanity,shopsanity_yes",
        "inherit_codes": false
      }
    ]
  },
  {
    "name": "Cowsanity",
    "type": "progressive",
    "allow_disabled": false,
    "loop": true,
    "stages": [
      {
        "img": "images/cowsanity_no.png",
        "codes": "cowsanity,cowsanity_no"
      },
      {
        "img": "images/cowsanity_yes.png",
        "codes": "cowsanity,cowsanity_yes",
        "inherit_codes": false
      }
    ]
  },
  {
    "name": "Show Gold Skulltulas",
    "type": "progressive",
    "allow_disabled": false,
    "loop": true,
    "stages": [
      {
        "img": "images/skulltula_hide.png",
        "codes": "hide_skulltulas"
      },
      {
        "img": "images/skulltula_dungeon.png",
        "codes": "dungeon_skulltulas"
      },
      {
        "img": "images/skulltula_all.png",
        "codes": "all_skulltulas"
      }
    ]
  },
  {
    "name": "Beans",
    "type": "progressive",
    "allow_disabled": false,
    "loop": true,
    "stages": [
      {
        "img": "images/bean_off.png",
        "codes": "beans_plant,beans_plant_no"
      },
      {
        "img": "images/bean_plant.png",
        "codes": "beans_plant,beans_plant_yes",
        "inherit_codes": false
      }
    ]
  }
]