[
  {
    "name": "Forest",
    "type": "progressive",
    "allow_disabled": false,
    "loop": true,
    "initial_stage_idx": 2,
    "stages": [
      {
        "img": "images/setting_forest_closed.png",
        "codes": "setting_forest,setting_forest_closed"
      },
      {
        "img": "images/setting_forest_deku.png",
        "codes": "setting_forest,setting_forest_deku",
        "inherits_codes": false
      },
      {
        "img": "images/setting_forest_open.png",
        "codes": "setting_forest,setting_forest_open",
        "inherits_codes": false
      }
    ]
  },
  {
    "name": "Door of Time",
    "type": "progressive",
    "allow_disabled": false,
    "loop": true,
    "initial_stage_idx": 1,
    "stages": [
      {
        "img": "images/setting_door_closed.png",
        "codes": "setting_door,setting_door_closed"
      },
      {
        "img": "images/setting_door_open.png",
        "codes": "setting_door,setting_door_open",
        "inherit_codes": false
      }
    ]
  },
  {
    "name": "Zora's Fountain",
    "type": "progressive",
    "allow_disabled": false,
    "loop": true,
    "stages": [
      {
        "img": "images/setting_fountain_closed.png",
        "codes": "setting_fountain,setting_fountain_closed"
      },
      {
        "img": "images/setting_fountain_adult.png",
        "codes": "setting_fountain,setting_fountain_adult",
        "inherit_codes": false
      },
      {
        "img": "images/setting_fountain_open.png",
        "codes": "setting_fountain,setting_fountain_open",
        "inherit_codes": false
      }
    ]
  },
  {
    "name": "Gerudo Fortress",
    "type": "progressive",
    "allow_disabled": false,
    "loop": true,
    "initial_stage_idx": 1,
    "stages": [
      {
        "img": "images/setting_gerudo_fortress_normal.png",
        "codes": "setting_gerudo,gerudo_fortress_normal"
      },
      {
        "img": "images/setting_gerudo_fortress_fast.png",
        "codes": "setting_gerudo,gerudo_fortress_fast",
        "inherit_codes": false
      },
      {
        "img": "images/setting_gerudo_fortress_open.png",
        "codes": "setting_gerudo,gerudo_fortress_open",
        "inherit_codes": false
      }
    ]
  },
  {
    "name": "Rainbow Bridge Requirement",
    "type": "progressive",
    "allow_disabled": false,
    "loop": true,
    "initial_stage_idx": 3,
    "stages": [
      {
        "img": "images/setting_bridge_open.png",
        "codes": "setting_bridge,setting_bridge_open",
        "inherit_codes": false
      },
      {
        "img": "images/setting_bridge_vanilla.png",
        "codes": "setting_bridge,setting_bridge_vanilla",
        "inherit_codes": false
      },
      {
        "img": "images/setting_bridge_stones.png",
        "codes": "setting_bridge,setting_bridge_stones",
        "inherit_codes": false
      },
      {
        "img": "images/setting_bridge_medallions.png",
        "codes": "setting_bridge,setting_bridge_medallions",
        "inherit_codes": false
      },
      {
        "img": "images/setting_bridge_dungeons.png",
        "codes": "setting_bridge,setting_bridge_dungeons",
        "inherit_codes": false
      },
      {
        "img": "images/setting_bridge_100gs.png",
        "codes": "setting_bridge,setting_bridge_100gs",
        "inherit_codes": false
      }
    ]
  },
  {
    "name": "Number of Trials",
    "type": "consumable",
    "img": "images/setting_trials.png",
    "codes": "setting_trials",
    "disabled_img_mods": "@enabled",
    "max_quantity": 6
  },
  {	
    "name": "Starting Age",	
    "type": "progressive",	
    "allow_disabled": false,	
    "loop": true,	
    "stages": [	
      {	
        "img": "images/setting_age_child.png",	
        "codes": "setting_age,setting_age_child"	
      },	
      {	
        "img": "images/setting_age_adult.png",	
        "codes": "setting_age,setting_age_adult",	
        "inherit_codes": false	
      }	
    ]	
  },
  {	
    "name": "Bombchus Are Considered in Logic",	
    "type": "progressive",	
    "allow_disabled": false,	
    "loop": true,	
    "stages": [	
      {	
        "img": "images/setting_logic_chus_no.png",	
        "codes": "setting_logic_chus,setting_logic_chus_no"	
      },	
      {	
        "img": "images/setting_logic_chus_yes.png",	
        "codes": "setting_logic_chus,setting_logic_chus_yes",	
        "inherit_codes": false	
      }	
    ]	
  },
  {
    "name": "Shopsanity",
    "type": "progressive",
    "allow_disabled": false,
    "loop": true,
    "stages": [
      {
        "img": "images/setting_shopsanity_no.png",
        "codes": "setting_shopsanity,setting_shopsanity_no"
      },
      {
        "img": "images/setting_shopsanity_yes.png",
        "codes": "setting_shopsanity,setting_shopsanity_yes",
        "inherit_codes": false
      }
    ]
  },
  {
    "name": "Tokensanity",
    "type": "progressive",
    "allow_disabled": false,
    "loop": true,
    "stages": [
      {
        "img": "images/setting_tokens_off.png",
        "codes": "setting_tokens_off"
      },
      {
        "img": "images/setting_tokens_dungeons.png",
        "codes": "setting_tokens_dungeons",
        "inherit_codes": false
      },
      {
        "img": "images/setting_tokens_overworld.png",
        "codes": "setting_tokens_overworld",
        "inherit_codes": false
      },
      {
        "img": "images/setting_tokens_all.png",
        "codes": "setting_tokens_dungeons,setting_tokens_overworld",
        "inherit_codes": false
      }
    ]
  },
  {
    "name": "Scrub Shuffle",
    "type": "progressive",
    "allow_disabled": false,
    "loop": true,
    "stages": [
      {
        "img": "images/setting_scrub_shuffle_no.png",
        "codes": "setting_scrub_shuffle,setting_scrub_shuffle_no"
      },
      {
        "img": "images/setting_scrub_shuffle_yes.png",
        "codes": "setting_scrub_shuffle,setting_scrub_shuffle_yes",
        "inherit_codes": false
      }
    ]
  },
  {
    "name": "Shuffle Cows",
    "type": "progressive",
    "allow_disabled": false,
    "loop": true,
    "stages": [
      {
        "img": "images/setting_cowsanity_no.png",
        "codes": "setting_cowsanity,setting_cowsanity_no"
      },
      {
        "img": "images/setting_cowsanity_yes.png",
        "codes": "setting_cowsanity,setting_cowsanity_yes",
        "inherit_codes": false
      }
    ]
  },
  {
    "name": "Shuffle Kokiri Sword",
    "type": "progressive",
    "allow_disabled": false,
    "loop": true,
    "initial_stage_idx": 1,
    "stages": [
      {
        "img": "images/setting_shuffle_sword1_no.png",
        "codes": "setting_shuffle_sword1,setting_shuffle_sword1_no"
      },
      {
        "img": "images/setting_shuffle_sword1_yes.png",
        "codes": "setting_shuffle_sword1,setting_shuffle_sword1_yes",
        "inherit_codes": false
      }
    ]
  },
  {
    "name": "Shuffle Ocarinas",
    "type": "progressive",
    "allow_disabled": false,
    "loop": true,
    "stages": [
      {
        "img": "images/setting_shuffle_ocarinas_no.png",
        "codes": "setting_shuffle_ocarinas,setting_shuffle_ocarinas_no"
      },
      {
        "img": "images/setting_shuffle_ocarinas_yes.png",
        "codes": "setting_shuffle_ocarinas,setting_shuffle_ocarinas_yes",
        "inherit_codes": false
      }
    ]
  },
  {
    "name": "Shuffle Weird Egg",
    "type": "progressive",
    "allow_disabled": false,
    "loop": true,
    "stages": [
      {
        "img": "images/setting_shuffle_egg_no.png",
        "codes": "setting_shuffle_egg,setting_shuffle_egg_no"
      },
      {
        "img": "images/setting_shuffle_egg_yes.png",
        "codes": "setting_shuffle_egg,setting_shuffle_egg_yes",
        "inherit_codes": false
      }
    ]
  },
  {
    "name": "Shuffle Gerudo Card",
    "type": "progressive",
    "allow_disabled": false,
    "loop": true,
    "stages": [
      {
        "img": "images/setting_shuffle_card_no.png",
        "codes": "setting_shuffle_card,setting_shuffle_card_no"
      },
      {
        "img": "images/setting_shuffle_card_yes.png",
        "codes": "setting_shuffle_card,setting_shuffle_card_yes",
        "inherit_codes": false
      }
    ]
  },
  {
    "name": "Shuffle Magic Beans",
    "type": "progressive",
    "allow_disabled": false,
    "loop": true,
    "stages": [
      {
        "img": "images/setting_shuffle_beans_no.png",
        "codes": "setting_shuffle_beans,setting_shuffle_beans_no"
      },
      {
        "img": "images/setting_shuffle_beans_yes.png",
        "codes": "setting_shuffle_beans,setting_shuffle_beans_yes",
        "inherit_codes": false
      }
    ]
  },
  {
    "name": "Hints",
    "type": "progressive",
    "allow_disabled": false,
    "loop": true,
    "initial_stage_idx": 3,
    "stages": [
      {
        "img": "images/setting_hints_off.png",
        "codes": "setting_hints,setting_hints_off"
      },
      {
        "img": "images/setting_hints_truth.png",
        "codes": "setting_hints,setting_hints_truth",
        "inherit_codes": false
      },
      {
        "img": "images/setting_hints_agony.png",
        "codes": "setting_hints,setting_hints_agony",
        "inherit_codes": false
      },
      {
        "img": "images/setting_hints_on.png",
        "codes": "setting_hints,setting_hints_on",
        "inherit_codes": false
      }
    ]
  },
  {
    "name": "Damage Multiplier",
    "type": "progressive",
    "allow_disabled": false,
    "loop": true,
    "initial_stage_idx": 1,
    "stages": [
      {
        "img": "images/setting_damage_half.png",
        "codes": "setting_damage,setting_damage_half"
      },
      {
        "img": "images/setting_damage_normal.png",
        "codes": "setting_damage,setting_damage_normal",
        "inherit_codes": false
      },
      {
        "img": "images/setting_damage_double.png",
        "codes": "setting_damage,setting_damage_double",
        "inherit_codes": false
      },
      {
        "img": "images/setting_damage_quadruple.png",
        "codes": "setting_damage,setting_damage_quadruple",
        "inherit_codes": false
      },
      {
        "img": "images/setting_damage_ohko.png",
        "codes": "setting_damage,setting_damage_ohko",
        "inherit_codes": false
      }
    ]
  },
  {
    "name": "Bean Planting",
    "type": "progressive",
    "allow_disabled": false,
    "loop": true,
    "stages": [
      {
        "img": "images/setting_plant_no.png",
        "codes": "setting_plant,setting_plant_no"
      },
      {
        "img": "images/setting_plant_yes.png",
        "codes": "setting_plant,setting_plant_yes",
        "inherit_codes": false
      }
    ]
  },
  {
    "name": "Nighttime Skulltulas Expect Sun's Song",
    "type": "progressive",
    "allow_disabled": false,
    "loop": true,
    "stages": [
      {
        "img": "images/setting_skulltulas_sun_off.png",
        "codes": "setting_skulltulas_sun,setting_skulltulas_sun_off"
      },
      {
        "img": "images/setting_skulltulas_sun_on.png",
        "codes": "setting_skulltulas_sun,setting_skulltulas_sun_on",
        "inherit_codes": false
      }
    ]
  },
  {
    "name": "Lens of Truth",
    "type": "progressive",
    "allow_disabled": false,
    "loop": true,
    "initial_stage_idx": 1,
    "stages": [
      {
        "img": "images/setting_lens_all.png",
        "codes": "setting_lens,setting_lens_all"
      },
      {
        "img": "images/setting_lens_wasteland.png",
        "codes": "setting_lens_wasteland"
      },
      {
        "img": "images/setting_lens_chest.png",
        "codes": "setting_lens_chest"
      }
    ]
  }
]