[
  {
    "name": "Forest",
    "type": "progressive",
    "allow_disabled": false,
    "loop": true,
    "initial_stage_idx": 2,
    "stages": [
      {
        "img": "images/setting_forest_closed.png",
        "codes": "setting_forest,setting_forest_closed"
      },
      {
        "img": "images/setting_forest_deku.png",
        "codes": "setting_forest,setting_forest_deku",
        "inherits_codes": false
      },
      {
        "img": "images/setting_forest_open.png",
        "codes": "setting_forest,setting_forest_open",
        "inherits_codes": false
      }
    ]
  },
  {
    "name": "Kakariko Gate",
    "type": "progressive",
    "allow_disabled": false,
    "loop": true,
    "initial_stage_idx": 0,
    "stages": [
      {
        "img": "images/setting_kak_open.png",
        "codes": "setting_kak,setting_kak_open"
      },
      {
        "img": "images/setting_kak_letter.png",
        "codes": "setting_kak,setting_kak_letter",
        "inherit_codes": false
      },
      {
        "img": "images/setting_kak_closed.png",
        "codes": "setting_kak,setting_kak_closed",
        "inherit_codes": false
      }
    ]
  },
  {
    "name": "Door of Time",
    "type": "progressive",
    "allow_disabled": false,
    "loop": true,
    "initial_stage_idx": 1,
    "stages": [
      {
        "img": "images/setting_door_closed.png",
        "codes": "setting_door,setting_door_closed"
      },
      {
        "img": "images/setting_door_open.png",
        "codes": "setting_door,setting_door_open",
        "inherit_codes": false
      }
    ]
  },
  {
    "name": "Zora's Fountain",
    "type": "progressive",
    "allow_disabled": false,
    "loop": true,
    "stages": [
      {
        "img": "images/setting_fountain_closed.png",
        "codes": "setting_fountain,setting_fountain_closed"
      },
      {
        "img": "images/setting_fountain_adult.png",
        "codes": "setting_fountain,setting_fountain_adult",
        "inherit_codes": false
      },
      {
        "img": "images/setting_fountain_open.png",
        "codes": "setting_fountain,setting_fountain_open",
        "inherit_codes": false
      }
    ]
  },
  {
    "name": "Gerudo Fortress",
    "type": "progressive",
    "allow_disabled": false,
    "loop": true,
    "initial_stage_idx": 0,
    "stages": [
      {
        "img": "images/setting_gerudo_fortress_normal.png",
        "codes": "setting_gerudo,gerudo_fortress_normal"
      },
      {
        "img": "images/setting_gerudo_fortress_fast.png",
        "codes": "setting_gerudo,gerudo_fortress_fast",
        "inherit_codes": false
      },
      {
        "img": "images/setting_gerudo_fortress_open.png",
        "codes": "setting_gerudo,gerudo_fortress_open",
        "inherit_codes": false
      }
    ]
  },
  {
    "name": "Rainbow Bridge Requirement",
    "type": "progressive",
    "allow_disabled": false,
    "loop": true,
    "initial_stage_idx": 3,
    "stages": [
      {
        "img": "images/setting_bridge_open.png",
        "codes": "setting_bridge,setting_bridge_open",
        "inherit_codes": false
      },
      {
        "img": "images/setting_bridge_vanilla.png",
        "codes": "setting_bridge,setting_bridge_vanilla",
        "inherit_codes": false
      },
      {
        "img": "images/setting_bridge_stones.png",
        "codes": "setting_bridge,setting_bridge_stones",
        "inherit_codes": false
      },
      {
        "img": "images/setting_bridge_medallions.png",
        "codes": "setting_bridge,setting_bridge_medallions",
        "inherit_codes": false
      },
      {
        "img": "images/setting_bridge_dungeons.png",
        "codes": "setting_bridge,setting_bridge_dungeons",
        "inherit_codes": false
      },
      {
        "img": "images/setting_bridge_gs.png",
        "codes": "setting_bridge,setting_bridge_gs",
        "inherit_codes": false
      }
    ]
  },
  {
    "name": "Rainbow Bridge Amount",
    "type": "consumable",
    "img": "images/setting_bridge_amount.png",
    "codes": "setting_bridge_amount",
    "disabled_img_mods": "@enabled",
    "max_quantity": 6,
    "initial_quantity": 6
  },
  {
    "name": "Big Poes Required",
    "type": "consumable",
    "img": "images/setting_poes_amount.png",
    "codes": "setting_poes_amount",
    "disabled_img_mods": "@enabled",
    "max_quantity": 10,
    "min_quantity": 1,
    "initial_quantity": 10
  },
  {
    "name": "Number of Trials",
    "type": "consumable",
    "img": "images/setting_trials.png",
    "codes": "setting_trials",
    "disabled_img_mods": "@enabled",
    "max_quantity": 6
  },
  {	
    "name": "Starting Age",	
    "type": "progressive",	
    "allow_disabled": false,	
    "loop": true,	
    "stages": [	
      {	
        "img": "images/setting_age_child.png",	
        "codes": "setting_age,setting_age_child"	
      },	
      {	
        "img": "images/setting_age_adult.png",	
        "codes": "setting_age,setting_age_adult",	
        "inherit_codes": false	
      }	
    ]	
  },
  {
    "name": "Shuffle Interior Entrances",
    "type": "progressive",
    "allow_disabled": false,
    "loop": true,
    "initial_stage_idx": 2,
    "stages": [
      {
        "img": "images/setting_entrance_interiors_off.png",
        "img_mods": "@disabled",
        "codes": "setting_entrance_interiors,setting_entrance_interiors_off"
      },
      {
        "img": "images/setting_entrance_interiors_simple.png",
        "codes": "setting_entrance_interiors,setting_entrance_interiors_simple",
        "inherits_codes": false
      },
      {
        "img": "images/setting_entrance_interiors_all.png",
        "codes": "setting_entrance_interiors_all"
      }
    ]
  },
  {
    "name": "Shuffle Grotto Entrances",
    "type": "progressive",
    "allow_disabled": false,
    "loop": true,
    "initial_stage_idx": 1,
    "stages": [
      {
        "img": "images/setting_entrance_grottos_off.png",
        "img_mods": "@disabled",
        "codes": "setting_entrance_grottos,setting_entrance_grottos_off"
      },
      {
        "img": "images/setting_entrance_grottos_shuffle.png",
        "codes": "setting_entrance_grottos,setting_entrance_grottos_shuffle",
        "inherits_codes": false
      }
    ]
  },
  {
    "name": "Shuffle Dungeon Entrances",
    "type": "progressive",
    "allow_disabled": false,
    "loop": true,
    "initial_stage_idx": 1,
    "stages": [
      {
        "img": "images/setting_entrance_dungeons_off.png",
        "img_mods": "@disabled",
        "codes": "setting_entrance_dungeons,setting_entrance_dungeons_off"
      },
      {
        "img": "images/setting_entrance_dungeons_shuffle.png",
        "codes": "setting_entrance_dungeons,setting_entrance_dungeons_shuffle",
        "inherits_codes": false
      }
    ]
  },
  {
    "name": "Shuffle Overworld Entrances",
    "type": "progressive",
    "allow_disabled": false,
    "loop": true,
    "initial_stage_idx": 1,
    "stages": [
      {
        "img": "images/setting_entrance_overworld_off.png",
        "img_mods": "@disabled",
        "codes": "setting_entrance_overworld,setting_entrance_overworld_off"
      },
      {
        "img": "images/setting_entrance_overworld_shuffle.png",
        "codes": "setting_entrance_overworld,setting_entrance_overworld_shuffle",
        "inherits_codes": false
      }
    ]
  },
  {
    "name": "Mix Entrance Pools",
    "type": "progressive",
    "allow_disabled": false,
    "loop": true,
    "initial_stage_idx": 2,
    "stages": [
      {
        "img": "images/setting_entrance_mixed_off.png",
        "img_mods": "@disabled",
        "codes": "setting_entrance_mixed,setting_entrance_mixed_off"
      },
      {
        "img": "images/setting_entrance_mixed_indoor.png",
        "codes": "setting_entrance_mixed,setting_entrance_mixed_indoor",
        "inherits_codes": false
      },
      {
        "img": "images/setting_entrance_mixed_all.png",
        "codes": "setting_entrance_mixed_all"
      }
    ]
  },
  {
    "name": "Randomize Owl Drops",
    "type": "progressive",
    "allow_disabled": false,
    "loop": true,
    "initial_stage_idx": 1,
    "stages": [
      {
        "img": "images/setting_entrance_owl_off.png",
        "img_mods": "@disabled",
        "codes": "setting_entrance_owl,setting_entrance_owl_off"
      },
      {
        "img": "images/setting_entrance_owl_shuffle.png",
        "codes": "setting_entrance_owl,setting_entrance_owl_shuffle",
        "inherits_codes": false
      }
    ]
  },
  {
    "name": "Randomize Warp Song Destinations",
    "type": "progressive",
    "allow_disabled": false,
    "loop": true,
    "initial_stage_idx": 1,
    "stages": [
      {
        "img": "images/setting_entrance_warpsong_off.png",
        "img_mods": "@disabled",
        "codes": "setting_entrance_warpsong,setting_entrance_warpsong_off"
      },
      {
        "img": "images/setting_entrance_warpsong_shuffle.png",
        "codes": "setting_entrance_warpsong,setting_entrance_warpsong_shuffle",
        "inherits_codes": false
      }
    ]
  },
  {
    "name": "Randomize Overworld Spawns",
    "type": "progressive",
    "allow_disabled": false,
    "loop": true,
    "initial_stage_idx": 1,
    "stages": [
      {
        "img": "images/setting_entrance_spawn_off.png",
        "img_mods": "@disabled",
        "codes": "setting_entrance_spawn,setting_entrance_spawn_off"
      },
      {
        "img": "images/setting_entrance_spawn_shuffle.png",
        "codes": "setting_entrance_spawn,setting_entrance_spawn_shuffle",
        "inherits_codes": false
      }
    ]
  },
  {	
    "name": "Bombchus Are Considered in Logic",	
    "type": "progressive",	
    "allow_disabled": false,	
    "loop": true,	
    "stages": [	
      {	
        "img": "images/setting_logic_chus_no.png",	
        "img_mods": "@disabled",
        "codes": "setting_logic_chus,setting_logic_chus_no"	
      },	
      {	
        "img": "images/setting_logic_chus_yes.png",	
        "codes": "setting_logic_chus,setting_logic_chus_yes",	
        "inherit_codes": false	
      }	
    ]	
  },
  {
    "name": "Shopsanity",
    "type": "progressive",
    "allow_disabled": false,
    "loop": true,
    "stages": [
      {
        "img": "images/setting_shopsanity_no.png",
        "img_mods": "@disabled",
        "codes": "setting_shopsanity,setting_shopsanity_no"
      },
      {
        "img": "images/setting_shopsanity_yes.png",
        "codes": "setting_shopsanity,setting_shopsanity_yes",
        "inherit_codes": false
      }
    ]
  },
  {
    "name": "Tokensanity",
    "type": "progressive",
    "allow_disabled": false,
    "loop": true,
    "stages": [
      {
        "img": "images/setting_tokens_off.png",
        "img_mods": "@disabled",
        "codes": "setting_tokens_off"
      },
      {
        "img": "images/setting_tokens_dungeons.png",
        "codes": "setting_tokens_dungeons",
        "inherit_codes": false
      },
      {
        "img": "images/setting_tokens_overworld.png",
        "codes": "setting_tokens_overworld",
        "inherit_codes": false
      },
      {
        "img": "images/setting_tokens_all.png",
        "codes": "setting_tokens_dungeons,setting_tokens_overworld",
        "inherit_codes": false
      }
    ]
  },
  {
    "name": "Scrub Shuffle",
    "type": "progressive",
    "allow_disabled": false,
    "loop": true,
    "stages": [
      {
        "img": "images/setting_scrub_shuffle_no.png",
        "img_mods": "@disabled",
        "codes": "setting_scrub_shuffle,setting_scrub_shuffle_no"
      },
      {
        "img": "images/setting_scrub_shuffle_yes.png",
        "codes": "setting_scrub_shuffle,setting_scrub_shuffle_yes",
        "inherit_codes": false
      }
    ]
  },
  {
    "name": "Shuffle Cows",
    "type": "progressive",
    "allow_disabled": false,
    "loop": true,
    "stages": [
      {
        "img": "images/setting_cowsanity_no.png",
        "img_mods": "@disabled",
        "codes": "setting_cowsanity,setting_cowsanity_no"
      },
      {
        "img": "images/setting_cowsanity_yes.png",
        "codes": "setting_cowsanity,setting_cowsanity_yes",
        "inherit_codes": false
      }
    ]
  },
  {
    "name": "Shuffle Kokiri Sword",
    "type": "progressive",
    "allow_disabled": false,
    "loop": true,
    "initial_stage_idx": 1,
    "stages": [
      {
        "img": "images/setting_shuffle_sword1_no.png",
        "img_mods": "@disabled",
        "codes": "setting_shuffle_sword1,setting_shuffle_sword1_no"
      },
      {
        "img": "images/setting_shuffle_sword1_yes.png",
        "codes": "setting_shuffle_sword1,setting_shuffle_sword1_yes",
        "inherit_codes": false
      }
    ]
  },
  {
    "name": "Shuffle Ocarinas",
    "type": "progressive",
    "allow_disabled": false,
    "loop": true,
    "stages": [
      {
        "img": "images/setting_shuffle_ocarinas_no.png",
        "img_mods": "@disabled",
        "codes": "setting_shuffle_ocarinas,setting_shuffle_ocarinas_no"
      },
      {
        "img": "images/setting_shuffle_ocarinas_yes.png",
        "codes": "setting_shuffle_ocarinas,setting_shuffle_ocarinas_yes",
        "inherit_codes": false
      }
    ]
  },
  {
    "name": "Shuffle Weird Egg",
    "type": "progressive",
    "allow_disabled": false,
    "loop": true,
    "stages": [
      {
        "img": "images/setting_shuffle_egg_no.png",
        "img_mods": "@disabled",
        "codes": "setting_shuffle_egg,setting_shuffle_egg_no"
      },
      {
        "img": "images/setting_shuffle_egg_yes.png",
        "codes": "setting_shuffle_egg,setting_shuffle_egg_yes",
        "inherit_codes": false
      }
    ]
  },
  {
    "name": "Shuffle Gerudo Card",
    "type": "progressive",
    "allow_disabled": false,
    "loop": true,
    "stages": [
      {
        "img": "images/setting_shuffle_card_no.png",
        "img_mods": "@disabled",
        "codes": "setting_shuffle_card,setting_shuffle_card_no"
      },
      {
        "img": "images/setting_shuffle_card_yes.png",
        "codes": "setting_shuffle_card,setting_shuffle_card_yes",
        "inherit_codes": false
      }
    ]
  },
  {
    "name": "Shuffle Magic Beans",
    "type": "progressive",
    "allow_disabled": false,
    "loop": true,
    "stages": [
      {
        "img": "images/setting_shuffle_beans_no.png",
        "img_mods": "@disabled",
        "codes": "setting_shuffle_beans,setting_shuffle_beans_no"
      },
      {
        "img": "images/setting_shuffle_beans_yes.png",
        "codes": "setting_shuffle_beans,setting_shuffle_beans_yes",
        "inherit_codes": false
      }
    ]
  },
  {
    "name": "Shuffle Medigoron & Carpet Salesman",
    "type": "progressive",
    "allow_disabled": false,
    "loop": true,
    "stages": [
      {
        "img": "images/setting_shuffle_merchants_no.png",
        "img_mods": "@disabled",
        "codes": "setting_shuffle_merchants,setting_shuffle_merchants_no"
      },
      {
        "img": "images/setting_shuffle_merchants_yes.png",
        "codes": "setting_shuffle_merchants,setting_shuffle_merchants_yes",
        "inherit_codes": false
      }
    ]
  },
  {
    "name": "Shuffle Small Keys",
    "type": "progressive",
    "allow_disabled": false,
    "loop": true,
    "initial_stage_idx": 1,
    "stages": [
      {
        "img": "images/setting_shuffle_smallkeys_no.png",
        "img_mods": "@disabled",
        "codes": "setting_shuffle_smallkeys,setting_shuffle_smallkeys_no"
      },
      {
        "img": "images/setting_shuffle_smallkeys_yes.png",
        "codes": "setting_shuffle_smallkeys,setting_shuffle_smallkeys_yes",
        "inherit_codes": false
      }
    ]
  },
  {
    "name": "Shuffle Thieves' Hideout Keys",
    "type": "progressive",
    "allow_disabled": false,
    "loop": true,
    "initial_stage_idx": 1,
    "stages": [
      {
        "img": "images/setting_shuffle_hideoutkeys_no.png",
        "img_mods": "@disabled",
        "codes": "setting_shuffle_hideoutkeys,setting_shuffle_hideoutkeys_no"
      },
      {
        "img": "images/setting_shuffle_hideoutkeys_yes.png",
        "codes": "setting_shuffle_hideoutkeys,setting_shuffle_hideoutkeys_yes",
        "inherit_codes": false
      }
    ]
  },
  {
    "name": "Shuffle Boss Keys",
    "type": "progressive",
    "allow_disabled": false,
    "loop": true,
    "initial_stage_idx": 1,
    "stages": [
      {
        "img": "images/setting_shuffle_bosskeys_no.png",
        "img_mods": "@disabled",
        "codes": "setting_shuffle_bosskeys,setting_shuffle_bosskeys_no"
      },
      {
        "img": "images/setting_shuffle_bosskeys_yes.png",
        "codes": "setting_shuffle_bosskeys,setting_shuffle_bosskeys_yes",
        "inherit_codes": false
      }
    ]
  },
  {
    "name": "Shuffle Ganon's Boss Key",
    "type": "progressive",
    "allow_disabled": false,
    "loop": true,
    "initial_stage_idx": 1,
    "stages": [
      {
        "img": "images/setting_shuffle_ganon_bosskey_no.png",
        "img_mods": "@disabled",
        "codes": "setting_shuffle_ganon_bosskey,setting_shuffle_ganon_bosskey_no"
      },
      {
        "img": "images/setting_shuffle_ganon_bosskey_yes.png",
        "codes": "setting_shuffle_ganon_bosskey,setting_shuffle_ganon_bosskey_yes",
        "inherit_codes": false
      }
    ]
  },
  {
    "name": "Skip Child Zelda",
    "type": "progressive",
    "allow_disabled": false,
    "loop": true,
    "stages": [
      {
        "img": "images/setting_zelda_off.png",
        "img_mods": "@disabled",
        "codes": "setting_zelda,setting_zelda_off"
      },
      {
        "img": "images/setting_zelda_free.png",
        "codes": "setting_zelda,setting_zelda_free",
        "inherit_codes": false
      }
    ]
  },
  {
    "name": "Complete Mask Quest",
    "type": "progressive",
    "allow_disabled": false,
    "loop": true,
    "stages": [
      {
        "img": "images/setting_masks_off.png",
        "img_mods": "@disabled",
        "codes": "setting_masks,setting_masks_off"
      },
      {
        "img": "images/setting_masks_complete.png",
        "codes": "setting_masks,setting_masks_complete",
        "inherit_codes": false
      }
    ]
  },
  {
    "name": "Hints",
    "type": "progressive",
    "allow_disabled": false,
    "loop": true,
    "initial_stage_idx": 3,
    "stages": [
      {
        "img": "images/setting_hints_off.png",
        "img_mods": "@disabled",
        "codes": "setting_hints,setting_hints_off"
      },
      {
        "img": "images/setting_hints_truth.png",
        "codes": "setting_hints,setting_hints_truth",
        "inherit_codes": false
      },
      {
        "img": "images/setting_hints_agony.png",
        "codes": "setting_hints,setting_hints_agony",
        "inherit_codes": false
      },
      {
        "img": "images/setting_hints_on.png",
        "codes": "setting_hints,setting_hints_on",
        "inherit_codes": false
      }
    ]
  },
  {
    "name": "Damage Multiplier",
    "type": "progressive",
    "allow_disabled": false,
    "loop": true,
    "initial_stage_idx": 1,
    "stages": [
      {
        "img": "images/setting_damage_half.png",
        "codes": "setting_damage,setting_damage_half"
      },
      {
        "img": "images/setting_damage_normal.png",
        "codes": "setting_damage,setting_damage_normal",
        "inherit_codes": false
      },
      {
        "img": "images/setting_damage_double.png",
        "codes": "setting_damage,setting_damage_double",
        "inherit_codes": false
      },
      {
        "img": "images/setting_damage_quadruple.png",
        "codes": "setting_damage,setting_damage_quadruple",
        "inherit_codes": false
      },
      {
        "img": "images/setting_damage_ohko.png",
        "codes": "setting_damage,setting_damage_ohko",
        "inherit_codes": false
      }
    ]
  },
  {
    "name": "Nighttime Skulltulas Expect Sun's Song",
    "type": "progressive",
    "allow_disabled": false,
    "loop": true,
    "stages": [
      {
        "img": "images/setting_skulltulas_sun_off.png",
        "img_mods": "@disabled",
        "codes": "setting_skulltulas_sun,setting_skulltulas_sun_off"
      },
      {
        "img": "images/setting_skulltulas_sun_on.png",
        "codes": "setting_skulltulas_sun,setting_skulltulas_sun_on",
        "inherit_codes": false
      }
    ]
  }
]