[
  {
    "name": "Stone of Agony",
    "type": "toggle",
    "img": "images/agony.png",
    "codes": "agony,soa"
  },
  {
    "name": "Gerudo Card",
    "type": "toggle",
    "img": "images/gerudocard.png",
    "codes": "gerudocard,card"
  },
  {
    "name": "Carpenter Rescue",
    "type": "toggle",
    "img": "images/gerudosymbol.png",
    "codes": "carpenter_rescue"
  },
  {
    "name": "Gerudo Card and Carpenter Rescue",
    "type": "composite_toggle",
    "codes": "fortress",
    "item_left": "card",
    "item_right": "carpenter_rescue",
    "images": [
      {
        "left": false,
        "right": false,
        "img": "images/gerudofortress.png",
        "img_mods": "@disabled"
      },
      {
        "left": true,
        "right": false,
        "img": "images/gerudocard.png"
      },
      {
        "left": false,
        "right": true,
        "img": "images/gerudosymbol.png"
      },
      {
        "left": true,
        "right": true,
        "img": "images/gerudofortress.png"
      }
    ]
  },
  {
    "name": "Gold Skulltula Tokens",
    "type": "consumable",
    "img": "images/skulltula_token.png",
    "codes": "skulltula,goldskulltula,token",
    "max_quantity": 100
  },
  {
    "name": "Wallet Upgrades",
    "type": "progressive",
    "allow_disabled": false,
    "stages": [
      {
        "img": "images/wallet.png"
      },
      {
        "img": "images/wallet1.png",
        "codes": "adultswallet,wallet1,wallet"
      },
      {
        "img": "images/wallet2.png",
        "codes": "giantswallet,wallet2"
      },
      {
        "img": "images/wallet3.png",
        "codes": "tycoonswallet,wallet3"
      }
    ]
  },
  {
    "name": "Magic Meter",
    "type": "progressive",
    "stages": [
      {
        "img": "images/magic1.png",
        "codes": "magic,magic1"
      },
      {
        "img": "images/magic2.png",
        "codes": "magic2"
      }
    ]
  },
  {
    "name": "Heart Pieces",
    "type": "consumable",
    "img": "images/HP.png",
    "codes": "HP,PoH",
    "max_quantity": 36
  },
  {
    "name": "Heart Containers",
    "type": "consumable",
    "img": "images/HC.png",
    "codes": "HC",
    "max_quantity": 8
  },
  {
    "name": "Ice Traps",
    "type": "consumable",
    "img": "images/icetrap.png",
    "codes": "icetrap",
    "max_quantity": 999
  },
  {
    "name": "Triforce Piece",
    "type": "consumable",
    "img": "images/triforce_piece.png",
    "codes": "triforce",
    "max_quantity": 100
  },
  {
    "name": "Rupee",
    "type": "toggle",
    "img": "images/rupee.png",
    "codes": "rupee"
  },
  {
    "name": "Zelda's Lullaby",
    "type": "toggle",
    "loop": true,
    "img": "images/zelda_colored.png",
    "codes": "lullaby,zl"
  },
  {
    "name": "Zelda's Lullaby w/ check",
    "type": "toggle_badged",
    "base_item": "lullaby",
    "img": "images/check.png",
    "codes": "lullabycheck,zlcheck"
  },
  {
    "name": "Saria's Song",
    "type": "toggle",
    "loop": true,
    "img": "images/saria_colored.png",
    "codes": "saria"
  },
  {
    "name": "Saria's Song w/ check",
    "type": "toggle_badged",
    "base_item": "saria",
    "img": "images/check.png",
    "codes": "sariacheck"
  },
  {
    "name": "Epona's Song",
    "type": "toggle",
    "loop": true,
    "img": "images/epona_colored.png",
    "codes": "epona"
  },
  {
    "name": "Epona's Song w/ check",
    "type": "toggle_badged",
    "base_item": "epona",
    "img": "images/check.png",
    "codes": "eponacheck"
  },
  {
    "name": "Sun's Song",
    "type": "toggle",
    "loop": true,
    "img": "images/sun_colored.png",
    "codes": "sun"
  },
  {
    "name": "Sun's Song w/ check",
    "type": "toggle_badged",
    "base_item": "sun",
    "img": "images/check.png",
    "codes": "suncheck"
  },
  {
    "name": "Song of Time",
    "type": "toggle",
    "loop": true,
    "img": "images/time_colored.png",
    "codes": "time,sot"
  },
  {
    "name": "Song of Time w/ check",
    "type": "toggle_badged",
    "base_item": "time",
    "img": "images/check.png",
    "codes": "timecheck,sotcheck"
  },
  {
    "name": "Song of Storms",
    "type": "toggle",
    "loop": true,
    "img": "images/storms_colored.png",
    "codes": "storm,sos"
  },
  {
    "name": "Song of Storms w/ check",
    "type": "toggle_badged",
    "base_item": "storm",
    "img": "images/check.png",
    "codes": "stormcheck,soscheck"
  },
  {
    "name": "Minuet of Forest",
    "type": "toggle",
    "loop": true,
    "img": "images/minuet.png",
    "codes": "minuet,mof"
  },
  {
    "name": "Minuet of Forest w/ check",
    "type": "toggle_badged",
    "base_item": "minuet",
    "img": "images/check.png",
    "codes": "minuetcheck,mofcheck"
  },
  {
    "name": "Bolero of Fire",
    "type": "toggle",
    "loop": true,
    "img": "images/bolero.png",
    "codes": "bolero,bof"
  },
  {
    "name": "Bolero of Fire w/ check",
    "type": "toggle_badged",
    "base_item": "bolero",
    "img": "images/check.png",
    "codes": "bolerocheck,bofcheck"
  },
  {
    "name": "Serenade of Water",
    "type": "toggle",
    "loop": true,
    "img": "images/serenade.png",
    "codes": "serenade,sow"
  },
  {
    "name": "Serenade of Water w/ check",
    "type": "toggle_badged",
    "base_item": "serenade",
    "img": "images/check.png",
    "codes": "serenadecheck,sowcheck"
  },
  {
    "name": "Requiem of Spirit",
    "type": "toggle",
    "loop": true,
    "img": "images/requiem.png",
    "codes": "requiem,ros"
  },
  {
    "name": "Requiem of Spirit w/ check",
    "type": "toggle_badged",
    "base_item": "requiem",
    "img": "images/check.png",
    "codes": "requiemcheck,roscheck"
  },
  {
    "name": "Nocturne of Shadow",
    "type": "toggle",
    "loop": true,
    "img": "images/nocturne.png",
    "codes": "nocturne,nos"
  },
  {
    "name": "Nocturne of Shadow w/ check",
    "type": "toggle_badged",
    "base_item": "nocturne",
    "img": "images/check.png",
    "codes": "nocturnecheck,noscheck"
  },
  {
    "name": "Prelude of Light",
    "type": "toggle",
    "loop": true,
    "img": "images/prelude.png",
    "codes": "prelude,pol"
  },
  {
    "name": "Prelude of Light w/ check",
    "type": "toggle_badged",
    "base_item": "prelude",
    "img": "images/check.png",
    "codes": "preludecheck,polcheck"
  },
  {
    "name": "Forest Medallion",
    "type": "toggle",
    "img": "images/forestmedallion.png",
    "codes": "forestmed"
  },
  {
    "name": "Fire Medallion",
    "type": "toggle",
    "img": "images/firemedallion.png",
    "codes": "firemed"
  },
  {
    "name": "Water Medallion",
    "type": "toggle",
    "img": "images/watermedallion.png",
    "codes": "watermed"
  },
  {
    "name": "Spirit Medallion",
    "type": "toggle",
    "img": "images/spiritmedallion.png",
    "codes": "spiritmed"
  },
  {
    "name": "Shadow Medallion",
    "type": "toggle",
    "img": "images/shadowmedallion.png",
    "codes": "shadowmed"
  },
  {
    "name": "Light Medallion",
    "type": "toggle",
    "img": "images/lightmedallion.png",
    "codes": "lightmed"
  },
  {
    "name": "Kokiri's Emerald",
    "type": "toggle",
    "img": "images/emerald.png",
    "codes": "emerald"
  },
  {
    "name": "Goron's Ruby",
    "type": "toggle",
    "img": "images/ruby.png",
    "codes": "ruby"
  },
  {
    "name": "Zora's Sapphire",
    "type": "toggle",
    "img": "images/sapphire.png",
    "codes": "sapphire"
  },
  {
    "name": "Forest Medallion Label",
    "type": "progressive",
    "allow_disabled": false,
    "loop": true,
    "stages": [
      {
        "img": "images/label_unknown.png",
        "codes": "forestmedlabel"
      },
      {
        "img": "images/label_deku.png"
      },
      {
        "img": "images/label_dodongo.png"
      },
      {
        "img": "images/label_jabu.png"
      },
      {
        "img": "images/label_forest.png"
      },
      {
        "img": "images/label_fire.png"
      },
      {
        "img": "images/label_water.png"
      },
      {
        "img": "images/label_spirit.png"
      },
      {
        "img": "images/label_shadow.png"
      }
    ]
  },
  {
    "name": "Fire Medallion Label",
    "type": "progressive",
    "allow_disabled": false,
    "loop": true,
    "stages": [
      {
        "img": "images/label_unknown.png",
        "codes": "firemedlabel"
      },
      {
        "img": "images/label_deku.png"
      },
      {
        "img": "images/label_dodongo.png"
      },
      {
        "img": "images/label_jabu.png"
      },
      {
        "img": "images/label_forest.png"
      },
      {
        "img": "images/label_fire.png"
      },
      {
        "img": "images/label_water.png"
      },
      {
        "img": "images/label_spirit.png"
      },
      {
        "img": "images/label_shadow.png"
      }
    ]
  },
  {
    "name": "Water Medallion Label",
    "type": "progressive",
    "allow_disabled": false,
    "loop": true,
    "stages": [
      {
        "img": "images/label_unknown.png",
        "codes": "watermedlabel"
      },
      {
        "img": "images/label_deku.png"
      },
      {
        "img": "images/label_dodongo.png"
      },
      {
        "img": "images/label_jabu.png"
      },
      {
        "img": "images/label_forest.png"
      },
      {
        "img": "images/label_fire.png"
      },
      {
        "img": "images/label_water.png"
      },
      {
        "img": "images/label_spirit.png"
      },
      {
        "img": "images/label_shadow.png"
      }
    ]
  },
  {
    "name": "Spirit Medallion Label",
    "type": "progressive",
    "allow_disabled": false,
    "loop": true,
    "stages": [
      {
        "img": "images/label_unknown.png",
        "codes": "spiritmedlabel"
      },
      {
        "img": "images/label_deku.png"
      },
      {
        "img": "images/label_dodongo.png"
      },
      {
        "img": "images/label_jabu.png"
      },
      {
        "img": "images/label_forest.png"
      },
      {
        "img": "images/label_fire.png"
      },
      {
        "img": "images/label_water.png"
      },
      {
        "img": "images/label_spirit.png"
      },
      {
        "img": "images/label_shadow.png"
      }
    ]
  },
  {
    "name": "Shadow Medallion Label",
    "type": "progressive",
    "allow_disabled": false,
    "loop": true,
    "stages": [
      {
        "img": "images/label_unknown.png",
        "codes": "shadowmedlabel"
      },
      {
        "img": "images/label_deku.png"
      },
      {
        "img": "images/label_dodongo.png"
      },
      {
        "img": "images/label_jabu.png"
      },
      {
        "img": "images/label_forest.png"
      },
      {
        "img": "images/label_fire.png"
      },
      {
        "img": "images/label_water.png"
      },
      {
        "img": "images/label_spirit.png"
      },
      {
        "img": "images/label_shadow.png"
      }
    ]
  },
  {
    "name": "Light Medallion Label",
    "type": "progressive",
    "allow_disabled": false,
    "loop": true,
    "stages": [
      {
        "img": "images/label_unknown.png",
        "codes": "lightmedlabel"
      },
      {
        "img": "images/label_deku.png"
      },
      {
        "img": "images/label_dodongo.png"
      },
      {
        "img": "images/label_jabu.png"
      },
      {
        "img": "images/label_forest.png"
      },
      {
        "img": "images/label_fire.png"
      },
      {
        "img": "images/label_water.png"
      },
      {
        "img": "images/label_spirit.png"
      },
      {
        "img": "images/label_shadow.png"
      }
    ]
  }
]