[
  {
    "name": "Stone of Agony",
    "type": "toggle",
    "img": "images/agony.png",
    "codes": "agony,soa"
  },
  {
    "name": "Gerudo Card",
    "type": "toggle",
    "img": "images/gerudocard.png",
    "codes": "gerudocard,card"
  },
  {
    "name": "Carpenter Rescue",
    "type": "toggle",
    "img": "images/gerudo_symbol_colored.png",
    "codes": "carpenter,rescue"
  },
  {
    "name": "Gold Skulltula Tokens",
    "type": "consumable",
    "img": "images/skulltula_token.png",
    "codes": "skulltula,goldskulltula,token",
    "max_quantity": 50
  },
  {
    "name": "Wallet Upgrades",
    "type": "progressive",
    "allow_disabled": false,
    "stages": [
      {
        "img": "images/wallet.png"
      },
      {
        "img": "images/wallet1.png",
        "codes": "adultswallet,wallet1,wallet"
      },
      {
        "img": "images/wallet2.png",
        "codes": "giantswallet,wallet2"
      },
      {
        "img": "images/wallet3.png",
        "codes": "tycoonswallet,wallet3"
      }
    ]
  },
  {
    "name": "Magic Meter",
    "type": "progressive",
    "stages": [
      {
        "img": "images/magic1.png",
        "codes": "magic,magic1"
      },
      {
        "img": "images/magic2.png",
        "codes": "magic2"
      }
    ]
  },
  {
    "name": "Heart Piece",
    "type": "consumable",
    "img": "images/HP.png",
    "codes": "HP,PoH",
    "max_quantity": 36
  },
  {
    "name": "Heart Container",
    "type": "consumable",
    "img": "images/HC.png",
    "codes": "HC",
    "max_quantity": 8
  },
  {
    "name": "Rupee",
    "type": "toggle",
    "img": "images/rupee.png",
    "codes": "rupee"
  },
  {
    "name": "Zelda's Lullaby",
    "type": "toggle",
    "loop": true,
    "img": "images/zelda_colored.png",
    "codes": "lullaby,zl"
  },
  {
    "name": "Zelda's Lullaby Check",
    "type": "toggle_badged",
    "base_item": "lullaby",
    "img": "images/check.png",
    "codes": "lullabycheck,zlcheck"
  },
  {
    "name": "Saria's Song",
    "type": "toggle",
    "loop": true,
    "img": "images/saria_colored.png",
    "codes": "saria"
  },
  {
    "name": "Saria's Song Check",
    "type": "toggle_badged",
    "base_item": "saria",
    "img": "images/check.png",
    "codes": "sariacheck"
  },
  {
    "name": "Epona's Song",
    "type": "toggle",
    "loop": true,
    "img": "images/epona_colored.png",
    "codes": "epona"
  },
  {
    "name": "Epona's Song Check",
    "type": "toggle_badged",
    "base_item": "epona",
    "img": "images/check.png",
    "codes": "eponacheck"
  },
  {
    "name": "Sun's Song",
    "type": "toggle",
    "loop": true,
    "img": "images/sun_colored.png",
    "codes": "sun"
  },
  {
    "name": "Sun's Song Check",
    "type": "toggle_badged",
    "base_item": "sun",
    "img": "images/check.png",
    "codes": "suncheck"
  },
  {
    "name": "Song of Time",
    "type": "toggle",
    "loop": true,
    "img": "images/time_colored.png",
    "codes": "time,sot"
  },
  {
    "name": "Song of Time Check",
    "type": "toggle_badged",
    "base_item": "time",
    "img": "images/check.png",
    "codes": "timecheck,sotcheck"
  },
  {
    "name": "Song of Storms",
    "type": "toggle",
    "loop": true,
    "img": "images/storms_colored.png",
    "codes": "storm,sos"
  },
  {
    "name": "Song of Storms Check",
    "type": "toggle_badged",
    "base_item": "storm",
    "img": "images/check.png",
    "codes": "stormcheck,soscheck"
  },
  {
    "name": "Minuet of Forest",
    "type": "toggle",
    "loop": true,
    "img": "images/minuet.png",
    "codes": "minuet,mof"
  },
  {
    "name": "Minuet of Forest Check",
    "type": "toggle_badged",
    "base_item": "minuet",
    "img": "images/check.png",
    "codes": "minuetcheck,mofcheck"
  },
  {
    "name": "Bolero of Fire",
    "type": "toggle",
    "loop": true,
    "img": "images/bolero.png",
    "codes": "bolero,bof"
  },
  {
    "name": "Bolero of Fire Check",
    "type": "toggle_badged",
    "base_item": "bolero",
    "img": "images/check.png",
    "codes": "bolerocheck,bofcheck"
  },
  {
    "name": "Serenade of Water",
    "type": "toggle",
    "loop": true,
    "img": "images/serenade.png",
    "codes": "serenade,sow"
  },
  {
    "name": "Serenade of Water Check",
    "type": "toggle_badged",
    "base_item": "serenade",
    "img": "images/check.png",
    "codes": "serenadecheck,sowcheck"
  },
  {
    "name": "Requiem of Spirit",
    "type": "toggle",
    "loop": true,
    "img": "images/requiem.png",
    "codes": "requiem,ros"
  },
  {
    "name": "Requiem of Spirit Check",
    "type": "toggle_badged",
    "base_item": "requiem",
    "img": "images/check.png",
    "codes": "requiemcheck,roscheck"
  },
  {
    "name": "Nocturne of Shadow",
    "type": "toggle",
    "loop": true,
    "img": "images/nocturne.png",
    "codes": "nocturne,nos"
  },
  {
    "name": "Nocturne of Shadow Check",
    "type": "toggle_badged",
    "base_item": "nocturne",
    "img": "images/check.png",
    "codes": "nocturnecheck,noscheck"
  },
  {
    "name": "Prelude of Light",
    "type": "toggle",
    "loop": true,
    "img": "images/prelude.png",
    "codes": "prelude,pol"
  },
  {
    "name": "Prelude of Light Check",
    "type": "toggle_badged",
    "base_item": "prelude",
    "img": "images/check.png",
    "codes": "preludecheck,polcheck"
  },
  {
    "name": "Forest Medallion",
    "type": "toggle",
    "img": "images/forestmedallion.png",
    "codes": "forestmed"
  },
  {
    "name": "Fire Medallion",
    "type": "toggle",
    "img": "images/firemedallion.png",
    "codes": "firemed"
  },
  {
    "name": "water Medallion",
    "type": "toggle",
    "img": "images/watermedallion.png",
    "codes": "watermed"
  },
  {
    "name": "Spirit Medallion",
    "type": "toggle",
    "img": "images/spiritmedallion.png",
    "codes": "spiritmed"
  },
  {
    "name": "Shadow Medallion",
    "type": "toggle",
    "img": "images/shadowmedallion.png",
    "codes": "shadowmed"
  },
  {
    "name": "Light Medallion",
    "type": "toggle",
    "img": "images/lightmedallion.png",
    "codes": "lightmed"
  },
  {
    "name": "Kokiri's Emerald",
    "type": "toggle",
    "img": "images/emerald.png",
    "codes": "emerald"
  },
  {
    "name": "Goron's Ruby",
    "type": "toggle",
    "img": "images/ruby.png",
    "codes": "ruby"
  },
  {
    "name": "Zora's Sapphire",
    "type": "toggle",
    "img": "images/sapphire.png",
    "codes": "sapphire"
  },
  {
    "name": "Forest Medallion with Label",
    "type": "progressive_toggle",
    "loop": true,
    "stages": [
      {
        "img": "images/forestmedallion.png",
        "codes": "forestmedlabel"
      },
      {
        "img": "images/forestmedallion_deku.png",
      },
      {
        "img": "images/forestmedallion_dc.png",
      },
      {
        "img": "images/forestmedallion_jabu.png",
      },
      {
        "img": "images/forestmedallion_ft.png",
      },
      {
        "img": "images/forestmedallion_fit.png",
      },
      {
        "img": "images/forestmedallion_wt.png",
      },
      {
        "img": "images/forestmedallion_st.png",
      },
      {
        "img": "images/forestmedallion_sht.png",
      }
    ]
  },
  {
    "name": "Fire Medallion with Label",
    "type": "progressive_toggle",
    "loop": true,
    "stages": [
      {
        "img": "images/firemedallion.png",
        "codes": "firemedlabel"
      },
      {
        "img": "images/firemedallion_deku.png",
      },
      {
        "img": "images/firemedallion_dc.png",
      },
      {
        "img": "images/firemedallion_jabu.png",
      },
      {
        "img": "images/firemedallion_ft.png",
      },
      {
        "img": "images/firemedallion_fit.png",
      },
      {
        "img": "images/firemedallion_wt.png",
      },
      {
        "img": "images/firemedallion_st.png",
      },
      {
        "img": "images/firemedallion_sht.png",
      }
    ]
  },
  {
    "name": "Water Medallion with Label",
    "type": "progressive_toggle",
    "loop": true,
    "stages": [
      {
        "img": "images/watermedallion.png",
        "codes": "watermedlabel"
      },
      {
        "img": "images/watermedallion_deku.png",
      },
      {
        "img": "images/watermedallion_dc.png",
      },
      {
        "img": "images/watermedallion_jabu.png",
      },
      {
        "img": "images/watermedallion_ft.png",
      },
      {
        "img": "images/watermedallion_fit.png",
      },
      {
        "img": "images/watermedallion_wt.png",
      },
      {
        "img": "images/watermedallion_st.png",
      },
      {
        "img": "images/watermedallion_sht.png",
      }
    ]
  },
  {
    "name": "Spirit Medallion with Label",
    "type": "progressive_toggle",
    "loop": true,
    "stages": [
      {
        "img": "images/spiritmedallion.png",
        "codes": "spiritmedlabel"
      },
      {
        "img": "images/spiritmedallion_deku.png",
      },
      {
        "img": "images/spiritmedallion_dc.png",
      },
      {
        "img": "images/spiritmedallion_jabu.png",
      },
      {
        "img": "images/spiritmedallion_ft.png",
      },
      {
        "img": "images/spiritmedallion_fit.png",
      },
      {
        "img": "images/spiritmedallion_wt.png",
      },
      {
        "img": "images/spiritmedallion_st.png",
      },
      {
        "img": "images/spiritmedallion_sht.png",
      }
    ]
  },
  {
    "name": "Shadow Medallion with Label",
    "type": "progressive_toggle",
    "loop": true,
    "stages": [
      {
        "img": "images/shadowmedallion.png",
        "codes": "shadowmedlabel"
      },
      {
        "img": "images/shadowmedallion_deku.png",
      },
      {
        "img": "images/shadowmedallion_dc.png",
      },
      {
        "img": "images/shadowmedallion_jabu.png",
      },
      {
        "img": "images/shadowmedallion_ft.png",
      },
      {
        "img": "images/shadowmedallion_fit.png",
      },
      {
        "img": "images/shadowmedallion_wt.png",
      },
      {
        "img": "images/shadowmedallion_st.png",
      },
      {
        "img": "images/shadowmedallion_sht.png",
      }
    ]
  },
  {
    "name": "Light Medallion with Label",
    "type": "progressive_toggle",
    "loop": true,
    "stages": [
      {
        "img": "images/lightmedallion.png",
        "codes": "lightmedlabel"
      },
      {
        "img": "images/lightmedallion_deku.png",
      },
      {
        "img": "images/lightmedallion_dc.png",
      },
      {
        "img": "images/lightmedallion_jabu.png",
      },
      {
        "img": "images/lightmedallion_ft.png",
      },
      {
        "img": "images/lightmedallion_fit.png",
      },
      {
        "img": "images/lightmedallion_wt.png",
      },
      {
        "img": "images/lightmedallion_st.png",
      },
      {
        "img": "images/lightmedallion_sht.png",
      }
    ]
  },
]