[
  {
    "name": "Forest Stage Bean",
    "type": "progressive",
    "allow_disabled": false,
    "stages": [
      {
        "img": "images/bean.png",
        "img_mods": "@disabled",
        "codes": "bean_stage_no"
      },
      {
        "img": "images/bean.png",
        "codes": "bean_stage_yes"
      }
    ]
  },
  {
    "name": "Lake Hylia Bean",
    "type": "progressive",
    "allow_disabled": false,
    "stages": [
      {
        "img": "images/bean.png",
        "img_mods": "@disabled",
        "codes": "bean_lake_no"
      },
      {
        "img": "images/bean.png",
        "codes": "bean_lake_yes"
      }
    ]
  },
  {
    "name": "Graveyard Bean",
    "type": "progressive",
    "allow_disabled": false,
    "stages": [
      {
        "img": "images/bean.png",
        "img_mods": "@disabled",
        "codes": "bean_graveyard_no"
      },
      {
        "img": "images/bean.png",
        "codes": "bean_graveyard_yes"
      }
    ]
  },
  {
    "name": "DMT Bean",
    "type": "progressive",
    "allow_disabled": false,
    "stages": [
      {
        "img": "images/bean.png",
        "img_mods": "@disabled",
        "codes": "bean_trail_no"
      },
      {
        "img": "images/bean.png",
        "codes": "bean_trail_yes"
      }
    ]
  },
  {
    "name": "DMC Bean",
    "type": "progressive",
    "allow_disabled": false,
    "stages": [
      {
        "img": "images/bean.png",
        "img_mods": "@disabled",
        "codes": "bean_crater_no"
      },
      {
        "img": "images/bean.png",
        "codes": "bean_crater_yes"
      }
    ]
  },
  {
    "name": "Colossus Bean",
    "type": "progressive",
    "allow_disabled": false,
    "stages": [
      {
        "img": "images/bean.png",
        "img_mods": "@disabled",
        "codes": "bean_colossus_no"
      },
      {
        "img": "images/bean.png",
        "codes": "bean_colossus_yes"
      }
    ]
  },
  {
    "name": "Scarecrow",
    "type": "progressive",
    "allow_disabled": false,
    "stages": [
      {
        "img": "images/scarecrow.png",
        "img_mods": "@disabled",
        "codes": "scarecrow_kid"
      },
      {
        "img": "images/scarecrow.png",
        "codes": "scarecrow_adult",
        "inherit_codes": false
      }
    ]
  },
  {
    "name": "Move King Zora",
    "type": "progressive",
    "allow_disabled": false,
    "stages": [
      {
        "img": "images/king_zora.png",
        "img_mods": "@disabled",
        "codes": "king_zora_moved_no"
      },
      {
        "img": "images/king_zora.png",
        "codes": "king_zora_moved_yes"
      }
    ]
  },
  {
    "name": "Forest Trial Clear",
    "type": "progressive",
    "allow_disabled": false,
    "stages": [
      {
        "img": "images/forestmedallion.png",
        "codes": "trial_forest"
      },
      {
        "img": "images/forestmedallion.png",
        "img_mods": "overlay|images/crossed_out.png",
        "codes": "trial_cleared"
      }
    ]
  },
  {
    "name": "Water Trial Clear",
    "type": "progressive",
    "allow_disabled": false,
    "stages": [
      {
        "img": "images/watermedallion.png",
        "codes": "trial_water"
      },
      {
        "img": "images/watermedallion.png",
        "img_mods": "overlay|images/crossed_out.png",
        "codes": "trial_cleared"
      }
    ]
  },
  {
    "name": "Shadow Trial Clear",
    "type": "progressive",
    "allow_disabled": false,
    "stages": [
      {
        "img": "images/shadowmedallion.png",
        "codes": "trial_shadow"
      },
      {
        "img": "images/shadowmedallion.png",
        "img_mods": "overlay|images/crossed_out.png",
        "codes": "trial_cleared"
      }
    ]
  },
  {
    "name": "Fire Trial Clear",
    "type": "progressive",
    "allow_disabled": false,
    "stages": [
      {
        "img": "images/firemedallion.png",
        "codes": "trial_fire"
      },
      {
        "img": "images/firemedallion.png",
        "img_mods": "overlay|images/crossed_out.png",
        "codes": "trial_cleared"
      }
    ]
  },
  {
    "name": "Light Trial Clear",
    "type": "progressive",
    "allow_disabled": false,
    "stages": [
      {
        "img": "images/lightmedallion.png",
        "codes": "trial_light"
      },
      {
        "img": "images/lightmedallion.png",
        "img_mods": "overlay|images/crossed_out.png",
        "codes": "trial_cleared"
      }
    ]
  },
  {
    "name": "Spirit Trial Clear",
    "type": "progressive",
    "allow_disabled": false,
    "stages": [
      {
        "img": "images/spiritmedallion.png",
        "codes": "trial_spirit"
      },
      {
        "img": "images/spiritmedallion.png",
        "img_mods": "overlay|images/crossed_out.png",
        "codes": "trial_cleared"
      }
    ]
  },
  {
    "name": "Time Travel",
    "type": "toggle",
    "img": "images/sword2.png",
    "codes": "time_travel"
  }
]