[
  {
    "name": "Forest Temple MQ",
    "parent": "Sacred Forest Meadow",
    "access_rules": [
      "forest_mq,sword2,hookshot,[ocarina],[saria]",
      "forest_mq,sword2,hookshot,[ocarina],[minuet]"
    ],
    "sections": [
      {
        "name": "First Chest",
        "short_name": "Tree",
        "item_count": 1
      },
      {
        "name": "Boss Key Chest",
        "short_name": "Boss Key",
        "access_rules": [
          "lift1",
          "bombchu,[lift1]"
        ],
        "chest_unopened_img": "images/chest_golden_closed.png",
        "chest_opened_img": "images/chest_golden_open.png",
        "item_count": 1
      },
      {
        "name": "Redead Chest",
        "short_name": "Redead",
        "access_rules": [
          "hoverboots",
          "lift1",
          "bombchu,[lift1]"
        ],
        "item_count": 1
      },
      {
        "name": "Well Chest",
        "short_name": "Well",
        "access_rules": [
          "bow"
        ],
        "item_count": 1
      },
      {
        "name": "NE Outdoors Upper Chest",
        "short_name": "Balcony",
        "access_rules": [
          "bow,[firearrow]",
          "bow,[longshot]",
          "bow,[ocarina],[time]",
          "bow,[hoverboots]",
          "@Forest Temple MQ/Redead Chest,longshot",
          "@Forest Temple MQ/Redead Chest,ironboots,[ocarina],[time]",
          "@Forest Temple MQ/Redead Chest,ironboots,[hoverboots]",
          "@Forest Temple MQ/Redead Chest,scale2,[ocarina],[time]",
          "@Forest Temple MQ/Redead Chest,scale2,[hoverboots]"
        ],
        "item_count": 1
      },
      {
        "name": "Bow Chest",
        "short_name": "Bow",
        "access_rules": [
          "@Forest Temple MQ/Boss Key Chest"
        ],
        "item_count": 1
      },
      {
        "name": "Chest Behind Lobby",
        "short_name": "Wolfos",
        "access_rules": [
          "ocarina,time",
          "@Forest Temple MQ/Bow Chest"
        ],
        "item_count": 1
      },
      {
        "name": "Map Chest",
        "short_name": "Map",
        "access_rules": [
          "@Forest Temple MQ/Bow Chest,bow"
        ],
        "item_count": 1
      },
      {
        "name": "Compass Chest",
        "short_name": "Compass",
        "access_rules": [
          "@Forest Temple MQ/Bow Chest,bow"
        ],
        "item_count": 1
      },
      {
        "name": "Falling Room Chest",
        "short_name": "Checkerboard",
        "access_rules": [
          "@Forest Temple MQ/Bow Chest,bow",
          "@Forest Temple MQ/Bow Chest,dinsfire,magic",
          "bow,longshot,ocarina,time"
        ],
        "item_count": 1
      },
      {
        "name": "NE Outdoors Lower Chest",
        "short_name": "Island",
        "access_rules": [
          "bow,longshot",
          "@Forest Temple MQ/Redead Chest,longshot",
          "@Forest Temple MQ/Falling Room Chest"
        ],
        "item_count": 1
      },
      {
        "name": "Near Boss Chest",
        "short_name": "Basement",
        "access_rules": [
          "@Forest Temple MQ/Falling Room Chest,@Forest Temple MQ/Bow Chest,bow"
        ],
        "item_count": 1
      },
      {
        "name": "Phantom Ganon",
        "access_rules": [
          "@Forest Temple MQ/Near Boss Chest"
        ],
        "hosted_item": "forest",
        "chest_unopened_img": "images/HC.png",
        "chest_opened_img": "images/HC_grey.png",
        "item_count": 1
      }
    ],
    "map_locations": [
      {
        "map": "adult",
        "x": 2178,
        "y": 596
      }
    ],
    "children": [
      {
        "name": "Forest Temple MQ Skulltulas",
        "access_rules": [
          "setting_skulltulas_dungeons"
        ],
        "sections": [
          {
            "name": "GS60 - First Hallway",
            "short_name": "First Hallway",
            "chest_unopened_img": "images/skulltula.png",
            "chest_opened_img": "images/skulltula_token.png",
            "item_count": 1
          },
          {
            "name": "GS61 - Block Push Room",
            "short_name": "Block Push",
            "chest_unopened_img": "images/skulltula.png",
            "chest_opened_img": "images/skulltula_token.png",
            "item_count": 1
          },
          {
            "name": "GS62 - Outdoor West",
            "short_name": "Outdoor West",
            "access_rules": [
              "@Forest Temple MQ/Redead Chest",
              "bow"
            ],
            "chest_unopened_img": "images/skulltula.png",
            "chest_opened_img": "images/skulltula_token.png",
            "item_count": 1
          },
          {
            "name": "GS63 - Outdoor East",
            "short_name": "Outdoor East",
            "access_rules": [
              "@Forest Temple MQ/Redead Chest,ironboots",
              "@Forest Temple MQ/Redead Chest,longshot",
              "@Forest Temple MQ/Redead Chest,scale2",
              "bow"
            ],
            "chest_unopened_img": "images/skulltula.png",
            "chest_opened_img": "images/skulltula_token.png",
            "item_count": 1
          },
          {
            "name": "GS64 - Well",
            "short_name": "Well",
            "access_rules": [
              "@Forest Temple MQ/Redead Chest,ironboots",
              "bow"
            ],
            "chest_unopened_img": "images/skulltula.png",
            "chest_opened_img": "images/skulltula_token.png",
            "item_count": 1
          }
        ],
        "map_locations": [
          {
            "map": "adult",
            "x": 2178,
            "y": 566
          }
        ]
      }
    ]
  },
  {
    "name": "Fire Temple MQ",
    "parent": "Death Mountain Crater",
    "access_rules": [
      "fire_mq,$dmc_central,$has_goron_tunic"
    ],
    "sections": [
      {
        "name": "Entrance Hallway Small Chest",
        "short_name": "Like Like",
        "item_count": 1
      },
      {
        "name": "Chest Near Boss",
        "short_name": "Near Boss",
        "access_rules": [
          "hoverboots,$has_fire",
          "bow,[hoverboots],$has_fire",
          "hookshot,$has_fire"
        ],
        "item_count": 1
      },
      {
        "name": "Megaton Hammer Chest",
        "short_name": "Hammer",
        "item_count": 1
      },
      {
        "name": "Map Chest",
        "short_name": "Map",
        "access_rules": [
          "@Fire Temple MQ/Megaton Hammer Chest,hammer"
        ],
        "item_count": 1
      },
      {
        "name": "Boss Key Chest",
        "short_name": "Boss Key",
        "access_rules": [
          "hammer,hookshot,$has_fire,[bow]"
        ],
        "chest_unopened_img": "images/chest_golden_closed.png",
        "chest_opened_img": "images/chest_golden_open.png",
        "item_count": 1
      },
      {
        "name": "Big Lava Room Bombable Chest",
        "short_name": "Lava Room Bombable",
        "access_rules": [
          "hammer,hookshot,$has_fire,$has_explosives"
        ],
        "item_count": 1
      },
      {
        "name": "Maze Lower Chest",
        "short_name": "Maze Lower",
        "access_rules": [
          "hammer,$has_fire,[redtunic]"
        ],
        "item_count": 1
      },
      {
        "name": "Maze Side Room",
        "short_name": "Maze Side",
        "access_rules": [
          "@Fire Temple MQ/Maze Lower Chest,$has_explosives,[hookshot]"
        ],
        "item_count": 1
      },
      {
        "name": "Maze Upper Chest",
        "short_name": "Maze Upper",
        "access_rules": [
          "@Fire Temple MQ/Maze Lower Chest,hookshot,[$has_explosives]"
        ],
        "item_count": 1
      },
      {
        "name": "Compass Chest",
        "short_name": "Compass",
        "access_rules": [
          "@Fire Temple MQ/Maze Upper Chest,$has_explosives"
        ],
        "item_count": 1
      },
      {
        "name": "Freestanding Key",
        "short_name": "Flare Dancer 2",
        "access_rules": [
          "@Fire Temple MQ/Maze Upper Chest,bow"
        ],
        "chest_unopened_img": "images/small_key.png",
        "chest_opened_img": "images/small_key_check.png",
        "item_count": 1
      },
      {
        "name": "West Tower Top Chest",
        "short_name": "West Tower Top",
        "access_rules": [
          "@Fire Temple MQ/Freestanding Key",
          "{$hintable}"
        ],
        "capture_item": true,
        "item_count": 1
      },
      {
        "name": "Volvagia",
        "access_rules": [
          "@Fire Temple MQ/Freestanding Key,hammer,$has_fire",
          "[hoverboots],hammer,$has_fire,[redtunic]"
        ],
        "hosted_item": "fire",
        "chest_unopened_img": "images/HC.png",
        "chest_opened_img": "images/HC_grey.png",
        "item_count": 1
      }
    ],
    "map_locations": [
      {
        "map": "adult",
        "x": 1912,
        "y": 115
      }
    ],
    "children": [
      {
        "name": "Fire Temple MQ Skulltulas",
        "access_rules": [
          "setting_skulltulas_dungeons"
        ],
        "sections": [
          {
            "name": "GS65 - Big Lava Room",
            "short_name": "Lava Room",
            "access_rules": [
              "hammer"
            ],
            "chest_unopened_img": "images/skulltula.png",
            "chest_opened_img": "images/skulltula_token.png",
            "item_count": 1
          },
          {
            "name": "GS66 - East Tower Top",
            "short_name": "East Tower Top",
            "access_rules": [
              "@Fire Temple MQ/Maze Upper Chest,ocarina,time",
              "@Fire Temple MQ/Maze Upper Chest,longshot"
            ],
            "chest_unopened_img": "images/skulltula.png",
            "chest_opened_img": "images/skulltula_token.png",
            "item_count": 1
          },
          {
            "name": "GS67 - Fire Wall Maze Side Room",
            "short_name": "Fire Maze Side",
            "access_rules": [
              "@Fire Temple MQ/Freestanding Key,ocarina,time",
              "@Fire Temple MQ/Freestanding Key,hoverboots"
            ],
            "chest_unopened_img": "images/skulltula.png",
            "chest_opened_img": "images/skulltula_token.png",
            "item_count": 1
          },
          {
            "name": "GS68 - Above Fire Wall Maze",
            "short_name": "Above Fire Maze",
            "access_rules": [
              "@Fire Temple MQ/Freestanding Key"
            ],
            "chest_unopened_img": "images/skulltula.png",
            "chest_opened_img": "images/skulltula_token.png",
            "item_count": 1
          },
          {
            "name": "GS69 - Fire Wall Maze Center",
            "short_name": "Fire Maze Center",
            "access_rules": [
              "@Fire Temple MQ/Freestanding Key,$has_explosives"
            ],
            "chest_unopened_img": "images/skulltula.png",
            "chest_opened_img": "images/skulltula_token.png",
            "item_count": 1
          }
        ],
        "map_locations": [
          {
            "map": "adult",
            "x": 1942,
            "y": 115
          }
        ]
      }
    ]
  },
  {
    "name": "Water Temple MQ",
    "parent": "Lake Hylia",
    "access_rules": [
      "water_mq,sword2,ironboots,hookshot,$has_zora_tunic",
      "water_mq,sword2,scale2,[ironboots],hookshot,$has_zora_tunic"
    ],
    "sections": [
      {
        "name": "Map Chest",
        "short_name": "Map",
        "access_rules": [
          "ironboots,$has_fire"
        ],
        "item_count": 1
      },
      {
        "name": "Longshot Chest",
        "short_name": "Longshot",
        "access_rules": [
          "[ocarina],[lullaby],ironboots"
        ],
        "item_count": 1
      },
      {
        "name": "Compass Chest",
        "short_name": "Compass",
        "access_rules": [
          "ocarina,lullaby,ironboots,bow",
          "ocarina,lullaby,ironboots,dinsfire,magic"
        ],
        "item_count": 1
      },
      {
        "name": "Central Pillar Chest",
        "short_name": "Basement",
        "access_rules": [
          "ironboots,bow,firearrow,magic,[bluetunic]",
          "ironboots,dinsfire,magic,ocarina,time,[bluetunic]"
        ],
        "item_count": 1
      },
      {
        "name": "Boss Key Chest",
        "short_name": "Boss Key",
        "access_rules": [
          "longshot,ironboots,dinsfire,magic",
          "{$hintable}"
        ],
        "capture_item": true,
        "chest_unopened_img": "images/chest_golden_closed.png",
        "chest_opened_img": "images/chest_golden_open.png",
        "item_count": 1
      },
      {
        "name": "Freestanding Key",
        "short_name": "Key",
        "access_rules": [
          "longshot,ironboots,dinsfire,magic,hoverboots",
          "longshot,ironboots,dinsfire,magic,ocarina,[scarecrow]",
          "{$hintable}"
        ],
        "capture_item": true,
        "chest_unopened_img": "images/small_key.png",
        "chest_opened_img": "images/small_key_check.png",
        "item_count": 1
      },
      {
        "name": "Morpha",
        "access_rules": [
          "longshot"
        ],
        "hosted_item": "water",
        "chest_unopened_img": "images/HC.png",
        "chest_opened_img": "images/HC_grey.png",
        "item_count": 1
      }
    ],
    "map_locations": [
      {
        "map": "adult",
        "x": 985,
        "y": 1380
      }
    ],
    "children": [
      {
        "name": "Water Temple MQ Skulltulas",
        "access_rules": [
          "setting_skulltulas_dungeons"
        ],
        "sections": [
          {
            "name": "GS73 - South Basement",
            "short_name": "South Basement",
            "access_rules": [
              "longshot,ironboots,dinsfire,magic,hoverboots,bow,firearrow",
              "longshot,ironboots,dinsfire,magic,ocarina,[scarecrow],bow,firearrow"
            ],
            "chest_unopened_img": "images/skulltula.png",
            "chest_opened_img": "images/skulltula_token.png",
            "item_count": 1
          },
          {
            "name": "GS74 - North Basement",
            "short_name": "North Basement",
            "access_rules": [
              "@Water Temple MQ/Freestanding Key"
            ],
            "capture_item": true,
            "chest_unopened_img": "images/skulltula.png",
            "chest_opened_img": "images/skulltula_token.png",
            "item_count": 1
          },
          {
            "name": "GS75 - Serpent River",
            "short_name": "River",
            "access_rules": [
              "longshot,ironboots"
            ],
            "chest_unopened_img": "images/skulltula.png",
            "chest_opened_img": "images/skulltula_token.png",
            "item_count": 1
          },
          {
            "name": "GS76 - Lizalfos Hallway",
            "short_name": "Lizalfos",
            "access_rules": [
              "ocarina,lullaby,ironboots,dinsfire,magic"
            ],
            "chest_unopened_img": "images/skulltula.png",
            "chest_opened_img": "images/skulltula_token.png",
            "item_count": 1
          },
          {
            "name": "GS77 - Before Upper Water Switch",
            "short_name": "Before Upper Water Switch",
            "access_rules": [
              "ocarina,lullaby,ironboots,longshot"
            ],
            "chest_unopened_img": "images/skulltula.png",
            "chest_opened_img": "images/skulltula_token.png",
            "item_count": 1
          }
        ],
        "map_locations": [
          {
            "map": "adult",
            "x": 985,
            "y": 1350
          }
        ]
      }
    ]
  },
  {
    "name": "Shadow Temple MQ",
    "parent": "Graveyard",
    "access_rules": [
      "shadow_mq,ocarina,nocturne,dinsfire,magic,$can_see_with_lens,sword2,hoverboots",
      "shadow_mq,ocarina,nocturne,dinsfire,magic,$can_see_with_lens,sword2,hookshot",
      "shadow_mq,ocarina,nocturne,bow,firearrow,[dinsfire],magic,$can_see_with_lens,sword2,hoverboots",
      "shadow_mq,ocarina,nocturne,bow,firearrow,[dinsfire],magic,$can_see_with_lens,sword2,hookshot"
    ],
    "sections": [
      {
        "name": "Compass Chest",
        "short_name": "Compass",
        "access_rules": [
          "$has_explosives"
        ],
        "item_count": 1
      },
      {
        "name": "Hover Boots Chest",
        "short_name": "Dead Hand 1",
        "access_rules": [
          "@Shadow Temple MQ/Compass Chest,ocarina,time,bow"
        ],
        "item_count": 1
      },
      {
        "name": "Map Chest",
        "short_name": "Map",
        "access_rules": [
          "hoverboots",
          "bow,firearrow,magic"
        ],
        "item_count": 1
      },
      {
        "name": "Near Ship Invisible Chest",
        "short_name": "Shortcut",
        "access_rules": [
          "@Shadow Temple MQ/Map Chest"
        ],
        "item_count": 1
      },
      {
        "name": "Early Gibdos Chest",
        "short_name": "Early Gibdos",
        "access_rules": [
          "@Shadow Temple MQ/Map Chest"
        ],
        "item_count": 1
      },
      {
        "name": "Falling Spikes Lower Chest",
        "short_name": "Crusher Lower",
        "access_rules": [
          "@Shadow Temple MQ/Map Chest,$has_explosives"
        ],
        "item_count": 1
      },
      {
        "name": "Falling Spikes Upper Chests",
        "short_name": "Crusher Upper",
        "access_rules": [
          "@Shadow Temple MQ/Falling Spikes Lower Chest,[lift1]"
        ],
        "item_count": 2
      },
      {
        "name": "Invisible Blades Chests",
        "short_name": "Like Like",
        "access_rules": [
          "@Shadow Temple MQ/Falling Spikes Lower Chest,ocarina,time"
        ],
        "item_count": 2
      },
      {
        "name": "Beamos Silver Rupees Chest",
        "short_name": "Beamos Silvers",
        "access_rules": [
          "@Shadow Temple MQ/Falling Spikes Lower Chest,longshot"
        ],
        "item_count": 1
      },
      {
        "name": "Invisible Spikes Chest",
        "short_name": "Invisible Spikes",
        "access_rules": [
          "@Shadow Temple MQ/Falling Spikes Lower Chest,hoverboots"
        ],
        "item_count": 1
      },
      {
        "name": "Stalfos Room Chest",
        "short_name": "Stalfos",
        "access_rules": [
          "@Shadow Temple MQ/Invisible Spikes Chest,hookshot"
        ],
        "item_count": 1
      },
      {
        "name": "Wind Hint Chest",
        "short_name": "Wind Hint",
        "access_rules": [
          "@Shadow Temple MQ/Stalfos Room Chest"
        ],
        "item_count": 1
      },
      {
        "name": "After Wind Chests",
        "short_name": "After Wind",
        "access_rules": [
          "@Shadow Temple MQ/Wind Hint Chest"
        ],
        "item_count": 2
      },
      {
        "name": "Freestanding Key",
        "short_name": "Triple Skull",
        "access_rules": [
          "@Shadow Temple MQ/Wind Hint Chest,ocarina,lullaby,bow,time,longshot"
        ],
        "chest_unopened_img": "images/small_key.png",
        "chest_opened_img": "images/small_key_check.png",
        "item_count": 1
      },
      {
        "name": "Bomb Flower Chest",
        "short_name": "Dead Hand 2",
        "access_rules": [
          "@Shadow Temple MQ/Freestanding Key",
          "{$hintable}"
        ],
        "capture_item": true,
        "item_count": 1
      },
      {
        "name": "Boss Key Chest",
        "short_name": "Boss Key",
        "access_rules": [
          "@Shadow Temple MQ/Freestanding Key,dinsfire,magic"
        ],
        "chest_unopened_img": "images/chest_golden_closed.png",
        "chest_opened_img": "images/chest_golden_open.png",
        "item_count": 1
      },
      {
        "name": "Spike Walls Left Chest",
        "short_name": "Near Boss Key",
        "access_rules": [
          "@Shadow Temple MQ/Boss Key Chest"
        ],
        "item_count": 1
      },
      {
        "name": "Bongo Bongo",
        "access_rules": [
          "@Shadow Temple MQ/Wind Hint Chest,ocarina,lullaby,bow",
          "@Shadow Temple MQ/Wind Hint Chest,ocarina,lullaby,bombchu,[bow]"
        ],
        "hosted_item": "shadow",
        "chest_unopened_img": "images/HC.png",
        "chest_opened_img": "images/HC_grey.png",
        "item_count": 1
      }
    ],
    "map_locations": [
      {
        "map": "adult",
        "x": 2144,
        "y": 296
      }
    ],
    "children": [
      {
        "name": "Shadow Temple MQ Skulltulas",
        "access_rules": [
          "setting_skulltulas_dungeons"
        ],
        "sections": [
          {
            "name": "GS81 - Crusher Room",
            "short_name": "Crusher",
            "access_rules": [
              "@Shadow Temple MQ/Falling Spikes Lower Chest,hookshot",
              "{@Shadow Temple MQ/Falling Spikes Lower Chest}"
            ],
            "capture_item": true,
            "chest_unopened_img": "images/skulltula.png",
            "chest_opened_img": "images/skulltula_token.png",
            "item_count": 1
          },
          {
            "name": "GS82 - Wind Hint Room",
            "short_name": "Wind Hint",
            "access_rules": [
              "@Shadow Temple MQ/Wind Hint Chest"
            ],
            "chest_unopened_img": "images/skulltula.png",
            "chest_opened_img": "images/skulltula_token.png",
            "item_count": 1
          },
          {
            "name": "GS83 - After Wind",
            "short_name": "After Wind",
            "access_rules": [
              "@Shadow Temple MQ/Wind Hint Chest"
            ],
            "chest_unopened_img": "images/skulltula.png",
            "chest_opened_img": "images/skulltula_token.png",
            "item_count": 1
          },
          {
            "name": "GS84 - After Ship",
            "short_name": "After Ship",
            "access_rules": [
              "@Shadow Temple MQ/Wind Hint Chest,ocarina,lullaby"
            ],
            "chest_unopened_img": "images/skulltula.png",
            "chest_opened_img": "images/skulltula_token.png",
            "item_count": 1
          },
          {
            "name": "GS85 - Near Boss",
            "short_name": "Near Boss",
            "access_rules": [
              "@Shadow Temple MQ Skulltulas/GS84 - After Ship,bow"
            ],
            "chest_unopened_img": "images/skulltula.png",
            "chest_opened_img": "images/skulltula_token.png",
            "item_count": 1
          }
        ],
        "map_locations": [
          {
            "map": "adult",
            "x": 2174,
            "y": 296
          }
        ]
      }
    ]
  },
  {
    "name": "Spirit Temple MQ",
    "parent": "Desert Colossus",
    "access_rules": [
      "spirit_mq,$colossus"
    ],
    "sections": [
      {
        "name": "Entrance Front Left Chest",
        "short_name": "Entry Front Left",
        "item_count": 1
      },
      {
        "name": "Entrance Back Left Chest",
        "short_name": "Entry Back Left",
        "access_rules": [
          "$can_blast,ocarina,requiem,sling",
          "$can_blast,sword2,bow"
        ],
        "item_count": 1
      },
      {
        "name": "Entrance Back Right Chest",
        "short_name": "Entry Back Right",
        "access_rules": [
          "bombchu",
          "sword2,bow",
          "sword2,hookshot",
          "ocarina,requiem,sling",
          "ocarina,requiem,boomerang"
        ],
        "item_count": 1
      },
      {
        "name": "Child Left Chest",
        "short_name": "Child Left",
        "access_rules": [
          "ocarina,requiem,bombchu,sling,dinsfire,magic,sticks",
          "ocarina,requiem,bombchu,sling,dinsfire,magic,sword1"
        ],
        "item_count": 1
      },
      {
        "name": "Map Chest",
        "short_name": "Map",
        "access_rules": [
          "ocarina,requiem,sticks",
          "ocarina,requiem,sword1",
          "ocarina,requiem,$has_explosives"
        ],
        "item_count": 1
      },
      {
        "name": "Silver Block Hallway Chest",
        "short_name": "Silver Block",
        "access_rules": [
          "ocarina,requiem,bombchu,sling,dinsfire,magic",
          "ocarina,requiem,bombchu,sling,sword2,longshot,lift2,bow,firearrow,magic",
          "ocarina,requiem,bombchu,sling,sword2,longshot,lift2,bow,[firearrow],[magic],time"
        ],
        "item_count": 1
      },
      {
        "name": "Child Center Chest",
        "short_name": "Child Center",
        "access_rules": [
          "sword2,lift2,longshot,bombchu,ocarina,requiem,hammer",
          "{$hintable}"
        ],
        "capture_item": true,
        "item_count": 1
      },
      {
        "name": "Child Climb South Chest",
        "short_name": "Child Climb Ledge",
        "access_rules": [
          "sword2,lift2,longshot,bombchu"
        ],
        "item_count": 1
      },
      {
        "name": "Lower NE Main Room Chest",
        "short_name": "Statue Boxes",
        "access_rules": [
          "sword2,lift2,longshot,bombchu,ocarina,lullaby"
        ],
        "item_count": 1
      },
      {
        "name": "Upper NE Main Room Chest",
        "short_name": "Statue Ledge",
        "access_rules": [
          "sword2,lift2,longshot,bombchu,$can_see_with_lens"
        ],
        "item_count": 1
      },
      {
        "name": "Beamos Room Chest",
        "short_name": "Beamos",
        "access_rules": [
          "sword2,lift2,longshot,bombchu"
        ],
        "item_count": 1
      },
      {
        "name": "Ice Trap Chest",
        "short_name": "Ice Trap",
        "access_rules": [
          "@Spirit Temple MQ/Beamos Room Chest,ocarina,time"
        ],
        "item_count": 1
      },
      {
        "name": "Boss Key Chest",
        "short_name": "Boss Key",
        "access_rules": [
          "@Spirit Temple MQ/Ice Trap Chest,shield3"
        ],
        "chest_unopened_img": "images/chest_golden_closed.png",
        "chest_opened_img": "images/chest_golden_open.png",
        "item_count": 1
      },
      {
        "name": "Child Climb North Chest",
        "short_name": "Child Climb Ground",
        "access_rules": [
          "sword2,lift2,longshot,bombchu",
          "ocarina,requiem,bombchu"
        ],
        "item_count": 1
      },
      {
        "name": "Compass Chest",
        "short_name": "Compass",
        "access_rules": [
          "sword2,lift2,longshot,bombchu,bow",
          "ocarina,requiem,bombchu,sling"
        ],
        "item_count": 1
      },
      {
        "name": "Sun Block Room Chest",
        "short_name": "Sun Block",
        "access_rules": [
          "sword2,lift2,longshot,bombchu",
          "ocarina,requiem,bombchu,time"
        ],
        "item_count": 1
      },
      {
        "name": "Lower Adult Left Chest",
        "short_name": "Adult Left",
        "access_rules": [
          "sword2,lift2,longshot,bombchu,bow,firearrow,magic,shield3",
          "sword2,lift2,longshot,bombchu,bow,[firearrow],dinsfire,magic,shield3"
        ],
        "item_count": 1
      },
      {
        "name": "Lower Adult Right Chest",
        "short_name": "Adult Right",
        "access_rules": [
          "@Spirit Temple MQ/Lower Adult Left Chest,hammer,ocarina,time,epona,sun,storm,lullaby",
          "{$hintable}"
        ],
        "capture_item": true,
        "item_count": 1
      },
      {
        "name": "Entrance Front Right Chest",
        "short_name": "Entry Front Right",
        "access_rules": [
          "@Spirit Temple MQ/Lower Adult Left Chest,hammer"
        ],
        "item_count": 1
      },
      {
        "name": "Mirror Puzzle Invisible Chest",
        "short_name": "Mirror Puzzle",
        "access_rules": [
          "sword2,lift2,longshot,bombchu,ocarina,lullaby,hammer,$can_see_with_lens"
        ],
        "item_count": 1
      },
      {
        "name": "Mirror Shield Chest",
        "short_name": "Left Hand",
        "access_rules": [
          "sword2,lift2,longshot,bombchu,ocarina,time,$can_see_with_lens"
        ],
        "item_count": 1
      },
      {
        "name": "Silver Gauntlets Chest",
        "short_name": "Right Hand",
        "access_rules": [
          "sword2,lift2,longshot,bombchu",
          "ocarina,requiem,bombchu,time"
        ],
        "item_count": 1
      },
      {
        "name": "Twinrova",
        "access_rules": [
          "sword2,lift2,longshot,bombchu,ocarina,lullaby,hammer,shield3"
        ],
        "hosted_item": "spirit",
        "chest_unopened_img": "images/HC.png",
        "chest_opened_img": "images/HC_grey.png",
        "item_count": 1
      }
    ],
    "map_locations": [
      {
        "map": "child",
        "visibility_rules": [
          "ocarina,requiem"
        ],
        "x": 55,
        "y": 301
      },
      {
        "map": "adult",
        "visibility_rules": [
          "sword2"
        ],
        "x": 55,
        "y": 301
      }
    ],
    "children": [
      {
        "name": "Spirit Temple MQ Skulltulas",
        "access_rules": [
          "setting_skulltulas_dungeons"
        ],
        "sections": [
          {
            "name": "GS96 - Sun Block Room",
            "short_name": "Sun Block",
            "access_rules": [
              "sword2,lift2,longshot,bombchu",
              "[sword2],[lift2],[longshot],ocarina,requiem,bombchu,time,boomerang"
            ],
            "chest_unopened_img": "images/skulltula.png",
            "chest_opened_img": "images/skulltula_token.png",
            "item_count": 1
          },
          {
            "name": "GS97 - Lower Adult Left",
            "short_name": "Adult Left",
            "access_rules": [
              "@Spirit Temple MQ/Lower Adult Left Chest"
            ],
            "chest_unopened_img": "images/skulltula.png",
            "chest_opened_img": "images/skulltula_token.png",
            "item_count": 1
          },
          {
            "name": "GS98 - Lower Adult Right",
            "short_name": "Adult Right",
            "access_rules": [
              "@Spirit Temple MQ/Lower Adult Right Chest"
            ],
            "capture_item": true,
            "chest_unopened_img": "images/skulltula.png",
            "chest_opened_img": "images/skulltula_token.png",
            "item_count": 1
          },
          {
            "name": "GS99 - Iron Knuckle North",
            "short_name": "Iron Knuckle 1",
            "access_rules": [
              "sword2,lift2,longshot,bombchu"
            ],
            "chest_unopened_img": "images/skulltula.png",
            "chest_opened_img": "images/skulltula_token.png",
            "item_count": 1
          },
          {
            "name": "GS100 - Iron Knuckle West",
            "short_name": "Iron Knuckle 2",
            "access_rules": [
              "sword2,lift2,longshot,bombchu"
            ],
            "chest_unopened_img": "images/skulltula.png",
            "chest_opened_img": "images/skulltula_token.png",
            "item_count": 1
          }
        ],
        "map_locations": [
          {
            "map": "child",
            "x": 55,
            "y": 271
          },
          {
            "map": "adult",
            "visibility_rules": [
              "sword2"
            ],
            "x": 55,
            "y": 271
          }
        ]
      }
    ]
  },
  {
    "name": "Bottom of the Well MQ",
    "parent": "Kakariko Village",
    "access_rules": [
      "botw_mq,ocarina,storm"
    ],
    "sections": [
      {
        "name": "Map Chest",
        "short_name": "Map",
        "access_rules": [
          "$has_explosives",
          "ocarina,lullaby"
        ],
        "item_count": 1
      },
      {
        "name": "East Inner Room Freestanding Key",
        "short_name": "Inner Key",
        "access_rules": [
          "$has_explosives",
          "ocarina,lullaby"
        ],
        "chest_unopened_img": "images/small_key.png",
        "chest_opened_img": "images/small_key_check.png",
        "item_count": 1
      },
      {
        "name": "Compass Chest",
        "short_name": "Dead Hand",
        "access_rules": [
          "sword1",
          "sticks,[sword1]",
          "{$hintable}"
        ],
        "capture_item": true,
        "item_count": 1
      },
      {
        "name": "Dead Hand Freestanding Key",
        "short_name": "Dead Hand Key",
        "access_rules": [
          "$has_explosives",
          "boomerang,[$has_explosives]"
        ],
        "chest_unopened_img": "images/small_key.png",
        "chest_opened_img": "images/small_key_check.png",
        "item_count": 1
      },
      {
        "name": "Lens Chest",
        "short_name": "Lens",
        "access_rules": [
          "$has_explosives"
        ],
        "item_count": 1
      }
    ],
    "map_locations": [
      {
        "map": "child",
        "x": 1920,
        "y": 383
      }
    ],
    "children": [
      {
        "name": "Bottom of the Well MQ Skulltulas",
        "access_rules": [
          "setting_skulltulas_dungeons"
        ],
        "sections": [
          {
            "name": "GS78 - West Inner Room",
            "short_name": "West Inner",
            "access_rules": [
              "$can_child_attack,$can_see_with_lens,ocarina,lullaby",
              "$can_child_attack,$can_see_with_lens,$has_explosives"
            ],
            "chest_unopened_img": "images/skulltula.png",
            "chest_opened_img": "images/skulltula_token.png",
            "item_count": 1
          },
          {
            "name": "GS79 - Basement",
            "short_name": "Basement",
            "access_rules": [
              "$can_child_attack"
            ],
            "chest_unopened_img": "images/skulltula.png",
            "chest_opened_img": "images/skulltula_token.png",
            "item_count": 1
          },
          {
            "name": "GS80 - Coffin Room",
            "short_name": "Coffin",
            "access_rules": [
              "$can_child_attack"
            ],
            "chest_unopened_img": "images/skulltula.png",
            "chest_opened_img": "images/skulltula_token.png",
            "item_count": 1
          }
        ],
        "map_locations": [
          {
            "map": "child",
            "x": 1920,
            "y": 414
          }
        ]
      }
    ]
  },
  {
    "name": "Ganons Castle MQ",
    "parent": "Ganons Castle Grounds",
    "access_rules": [
      "gc_mq,bridge_open,sword2",
      "gc_mq,bridge_vanilla,sword2,lacs_meds:2,lightarrow",
      "gc_mq,bridge_stones,sword2,stones:3",
      "gc_mq,bridge_medallions,sword2,forestmed,noct_meds:2,lacs_meds:2,lightmed",
      "gc_mq,bridge_dungeons,sword2,forestmed,noct_meds:2,lacs_meds:2,lightmed,stones:3",
      "gc_mq,bridge_100gs,sword2,token:100"
    ],
    "sections": [
      {
        "name": "Forest Trial Freestanding Key",
        "short_name": "Forest Trial Key",
        "access_rules": [
          "hookshot",
          "{}"
        ],
        "capture_item": true,
        "chest_unopened_img": "images/small_key.png",
        "chest_opened_img": "images/small_key_check.png",
        "item_count": 1
      },
      {
        "name": "Forest Trial First Chest",
        "short_name": "Forest Trial 1",
        "access_rules": [
          "bow"
        ],
        "item_count": 1
      },
      {
        "name": "Forest Trial Second Chest",
        "short_name": "Forest Trial 2",
        "access_rules": [
          "$has_fire"
        ],
        "item_count": 1
      },
      {
        "name": "Water Trial Chest",
        "short_name": "Water Trial",
        "access_rules": [
          "$has_bottle"
        ],
        "item_count": 1
      },
      {
        "name": "Shadow Trial First Chest",
        "short_name": "Shadow Trial 1",
        "access_rules": [
          "bow,hookshot",
          "bow,hoverboots",
          "hoverboots,$can_see_with_lens,$has_explosives",
          "hoverboots,$can_see_with_lens,lift1",
          "hoverboots,$can_see_with_lens,dinsfire,magic"
        ],
        "item_count": 1
      },
      {
        "name": "Shadow Trial Second Chest",
        "short_name": "Shadow Trial 2",
        "access_rules": [
          "bow,$can_see_with_lens,hoverboots",
          "bow,$can_see_with_lens,hookshot,$has_fire"
        ],
        "item_count": 1
      },
      {
        "name": "Spirit Trial First Chest",
        "short_name": "Spirit Trial 1",
        "access_rules": [
          "[bow],hammer"
        ],
        "item_count": 1
      },
      {
        "name": "Spirit Trial Second Chest",
        "short_name": "Spirit Trial 2",
        "access_rules": [
          "@Ganons Castle MQ/Spirit Trial First Chest,bombchu,$can_see_with_lens"
        ],
        "item_count": 1
      },
      {
        "name": "Spirit Trial Sun Chests",
        "short_name": "Spirit Trial Sun",
        "access_rules": [
          "hammer,bombchu,bow,firearrow,magic,shield3"
        ],
        "item_count": 4
      },
      {
        "name": "Light Trial Lullaby Chest",
        "short_name": "Light Trial",
        "access_rules": [
          "lift3,ocarina,lullaby"
        ],
        "item_count": 1
      },
      {
        "name": "Castle Tower",
        "access_rules": [
          "$can_LA,lift3,ocarina,time,$has_goron_tunic,$has_bottle,$can_see_with_lens,hammer,bombchu,shield3,firearrow,longshot",
          "$can_LA,lift3,ocarina,time,$has_goron_tunic,$has_bottle,$can_see_with_lens,hammer,bombchu,shield3,firearrow,hookshot,hoverboots"
        ],
        "chest_unopened_img": "images/chest_golden_closed.png",
        "chest_opened_img": "images/chest_golden_open.png",
        "item_count": 1
      }
    ],
    "map_locations": [
      {
        "map": "adult",
        "x": 1409,
        "y": 206
      }
    ],
    "children": [
      {
        "name": "Ganons Castle MQ Scrubs",
        "access_rules": [
          "setting_scrub_shuffle_yes"
        ],
        "sections": [
          {
            "name": "Hidden Room",
            "access_rules": [
              "$can_see_with_lens"
            ],
            "chest_unopened_img": "images/deku_scrub.png",
            "chest_opened_img": "images/deku_scrub_grey.png",
            "clear_as_group": false,
            "item_count": 5
          }
        ],
        "map_locations": [
          {
            "map": "adult",
            "x": 1409,
            "y": 176
          }
        ]
      }
    ]
  },
  {
    "name": "Gerudo Training Grounds MQ",
    "parent": "Gerudo Fortress",
    "access_rules": [
      "gtg_mq,carpenter_rescue_yes,card",
      "gtg_mq,gerudo_fortress_open,card"
    ],
    "sections": [
      {
        "name": "Lobby Chests",
        "short_name": "Lobby",
        "item_count": 2
      },
      {
        "name": "Dinolfos Chest",
        "short_name": "Dinolfos",
        "access_rules": [
          "bow",
          "@Gerudo Training Grounds MQ/Second Iron Knuckle Chest"
        ],
        "item_count": 1
      },
      {
        "name": "First Iron Knuckle Chest",
        "short_name": "Knuckle 1",
        "access_rules": [
          "$has_fire"
        ],
        "item_count": 1
      },
      {
        "name": "Before Heavy Block Chest",
        "short_name": "Stalfos",
        "access_rules": [
          "@Gerudo Training Grounds MQ/First Iron Knuckle Chest,hookshot,[longshot]"
        ],
        "item_count": 1
      },
      {
        "name": "Heavy Block Chest",
        "short_name": "Freezards",
        "access_rules": [
          "@Gerudo Training Grounds MQ/Before Heavy Block Chest,lift2"
        ],
        "item_count": 1
      },
      {
        "name": "Eye Statue Chest",
        "short_name": "Eye Statue",
        "access_rules": [
          "@Gerudo Training Grounds MQ/Before Heavy Block Chest,[ocarina],[time],$can_see_with_lens,$has_bottle,bow"
        ],
        "item_count": 1
      },
      {
        "name": "Second Iron Knuckle Chest",
        "short_name": "Knuckle 2",
        "access_rules": [
          "@Gerudo Training Grounds MQ/Before Heavy Block Chest,[ocarina],[time],$can_see_with_lens,$has_bottle"
        ],
        "item_count": 1
      },
      {
        "name": "Flame Circle Chest",
        "short_name": "Flame Circle",
        "access_rules": [
          "@Gerudo Training Grounds MQ/Second Iron Knuckle Chest"
        ],
        "item_count": 1
      },
      {
        "name": "Maze Right Chests",
        "short_name": "Maze Right",
        "access_rules": [
          "@Gerudo Training Grounds MQ/Second Iron Knuckle Chest,hammer"
        ],
        "item_count": 2
      },
      {
        "name": "Underwater Silver Rupee Chest",
        "short_name": "Toilet",
        "access_rules": [
          "@Gerudo Training Grounds MQ/Dinolfos Chest,hoverboots,$has_fire,ironboots,$has_zora_tunic",
          "@Gerudo Training Grounds MQ/Maze Right Chests,longshot,$has_fire,ironboots,$has_zora_tunic",
          "@Gerudo Training Grounds MQ/Maze Right Chests,bow,$has_fire,ironboots,$has_zora_tunic",
          "{$hintable}"
        ],
        "capture_item": true,
        "item_count": 1
      },
      {
        "name": "Hidden Ceiling Chest",
        "short_name": "Hidden Ceiling",
        "access_rules": [
          "$can_see_with_lens"
        ],
        "item_count": 1
      },
      {
        "name": "Maze Path First Chest",
        "short_name": "Maze 1",
        "item_count": 1
      },
      {
        "name": "Maze Path Second Chest",
        "short_name": "Maze 2",
        "item_count": 1
      },
      {
        "name": "Maze Path Third Chest",
        "short_name": "Maze 3",
        "item_count": 1
      },
      {
        "name": "Ice Arrows Chest",
        "short_name": "Ice Arrows",
        "access_rules": [
          "@Gerudo Training Grounds MQ/Maze Right Chests",
          "{$hintable}"
        ],
        "capture_item": true,
        "item_count": 1
      }
    ],
    "map_locations": [
      {
        "map": "adult",
        "x": 481,
        "y": 474
      }
    ]
  }
]