[
  {
    "name": "Deku Tree MQ",
    "parent": "Kokiri Forest",
    "access_rules": [
      "open_forest",
      "sword1,shield1"
    ],
    "sections": [
      {
        "name": "Map Chest",
        "item_count": 1
      },
      {
        "name": "Slingshot Chest",
        "short_name": "Slingshot",
        "access_rules": [
          "$can_child_attack"
        ],
        "item_count": 1
      },
      {
        "name": "Slingshot Room Back",
        "short_name": "Slingshot Back",
        "access_rules": [
          "sticks",
          "dinsfire,magic"
        ],
        "item_count": 1
      },
      {
        "name": "Compass Chest",
        "short_name": "Compass",
        "access_rules": [
          "sling,sticks",
          "sling,dinsfire,magic"
        ],
        "item_count": 1
      },
      {
        "name": "Basement",
        "access_rules": [
          "@Deku Tree MQ/Slingshot Room Back"
        ],
        "item_count": 1
      },
      {
        "name": "Before Spinning Log",
        "short_name": "Before Log",
        "access_rules": [
          "@Deku Tree MQ/Compass Chest"
        ],
        "item_count": 1
      },
      {
        "name": "After Spinning Log",
        "short_name": "After Log",
        "access_rules": [
          "@Deku Tree MQ/Compass Chest,ocarina,time",
          "{$hintable}"
        ],
        "capture_item": true,
        "item_count": 1
      },
      {
        "name": "Queen Gohma",
        "access_rules": [
          "[sling],sticks,shield1",
          "[sling],dinsfire,magic,sword1,shield1"
        ],
        "hosted_item": "deku",
        "chest_unopened_img": "images/HC.png",
        "chest_opened_img": "images/HC_grey.png",
        "item_count": 1
      },
      {
        "name": "GS8 - Crate Near Map",
        "short_name": "Near Map",
        "access_rules": [
          "$can_child_attack"
        ],
        "visibility_rules": [
          "setting_skulltulas_dungeons"
        ],
        "chest_unopened_img": "images/skulltula.png",
        "chest_opened_img": "images/skulltula_token.png",
        "item_count": 1
      },
      {
        "name": "GS9 - Compass Room",
        "short_name": "Compass",
        "access_rules": [
          "@Deku Tree MQ/Compass Chest,boomerang,bombs,ocarina,time",
          "@Deku Tree MQ/Compass Chest,boomerang,bombchu",
          "{@Deku Tree MQ/Compass Chest,bombs,ocarina,time}",
          "{@Deku Tree MQ/Compass Chest,bombchu}"
        ],
        "visibility_rules": [
          "setting_skulltulas_dungeons"
        ],
        "capture_item": true,
        "chest_unopened_img": "images/skulltula.png",
        "chest_opened_img": "images/skulltula_token.png",
        "item_count": 1
      },
      {
        "name": "GS10 - Basement Ceiling",
        "short_name": "Ceiling",
        "access_rules": [
          "@Deku Tree MQ/Compass Chest,boomerang,ocarina,time",
          "{@Deku Tree MQ/Compass Chest,sling}",
          "{$hintable}"
        ],
        "visibility_rules": [
          "setting_skulltulas_dungeons"
        ],
        "capture_item": true,
        "chest_unopened_img": "images/skulltula.png",
        "chest_opened_img": "images/skulltula_token.png",
        "item_count": 1
      },
      {
        "name": "GS11 - Basement Back Room",
        "short_name": "Back Room",
        "access_rules": [
          "@Deku Tree MQ/Compass Chest,boomerang",
          "{@Deku Tree MQ/Compass Chest,sling}"
        ],
        "visibility_rules": [
          "setting_skulltulas_dungeons"
        ],
        "capture_item": true,
        "chest_unopened_img": "images/skulltula.png",
        "chest_opened_img": "images/skulltula_token.png",
        "item_count": 1
      },
      {
        "name": "Upper Basement",
        "short_name": "Basement",
        "access_rules": [
          "@Deku Tree MQ/Compass Chest"
        ],
        "visibility_rules": [
          "setting_scrub_shuffle_yes"
        ],
        "chest_unopened_img": "images/deku_scrub.png",
        "chest_opened_img": "images/deku_scrub_grey.png",
        "item_count": 1
      }
    ],
    "map_locations": [
      {
        "map": "child",
        "force_invisibility_rules": [
          "deku_reg"
        ],
        "x": 2426,
        "y": 860
      }
    ]
  },
  {
    "name": "Dodongos Cavern MQ",
    "parent": "Death Mountain",
    "access_rules": [
      "$can_blast",
      "lift1"
    ],
    "sections": [
      {
        "name": "Map Chest",
        "short_name": "Map",
        "item_count": 1
      },
      {
        "name": "Compass Chest",
        "short_name": "Compass",
        "access_rules": [
          "sword2",
          "$can_child_attack",
          "nuts"
        ],
        "item_count": 1
      },
      {
        "name": "Larva Room",
        "short_name": "Larva",
        "access_rules": [
          "$has_fire",
          "sticks,$has_explosives",
          "sticks,lift1"
        ],
        "item_count": 1
      },
      {
        "name": "Torch Puzzle Room",
        "short_name": "Platform",
        "access_rules": [
          "$can_blast",
          "sticks",
          "dinsfire,magic",
          "sword2,[hoverboots]",
          "sword2,[hookshot]"
        ],
        "item_count": 1
      },
      {
        "name": "Bomb Bag Chest",
        "short_name": "Bomb Bag",
        "access_rules": [
          "sword2",
          "[sling],sticks",
          "[sling],sword1",
          "sling,dinsfire,magic",
          "sling,$has_explosives"
        ],
        "item_count": 1
      },
      {
        "name": "Under Grave",
        "access_rules": [
          "$has_explosives"
        ],
        "item_count": 1
      },
      {
        "name": "Above Boss",
        "access_rules": [
          "@Dodongos Cavern MQ/Under Grave"
        ],
        "item_count": 1
      },
      {
        "name": "King Dodongo",
        "access_rules": [
          "@Dodongos Cavern MQ/Under Grave,lift1,sticks",
          "@Dodongos Cavern MQ/Under Grave,lift1,sword1",
          "@Dodongos Cavern MQ/Under Grave,lift1,sword2",
          "@Dodongos Cavern MQ/Under Grave,bombs,sticks",
          "@Dodongos Cavern MQ/Under Grave,bombs,sword1",
          "@Dodongos Cavern MQ/Under Grave,bombs,sword2",
          "@Dodongos Cavern MQ/Under Grave,bombchu,[bombs],sticks",
          "@Dodongos Cavern MQ/Under Grave,bombchu,[bombs],sword1",
          "@Dodongos Cavern MQ/Under Grave,bombchu,[bombs],sword2"
        ],
        "hosted_item": "dodongo",
        "chest_unopened_img": "images/HC.png",
        "chest_opened_img": "images/HC_grey.png",
        "item_count": 1
      },
      {
        "name": "GS38 - Song of Time Block Room",
        "short_name": "Song of Time",
        "access_rules": [
          "ocarina,time,$can_child_attack",
          "ocarina,time,sword2"
        ],
        "visibility_rules": [
          "setting_skulltulas_dungeons"
        ],
        "chest_unopened_img": "images/skulltula.png",
        "chest_opened_img": "images/skulltula_token.png",
        "item_count": 1
      },
      {
        "name": "GS39 - Larva Room",
        "short_name": "Larva",
        "access_rules": [
          "@Dodongos Cavern MQ/Larva Room"
        ],
        "visibility_rules": [
          "setting_skulltulas_dungeons"
        ],
        "chest_unopened_img": "images/skulltula.png",
        "chest_opened_img": "images/skulltula_token.png",
        "item_count": 1
      },
      {
        "name": "GS40 - Lizalfos Room",
        "short_name": "Lizalfos",
        "access_rules": [
          "$can_blast"
        ],
        "visibility_rules": [
          "setting_skulltulas_dungeons"
        ],
        "chest_unopened_img": "images/skulltula.png",
        "chest_opened_img": "images/skulltula_token.png",
        "item_count": 1
      },
      {
        "name": "GS41 - Scrub Room",
        "short_name": "Scrub",
        "access_rules": [
          "boomerang,sling,$has_explosives",
          "boomerang,sword2,$has_explosives",
          "boomerang,sling,lift1,sticks",
          "boomerang,sling,lift1,dinsfire,magic",
          "boomerang,sling,lift1,sword2,[hoverboots]",
          "boomerang,sling,lift1,sword2,[hammer]",
          "sword2,hookshot,$has_explosives",
          "sword2,hookshot,lift1",
          "sword2,hookshot,bow",
          "sword2,hookshot,dinsfire,magic"
        ],
        "visibility_rules": [
          "setting_skulltulas_dungeons"
        ],
        "chest_unopened_img": "images/skulltula.png",
        "chest_opened_img": "images/skulltula_token.png",
        "item_count": 1
      },
      {
        "name": "GS42 - Back Area",
        "short_name": "Back Area",
        "access_rules": [
          "@Dodongos Cavern MQ/Under Grave"
        ],
        "visibility_rules": [
          "setting_skulltulas_dungeons"
        ],
        "chest_unopened_img": "images/skulltula.png",
        "chest_opened_img": "images/skulltula_token.png",
        "item_count": 1
      },
      {
        "name": "Deku Sticks / Deku Seeds",
        "short_name": "Main Room",
        "access_rules": [
          "$can_stun_deku"
        ],
        "visibility_rules": [
          "setting_scrub_shuffle_yes"
        ],
        "chest_unopened_img": "images/deku_scrub.png",
        "chest_opened_img": "images/deku_scrub_grey.png",
        "clear_as_group": false,
        "item_count": 2
      },
      {
        "name": "Red Potion",
        "short_name": "East Side",
        "access_rules": [
          "sword2",
          "sticks",
          "dinsfire,magic",
          "$has_explosives"
        ],
        "visibility_rules": [
          "setting_scrub_shuffle_yes"
        ],
        "chest_unopened_img": "images/deku_scrub.png",
        "chest_opened_img": "images/deku_scrub_grey.png",
        "item_count": 1
      },
      {
        "name": "Deku Shield",
        "short_name": "Above Stairs",
        "access_rules": [
          "$can_stun_deku"
        ],
        "visibility_rules": [
          "setting_scrub_shuffle_yes"
        ],
        "chest_unopened_img": "images/deku_scrub.png",
        "chest_opened_img": "images/deku_scrub_grey.png",
        "item_count": 1
      }
    ],
    "map_locations": [
      {
        "map": "child",
        "force_invisibility_rules": [
          "dodongo_reg"
        ],
        "x": 1684,
        "y": 250
      },
      {
        "map": "adult",
        "force_invisibility_rules": [
          "dodongo_reg"
        ],
        "x": 1684,
        "y": 250
      }
    ]
  },
  {
    "name": "Jabu Jabus Belly MQ",
    "parent": "Zoras Fountain",
    "access_rules": [
      "$child_fountain,bottle"
    ],
    "sections": [
      {
        "name": "Map Chest",
        "short_name": "Map",
        "access_rules": [
          "$has_explosives"
        ],
        "item_count": 1
      },
      {
        "name": "Entry Side Chest",
        "short_name": "Entry",
        "access_rules": [
          "sling"
        ],
        "item_count": 1
      },
      {
        "name": "Second Room Lower Chest",
        "short_name": "Second Room Lower",
        "access_rules": [
          "@Jabu Jabus Belly MQ/Entry Side Chest"
        ],
        "item_count": 1
      },
      {
        "name": "Compass Chest",
        "short_name": "Compass",
        "access_rules": [
          "@Jabu Jabus Belly MQ/Entry Side Chest"
        ],
        "item_count": 1
      },
      {
        "name": "Basement South Chest",
        "short_name": "Basement South",
        "access_rules": [
          "@Jabu Jabus Belly MQ/Entry Side Chest"
        ],
        "item_count": 1
      },
      {
        "name": "Basement North Chest",
        "short_name": "Basement North",
        "access_rules": [
          "@Jabu Jabus Belly MQ/Entry Side Chest"
        ],
        "item_count": 1
      },
      {
        "name": "Boomerang Chest",
        "short_name": "Boomerang",
        "access_rules": [
          "@Jabu Jabus Belly MQ/Entry Side Chest"
        ],
        "item_count": 1
      },
      {
        "name": "Boomerang Room Small Chest",
        "short_name": "Boomerang Small",
        "access_rules": [
          "@Jabu Jabus Belly MQ/Entry Side Chest"
        ],
        "item_count": 1
      },
      {
        "name": "Falling Like Like Room Chest",
        "short_name": "Like Like",
        "access_rules": [
          "@Jabu Jabus Belly MQ/Entry Side Chest,boomerang,$has_explosives"
        ],
        "item_count": 1
      },
      {
        "name": "Second Room Upper Chest",
        "short_name": "Second Room Upper",
        "access_rules": [
          "@Jabu Jabus Belly MQ/Falling Like Like Room Chest,sticks",
          "@Jabu Jabus Belly MQ/Falling Like Like Room Chest,sword1,dinsfire,magic"
        ],
        "item_count": 1
      },
      {
        "name": "Near Boss Chest",
        "short_name": "Near Boss",
        "access_rules": [
          "@Jabu Jabus Belly MQ/Second Room Upper Chest"
        ],
        "item_count": 1
      },
      {
        "name": "Barinade",
        "access_rules": [
          "@Jabu Jabus Belly MQ/Second Room Upper Chest"
        ],
        "hosted_item": "jabu",
        "chest_unopened_img": "images/HC.png",
        "chest_opened_img": "images/HC_grey.png",
        "item_count": 1
      },
      {
        "name": "GS51 - Boomerang Room",
        "short_name": "Boomerang",
        "access_rules": [
          "@Jabu Jabus Belly MQ/Boomerang Chest,ocarina,time",
          "@Jabu Jabus Belly MQ/Boomerang Chest,boomerang,[ocarina],[time]"
        ],
        "visibility_rules": [
          "setting_skulltulas_dungeons"
        ],
        "chest_unopened_img": "images/skulltula.png",
        "chest_opened_img": "images/skulltula_token.png",
        "item_count": 1
      },
      {
        "name": "GS52 - Tailpasaran Room",
        "short_name": "Tailpasaran",
        "access_rules": [
          "@Jabu Jabus Belly MQ/Falling Like Like Room Chest,sticks",
          "@Jabu Jabus Belly MQ/Falling Like Like Room Chest,dinsfire,magic"
        ],
        "visibility_rules": [
          "setting_skulltulas_dungeons"
        ],
        "chest_unopened_img": "images/skulltula.png",
        "chest_opened_img": "images/skulltula_token.png",
        "item_count": 1
      },
      {
        "name": "GS53 - Invisible Enemies Room",
        "short_name": "Invisible Enemies",
        "access_rules": [
          "@Jabu Jabus Belly MQ/Falling Like Like Room Chest,$can_see_with_lens",
          "{$hintable}"
        ],
        "visibility_rules": [
          "setting_skulltulas_dungeons"
        ],
        "capture_item": true,
        "chest_unopened_img": "images/skulltula.png",
        "chest_opened_img": "images/skulltula_token.png",
        "item_count": 1
      },
      {
        "name": "GS54 - Near Boss",
        "short_name": "Near Boss",
        "access_rules": [
          "@Jabu Jabus Belly MQ/Second Room Upper Chest"
        ],
        "visibility_rules": [
          "setting_skulltulas_dungeons"
        ],
        "chest_unopened_img": "images/skulltula.png",
        "chest_opened_img": "images/skulltula_token.png",
        "item_count": 1
      },
      {
        "name": "Cow",
        "access_rules": [
          "@Jabu Jabus Belly MQ/Second Room Upper Chest,ocarina,epona"
        ],
        "visibility_rules": [
          "setting_cowsanity_yes"
        ],
        "chest_unopened_img": "images/cow.png",
        "chest_opened_img": "images/bottle_milk.png",
        "item_count": 1
      }
    ],
    "map_locations": [
      {
        "map": "child",
        "force_invisibility_rules": [
          "jabu_reg"
        ],
        "x": 2458,
        "y": 328
      }
    ]
  },
  {
    "name": "Ice Cavern MQ",
    "parent": "Zoras Fountain",
    "access_rules": [
      "$adult_fountain,$has_bottle"
    ],
    "sections": [
      {
        "name": "Map Chest",
        "short_name": "Map",
        "item_count": 1
      },
      {
        "name": "Compass Chest",
        "short_name": "Compass",
        "item_count": 1
      },
      {
        "name": "Freestanding HP",
        "short_name": "Frozen HP",
        "access_rules": [
          "$has_explosives",
          "{}"
        ],
        "capture_item": true,
        "chest_unopened_img": "images/HP.png",
        "chest_opened_img": "images/HP_grey.png",
        "item_count": 1
      },
      {
        "name": "Iron Boots Chest",
        "short_name": "Iron Boots",
        "item_count": 1
      },
      {
        "name": "Sheik in Ice Cavern",
        "short_name": "Sheik",
        "access_rules": [
          "$has_bottle",
          "{$hintable}"
        ],
        "capture_item": true,
        "chest_unopened_img": "images/grey_note.png",
        "chest_opened_img": "images/grey_note_check.png",
        "item_count": 1
      },
      {
        "name": "GS70 - Red Ice",
        "short_name": "Red Ice",
        "access_rules": [
          "ocarina,time"
        ],
        "visibility_rules": [
          "setting_skulltulas_dungeons"
        ],
        "chest_unopened_img": "images/skulltula.png",
        "chest_opened_img": "images/skulltula_token.png",
        "item_count": 1
      },
      {
        "name": "GS71 - Scarecrow",
        "short_name": "Scarecrow",
        "access_rules": [
          "[hookshot],[ocarina],[scarecrow]",
          "longshot,hoverboots"
        ],
        "visibility_rules": [
          "setting_skulltulas_dungeons"
        ],
        "chest_unopened_img": "images/skulltula.png",
        "chest_opened_img": "images/skulltula_token.png",
        "item_count": 1
      },
      {
        "name": "GS72 - Ice Block",
        "short_name": "Ice Block",
        "visibility_rules": [
          "setting_skulltulas_dungeons"
        ],
        "chest_unopened_img": "images/skulltula.png",
        "chest_opened_img": "images/skulltula_token.png",
        "item_count": 1
      }
    ],
    "map_locations": [
      {
        "map": "adult",
        "force_invisibility_rules": [
          "ice_reg"
        ],
        "x": 2471,
        "y": 276
      }
    ]
  },
  {
    "name": "Forest Temple MQ",
    "parent": "Sacred Forest Meadow",
    "access_rules": [
      "sword2,hookshot,[ocarina],[saria]",
      "sword2,hookshot,[ocarina],[minuet]"
    ],
    "sections": [
      {
        "name": "First Chest",
        "short_name": "Tree",
        "item_count": 1
      },
      {
        "name": "Boss Key Chest",
        "short_name": "Boss Key",
        "access_rules": [
          "forest_small_keys:2,[forest_small_keys:3],lift1",
          "forest_small_keys:2,[forest_small_keys:3],bombchu,[lift1]"
        ],
        "chest_unopened_img": "images/chest_golden_closed.png",
        "chest_opened_img": "images/chest_golden_open.png",
        "item_count": 1
      },
      {
        "name": "Redead Chest",
        "short_name": "Redead",
        "access_rules": [
          "forest_small_keys:1,[hoverboots]",
          "forest_small_keys:1,lift1",
          "forest_small_keys:1,bombchu,[lift1]"
        ],
        "item_count": 1
      },
      {
        "name": "Well Chest",
        "short_name": "Well",
        "access_rules": [
          "forest_small_keys:1,bow"
        ],
        "item_count": 1
      },
      {
        "name": "NE Outdoors Upper Chest",
        "short_name": "Balcony",
        "access_rules": [
          "forest_small_keys:1,bow,[firearrow]",
          "forest_small_keys:1,bow,[longshot]",
          "forest_small_keys:1,bow,[ocarina],[time]",
          "forest_small_keys:1,bow,[hoverboots]",
          "@Forest Temple MQ/Redead Chest,longshot",
          "@Forest Temple MQ/Redead Chest,ironboots,[ocarina],[time]",
          "@Forest Temple MQ/Redead Chest,ironboots,[hoverboots]",
          "@Forest Temple MQ/Redead Chest,scale2,[ocarina],[time]",
          "@Forest Temple MQ/Redead Chest,scale2,[hoverboots]"
        ],
        "item_count": 1
      },
      {
        "name": "Bow Chest",
        "short_name": "Bow",
        "access_rules": [
          "@Forest Temple MQ/Boss Key Chest,forest_small_keys:3,[forest_small_keys:4]"
        ],
        "item_count": 1
      },
      {
        "name": "Chest Behind Lobby",
        "short_name": "Wolfos",
        "access_rules": [
          "forest_small_keys:1,ocarina,time",
          "@Forest Temple MQ/Bow Chest"
        ],
        "item_count": 1
      },
      {
        "name": "Map Chest",
        "short_name": "Map",
        "access_rules": [
          "@Forest Temple MQ/Bow Chest,bow"
        ],
        "item_count": 1
      },
      {
        "name": "Compass Chest",
        "short_name": "Compass",
        "access_rules": [
          "@Forest Temple MQ/Bow Chest,bow"
        ],
        "item_count": 1
      },
      {
        "name": "Falling Room Chest",
        "short_name": "Checkerboard",
        "access_rules": [
          "@Forest Temple MQ/Bow Chest,forest_small_keys:5,bow",
          "@Forest Temple MQ/Bow Chest,forest_small_keys:5,dinsfire,magic",
          "forest_small_keys:1,bow,longshot,ocarina,time"
        ],
        "item_count": 1
      },
      {
        "name": "NE Outdoors Lower Chest",
        "short_name": "Island",
        "access_rules": [
          "forest_small_keys:1,bow,longshot",
          "@Forest Temple MQ/Redead Chest,longshot",
          "@Forest Temple MQ/Falling Room Chest",
          "@Forest Temple MQ/NE Outdoors Upper Chest,hoverboots,[longshot]"
        ],
        "item_count": 1
      },
      {
        "name": "Near Boss Chest",
        "short_name": "Basement",
        "access_rules": [
          "@Forest Temple MQ/Falling Room Chest,@Forest Temple MQ/Bow Chest,forest_small_keys:6,bow",
          "@Forest Temple MQ/Bow Chest,forest_small_keys:4,[forest_small_keys:6],bow,longshot,ocarina,time"
        ],
        "item_count": 1
      },
      {
        "name": "Phantom Ganon",
        "access_rules": [
          "@Forest Temple MQ/Near Boss Chest,forest_boss_key"
        ],
        "hosted_item": "forest",
        "chest_unopened_img": "images/HC.png",
        "chest_opened_img": "images/HC_grey.png",
        "item_count": 1
      },
      {
        "name": "GS60 - First Hallway",
        "short_name": "First Hallway",
        "visibility_rules": [
          "setting_skulltulas_dungeons"
        ],
        "chest_unopened_img": "images/skulltula.png",
        "chest_opened_img": "images/skulltula_token.png",
        "item_count": 1
      },
      {
        "name": "GS61 - Block Push Room",
        "short_name": "Block Push",
        "access_rules": [
          "forest_small_keys:1"
        ],
        "visibility_rules": [
          "setting_skulltulas_dungeons"
        ],
        "chest_unopened_img": "images/skulltula.png",
        "chest_opened_img": "images/skulltula_token.png",
        "item_count": 1
      },
      {
        "name": "GS62 - Outdoor West",
        "short_name": "Outdoor West",
        "access_rules": [
          "@Forest Temple MQ/Redead Chest",
          "forest_small_keys:1,bow"
        ],
        "visibility_rules": [
          "setting_skulltulas_dungeons"
        ],
        "chest_unopened_img": "images/skulltula.png",
        "chest_opened_img": "images/skulltula_token.png",
        "item_count": 1
      },
      {
        "name": "GS63 - Outdoor East",
        "short_name": "Outdoor East",
        "access_rules": [
          "@Forest Temple MQ/Redead Chest,ironboots",
          "@Forest Temple MQ/Redead Chest,longshot",
          "@Forest Temple MQ/Redead Chest,scale2",
          "forest_small_keys:1,bow"
        ],
        "visibility_rules": [
          "setting_skulltulas_dungeons"
        ],
        "chest_unopened_img": "images/skulltula.png",
        "chest_opened_img": "images/skulltula_token.png",
        "item_count": 1
      },
      {
        "name": "GS64 - Well",
        "short_name": "Well",
        "access_rules": [
          "@Forest Temple MQ/Redead Chest,ironboots",
          "forest_small_keys:1,bow"
        ],
        "visibility_rules": [
          "setting_skulltulas_dungeons"
        ],
        "chest_unopened_img": "images/skulltula.png",
        "chest_opened_img": "images/skulltula_token.png",
        "item_count": 1
      }
    ],
    "map_locations": [
      {
        "map": "adult",
        "force_invisibility_rules": [
          "forest_reg"
        ],
        "x": 2178,
        "y": 596
      }
    ]
  },
  {
    "name": "Fire Temple MQ",
    "parent": "Death Mountain Crater",
    "access_rules": [
      "$dmc_central,$has_goron_tunic"
    ],
    "sections": [
      {
        "name": "Entrance Hallway Small Chest",
        "short_name": "Like Like",
        "item_count": 1
      },
      {
        "name": "Chest Near Boss",
        "short_name": "Near Boss",
        "access_rules": [
          "$has_fire,hoverboots",
          "$has_fire,bow,[hoverboots]",
          "$has_fire,hookshot"
        ],
        "item_count": 1
      },
      {
        "name": "Megaton Hammer Chest",
        "short_name": "Hammer",
        "access_rules": [
          "fire_small_keys:1,[fire_small_keys:5]"
        ],
        "item_count": 1
      },
      {
        "name": "Map Chest",
        "short_name": "Map",
        "access_rules": [
          "@Fire Temple MQ/Megaton Hammer Chest,hammer"
        ],
        "item_count": 1
      },
      {
        "name": "Boss Key Chest",
        "short_name": "Boss Key",
        "access_rules": [
          "hammer,hookshot,$has_fire,[bow]"
        ],
        "chest_unopened_img": "images/chest_golden_closed.png",
        "chest_opened_img": "images/chest_golden_open.png",
        "item_count": 1
      },
      {
        "name": "Big Lava Room Bombable Chest",
        "short_name": "Lava Room Bombable",
        "access_rules": [
          "hammer,[hookshot],$has_fire,$has_explosives"
        ],
        "item_count": 1
      },
      {
        "name": "Maze Lower Chest",
        "short_name": "Maze Lower",
        "access_rules": [
          "hammer,fire_small_keys:1,[fire_small_keys:2],[redtunic],$has_fire",
          "hammer,fire_small_keys:1,[fire_small_keys:2],[redtunic],[$has_fire],hoverboots"
        ],
        "item_count": 1
      },
      {
        "name": "Maze Side Room",
        "short_name": "Maze Side",
        "access_rules": [
          "@Fire Temple MQ/Maze Lower Chest,$has_explosives,[hookshot]"
        ],
        "item_count": 1
      },
      {
        "name": "Maze Upper Chest",
        "short_name": "Maze Upper",
        "access_rules": [
          "@Fire Temple MQ/Maze Lower Chest,hookshot,[$has_explosives]"
        ],
        "item_count": 1
      },
      {
        "name": "Compass Chest",
        "short_name": "Compass",
        "access_rules": [
          "@Fire Temple MQ/Maze Upper Chest,$has_explosives"
        ],
        "item_count": 1
      },
      {
        "name": "Freestanding Key",
        "short_name": "Flare Dancer 2",
        "access_rules": [
          "@Fire Temple MQ/Maze Upper Chest,fire_small_keys:2,[fire_small_keys:3],bow"
        ],
        "chest_unopened_img": "images/small_key.png",
        "chest_opened_img": "images/small_key_check.png",
        "item_count": 1
      },
      {
        "name": "West Tower Top Chest",
        "short_name": "West Tower Top",
        "access_rules": [
          "@Fire Temple MQ/Freestanding Key,fire_small_keys:3,[fire_small_keys:4]",
          "{$hintable}"
        ],
        "capture_item": true,
        "item_count": 1
      },
      {
        "name": "Volvagia",
        "access_rules": [
          "@Fire Temple MQ/Freestanding Key,hammer,fire_boss_key,$has_fire",
          "[hoverboots],hammer,fire_boss_key,$has_fire,[redtunic]"
        ],
        "hosted_item": "fire",
        "chest_unopened_img": "images/HC.png",
        "chest_opened_img": "images/HC_grey.png",
        "item_count": 1
      },
      {
        "name": "GS65 - Big Lava Room",
        "short_name": "Lava Room",
        "access_rules": [
          "hammer"
        ],
        "visibility_rules": [
          "setting_skulltulas_dungeons"
        ],
        "chest_unopened_img": "images/skulltula.png",
        "chest_opened_img": "images/skulltula_token.png",
        "item_count": 1
      },
      {
        "name": "GS66 - East Tower Top",
        "short_name": "East Tower Top",
        "access_rules": [
          "@Fire Temple MQ/Maze Upper Chest,ocarina,time",
          "@Fire Temple MQ/Maze Upper Chest,longshot"
        ],
        "visibility_rules": [
          "setting_skulltulas_dungeons"
        ],
        "chest_unopened_img": "images/skulltula.png",
        "chest_opened_img": "images/skulltula_token.png",
        "item_count": 1
      },
      {
        "name": "GS67 - Fire Wall Maze Side Room",
        "short_name": "Fire Maze Side",
        "access_rules": [
          "@Fire Temple MQ/Freestanding Key,ocarina,time",
          "@Fire Temple MQ/Freestanding Key,[hoverboots]"
        ],
        "visibility_rules": [
          "setting_skulltulas_dungeons"
        ],
        "chest_unopened_img": "images/skulltula.png",
        "chest_opened_img": "images/skulltula_token.png",
        "item_count": 1
      },
      {
        "name": "GS68 - Above Fire Wall Maze",
        "short_name": "Above Fire Maze",
        "access_rules": [
          "@Fire Temple MQ/Freestanding Key,fire_small_keys:4,[fire_small_keys:5]",
          "{$hintable}"
        ],
        "visibility_rules": [
          "setting_skulltulas_dungeons"
        ],
        "capture_item": true,
        "chest_unopened_img": "images/skulltula.png",
        "chest_opened_img": "images/skulltula_token.png",
        "item_count": 1
      },
      {
        "name": "GS69 - Fire Wall Maze Center",
        "short_name": "Fire Maze Center",
        "access_rules": [
          "@Fire Temple MQ/Freestanding Key,$has_explosives"
        ],
        "visibility_rules": [
          "setting_skulltulas_dungeons"
        ],
        "chest_unopened_img": "images/skulltula.png",
        "chest_opened_img": "images/skulltula_token.png",
        "item_count": 1
      }
    ],
    "map_locations": [
      {
        "map": "adult",
        "force_invisibility_rules": [
          "fire_reg"
        ],
        "x": 1912,
        "y": 115
      }
    ]
  },
  {
    "name": "Water Temple MQ",
    "parent": "Lake Hylia",
    "access_rules": [
      "sword2,ironboots,hookshot,$has_zora_tunic",
      "sword2,scale2,[ironboots],hookshot,$has_zora_tunic"
    ],
    "sections": [
      {
        "name": "Map Chest",
        "short_name": "Map",
        "access_rules": [
          "ironboots,$has_fire"
        ],
        "item_count": 1
      },
      {
        "name": "Longshot Chest",
        "short_name": "Longshot",
        "access_rules": [
          "[ocarina],[lullaby],ironboots"
        ],
        "item_count": 1
      },
      {
        "name": "Compass Chest",
        "short_name": "Compass",
        "access_rules": [
          "ocarina,lullaby,ironboots,bow",
          "ocarina,lullaby,ironboots,dinsfire,magic"
        ],
        "item_count": 1
      },
      {
        "name": "Central Pillar Chest",
        "short_name": "Basement",
        "access_rules": [
          "ironboots,bow,firearrow,magic,[bluetunic]",
          "ironboots,dinsfire,magic,ocarina,time,[bluetunic]"
        ],
        "item_count": 1
      },
      {
        "name": "Boss Key Chest",
        "short_name": "Boss Key",
        "access_rules": [
          "water_small_keys:1,longshot,ironboots,dinsfire,magic",
          "{$hintable}"
        ],
        "capture_item": true,
        "chest_unopened_img": "images/chest_golden_closed.png",
        "chest_opened_img": "images/chest_golden_open.png",
        "item_count": 1
      },
      {
        "name": "Freestanding Key",
        "short_name": "Key",
        "access_rules": [
          "water_small_keys:1,longshot,ironboots,dinsfire,magic,hoverboots",
          "water_small_keys:1,longshot,ironboots,dinsfire,magic,ocarina,scarecrow",
          "{$hintable}"
        ],
        "capture_item": true,
        "chest_unopened_img": "images/small_key.png",
        "chest_opened_img": "images/small_key_check.png",
        "item_count": 1
      },
      {
        "name": "Morpha",
        "access_rules": [
          "longshot,water_boss_key"
        ],
        "hosted_item": "water",
        "chest_unopened_img": "images/HC.png",
        "chest_opened_img": "images/HC_grey.png",
        "item_count": 1
      },
      {
        "name": "GS73 - South Basement",
        "short_name": "South Basement",
        "access_rules": [
          "water_small_keys:1,longshot,ironboots,dinsfire,magic,hoverboots,bow,firearrow",
          "water_small_keys:1,longshot,ironboots,dinsfire,magic,ocarina,scarecrow,bow,firearrow"
        ],
        "visibility_rules": [
          "setting_skulltulas_dungeons"
        ],
        "chest_unopened_img": "images/skulltula.png",
        "chest_opened_img": "images/skulltula_token.png",
        "item_count": 1
      },
      {
        "name": "GS74 - North Basement",
        "short_name": "North Basement",
        "access_rules": [
          "@Water Temple MQ/Freestanding Key,water_small_keys:2",
          "{$hintable}"
        ],
        "visibility_rules": [
          "setting_skulltulas_dungeons"
        ],
        "capture_item": true,
        "chest_unopened_img": "images/skulltula.png",
        "chest_opened_img": "images/skulltula_token.png",
        "item_count": 1
      },
      {
        "name": "GS75 - Serpent River",
        "short_name": "River",
        "access_rules": [
          "water_small_keys:1,longshot,ironboots"
        ],
        "visibility_rules": [
          "setting_skulltulas_dungeons"
        ],
        "chest_unopened_img": "images/skulltula.png",
        "chest_opened_img": "images/skulltula_token.png",
        "item_count": 1
      },
      {
        "name": "GS76 - Lizalfos Hallway",
        "short_name": "Lizalfos",
        "access_rules": [
          "ocarina,lullaby,ironboots,dinsfire,magic"
        ],
        "visibility_rules": [
          "setting_skulltulas_dungeons"
        ],
        "chest_unopened_img": "images/skulltula.png",
        "chest_opened_img": "images/skulltula_token.png",
        "item_count": 1
      },
      {
        "name": "GS77 - Before Upper Water Switch",
        "short_name": "Before Upper Water Switch",
        "access_rules": [
          "ocarina,lullaby,ironboots,longshot"
        ],
        "visibility_rules": [
          "setting_skulltulas_dungeons"
        ],
        "chest_unopened_img": "images/skulltula.png",
        "chest_opened_img": "images/skulltula_token.png",
        "item_count": 1
      }
    ],
    "map_locations": [
      {
        "map": "adult",
        "force_invisibility_rules": [
          "water_reg"
        ],
        "x": 985,
        "y": 1380
      }
    ]
  },
  {
    "name": "Shadow Temple MQ",
    "parent": "Graveyard",
    "access_rules": [
      "ocarina,nocturne,dinsfire,magic,$can_see_with_lens,sword2,hoverboots",
      "ocarina,nocturne,dinsfire,magic,$can_see_with_lens,sword2,hookshot",
      "ocarina,nocturne,bow,firearrow,[dinsfire],magic,$can_see_with_lens,sword2,hoverboots",
      "ocarina,nocturne,bow,firearrow,[dinsfire],magic,$can_see_with_lens,sword2,hookshot"
    ],
    "sections": [
      {
        "name": "Compass Chest",
        "short_name": "Compass",
        "access_rules": [
          "$has_explosives,shadow_small_keys:1,[shadow_small_keys:6]"
        ],
        "item_count": 1
      },
      {
        "name": "Hover Boots Chest",
        "short_name": "Dead Hand 1",
        "access_rules": [
          "@Shadow Temple MQ/Compass Chest,ocarina,time,bow"
        ],
        "item_count": 1
      },
      {
        "name": "Map Chest",
        "short_name": "Map",
        "access_rules": [
          "hoverboots",
          "longshot,[hoverboots]",
          "bow,firearrow,magic"
        ],
        "item_count": 1
      },
      {
        "name": "Near Ship Invisible Chest",
        "short_name": "Shortcut",
        "access_rules": [
          "@Shadow Temple MQ/Map Chest"
        ],
        "item_count": 1
      },
      {
        "name": "Early Gibdos Chest",
        "short_name": "Early Gibdos",
        "access_rules": [
          "@Shadow Temple MQ/Map Chest"
        ],
        "item_count": 1
      },
      {
        "name": "Falling Spikes Lower Chest",
        "short_name": "Crusher Lower",
        "access_rules": [
          "@Shadow Temple MQ/Map Chest,$has_explosives,shadow_small_keys:1,[shadow_small_keys:2]"
        ],
        "item_count": 1
      },
      {
        "name": "Falling Spikes Upper Chests",
        "short_name": "Crusher Upper",
        "access_rules": [
          "@Shadow Temple MQ/Falling Spikes Lower Chest,[lift1]"
        ],
        "item_count": 2
      },
      {
        "name": "Invisible Blades Chests",
        "short_name": "Like Like",
        "access_rules": [
          "@Shadow Temple MQ/Falling Spikes Lower Chest,ocarina,time"
        ],
        "item_count": 2
      },
      {
        "name": "Beamos Silver Rupees Chest",
        "short_name": "Beamos Silvers",
        "access_rules": [
          "@Shadow Temple MQ/Falling Spikes Lower Chest,longshot"
        ],
        "item_count": 1
      },
      {
        "name": "Invisible Spikes Chest",
        "short_name": "Invisible Spikes",
        "access_rules": [
          "@Shadow Temple MQ/Falling Spikes Lower Chest,shadow_small_keys:2,[shadow_small_keys:3],hoverboots"
        ],
        "item_count": 1
      },
      {
        "name": "Stalfos Room Chest",
        "short_name": "Stalfos",
        "access_rules": [
          "@Shadow Temple MQ/Invisible Spikes Chest,hookshot"
        ],
        "item_count": 1
      },
      {
        "name": "Wind Hint Chest",
        "short_name": "Wind Hint",
        "access_rules": [
          "@Shadow Temple MQ/Stalfos Room Chest,shadow_small_keys:3,[shadow_small_keys:4]"
        ],
        "item_count": 1
      },
      {
        "name": "After Wind Chests",
        "short_name": "After Wind",
        "access_rules": [
          "@Shadow Temple MQ/Wind Hint Chest"
        ],
        "item_count": 2
      },
      {
        "name": "Freestanding Key",
        "short_name": "Triple Skull",
        "access_rules": [
          "@Shadow Temple MQ/Wind Hint Chest,shadow_small_keys:4,[shadow_small_keys:5],ocarina,lullaby,bow,time,longshot"
        ],
        "chest_unopened_img": "images/small_key.png",
        "chest_opened_img": "images/small_key_check.png",
        "item_count": 1
      },
      {
        "name": "Bomb Flower Chest",
        "short_name": "Dead Hand 2",
        "access_rules": [
          "@Shadow Temple MQ/Freestanding Key",
          "{$hintable}"
        ],
        "capture_item": true,
        "item_count": 1
      },
      {
        "name": "Boss Key Chest",
        "short_name": "Boss Key",
        "access_rules": [
          "@Shadow Temple MQ/Freestanding Key,shadow_small_keys:5,[shadow_small_keys:6],dinsfire,magic"
        ],
        "chest_unopened_img": "images/chest_golden_closed.png",
        "chest_opened_img": "images/chest_golden_open.png",
        "item_count": 1
      },
      {
        "name": "Spike Walls Left Chest",
        "short_name": "Near Boss Key",
        "access_rules": [
          "@Shadow Temple MQ/Boss Key Chest"
        ],
        "item_count": 1
      },
      {
        "name": "Bongo Bongo",
        "access_rules": [
          "@Shadow Temple MQ/Wind Hint Chest,shadow_small_keys:4,[shadow_small_keys:5],shadow_boss_key,ocarina,lullaby,bow",
          "@Shadow Temple MQ/Wind Hint Chest,shadow_small_keys:4,[shadow_small_keys:5],shadow_boss_key,ocarina,lullaby,bombchu,[bow]"
        ],
        "hosted_item": "shadow",
        "chest_unopened_img": "images/HC.png",
        "chest_opened_img": "images/HC_grey.png",
        "item_count": 1
      },
      {
        "name": "GS81 - Crusher Room",
        "short_name": "Crusher",
        "access_rules": [
          "@Shadow Temple MQ/Falling Spikes Lower Chest,hookshot",
          "{@Shadow Temple MQ/Falling Spikes Lower Chest}"
        ],
        "visibility_rules": [
          "setting_skulltulas_dungeons"
        ],
        "capture_item": true,
        "chest_unopened_img": "images/skulltula.png",
        "chest_opened_img": "images/skulltula_token.png",
        "item_count": 1
      },
      {
        "name": "GS82 - Wind Hint Room",
        "short_name": "Wind Hint",
        "access_rules": [
          "@Shadow Temple MQ/Wind Hint Chest"
        ],
        "visibility_rules": [
          "setting_skulltulas_dungeons"
        ],
        "chest_unopened_img": "images/skulltula.png",
        "chest_opened_img": "images/skulltula_token.png",
        "item_count": 1
      },
      {
        "name": "GS83 - After Wind",
        "short_name": "After Wind",
        "access_rules": [
          "@Shadow Temple MQ/Wind Hint Chest"
        ],
        "visibility_rules": [
          "setting_skulltulas_dungeons"
        ],
        "chest_unopened_img": "images/skulltula.png",
        "chest_opened_img": "images/skulltula_token.png",
        "item_count": 1
      },
      {
        "name": "GS84 - After Ship",
        "short_name": "After Ship",
        "access_rules": [
          "@Shadow Temple MQ/Wind Hint Chest,shadow_small_keys:4,[shadow_small_keys:5],ocarina,lullaby"
        ],
        "visibility_rules": [
          "setting_skulltulas_dungeons"
        ],
        "chest_unopened_img": "images/skulltula.png",
        "chest_opened_img": "images/skulltula_token.png",
        "item_count": 1
      },
      {
        "name": "GS85 - Near Boss",
        "short_name": "Near Boss",
        "access_rules": [
          "@Shadow Temple MQ Skulltulas/GS84 - After Ship,bow",
          "@Shadow Temple MQ Skulltulas/GS84 - After Ship,bombchu,[bow]"
        ],
        "visibility_rules": [
          "setting_skulltulas_dungeons"
        ],
        "chest_unopened_img": "images/skulltula.png",
        "chest_opened_img": "images/skulltula_token.png",
        "item_count": 1
      }
    ],
    "map_locations": [
      {
        "map": "adult",
        "force_invisibility_rules": [
          "shadow_reg"
        ],
        "x": 2144,
        "y": 296
      }
    ]
  },
  {
    "name": "Spirit Temple MQ",
    "parent": "Desert Colossus",
    "access_rules": [
      "$adult_colossus"
    ],
    "sections": [
      {
        "name": "Entrance Front Left Chest",
        "short_name": "Entry Front Left",
        "item_count": 1
      },
      {
        "name": "Entrance Back Left Chest",
        "short_name": "Entry Back Left",
        "access_rules": [
          "$can_blast,ocarina,requiem,sling",
          "$can_blast,sword2,bow"
        ],
        "item_count": 1
      },
      {
        "name": "Entrance Back Right Chest",
        "short_name": "Entry Back Right",
        "access_rules": [
          "bombchu",
          "sword2,bow",
          "sword2,hookshot",
          "ocarina,requiem,sling",
          "ocarina,requiem,boomerang"
        ],
        "item_count": 1
      },
      {
        "name": "Child Left Chest",
        "short_name": "Child Left",
        "access_rules": [
          "ocarina,requiem,bombchu,sling,dinsfire,magic,sticks",
          "ocarina,requiem,bombchu,sling,dinsfire,magic,sword1"
        ],
        "item_count": 1
      },
      {
        "name": "Map Chest",
        "short_name": "Map",
        "access_rules": [
          "ocarina,requiem,sticks",
          "ocarina,requiem,sword1",
          "ocarina,requiem,$has_explosives"
        ],
        "item_count": 1
      },
      {
        "name": "Silver Block Hallway Chest",
        "short_name": "Silver Block",
        "access_rules": [
          "ocarina,requiem,bombchu,spirit_small_keys:2,[spirit_small_keys:7],sling,dinsfire,magic",
          "ocarina,requiem,bombchu,spirit_small_keys:2,[spirit_small_keys:7],sling,sword2,longshot,lift2,bow,firearrow,magic",
          "ocarina,requiem,bombchu,spirit_small_keys:2,[spirit_small_keys:7],sling,sword2,longshot,lift2,bow,[firearrow],[magic],time"
        ],
        "item_count": 1
      },
      {
        "name": "Child Center Chest",
        "short_name": "Child Center",
        "access_rules": [
          "sword2,lift2,longshot,bombchu,ocarina,requiem,hammer,spirit_small_keys:2,[spirit_small_keys:7]",
          "{$hintable}"
        ],
        "capture_item": true,
        "item_count": 1
      },
      {
        "name": "Child Climb South Chest",
        "short_name": "Child Climb Ledge",
        "access_rules": [
          "sword2,lift2,longshot,bombchu,spirit_small_keys:1,[spirit_small_keys:7]"
        ],
        "item_count": 1
      },
      {
        "name": "Lower NE Main Room Chest",
        "short_name": "Statue Boxes",
        "access_rules": [
          "sword2,lift2,longshot,bombchu,ocarina,lullaby"
        ],
        "item_count": 1
      },
      {
        "name": "Upper NE Main Room Chest",
        "short_name": "Statue Ledge",
        "access_rules": [
          "sword2,lift2,longshot,bombchu,$can_see_with_lens"
        ],
        "item_count": 1
      },
      {
        "name": "Beamos Room Chest",
        "short_name": "Beamos",
        "access_rules": [
          "sword2,lift2,longshot,bombchu,spirit_small_keys:1,[spirit_small_keys:5]"
        ],
        "item_count": 1
      },
      {
        "name": "Ice Trap Chest",
        "short_name": "Ice Trap",
        "access_rules": [
          "@Spirit Temple MQ/Beamos Room Chest,ocarina,time"
        ],
        "item_count": 1
      },
      {
        "name": "Boss Key Chest",
        "short_name": "Boss Key",
        "access_rules": [
          "@Spirit Temple MQ/Ice Trap Chest,shield3"
        ],
        "chest_unopened_img": "images/chest_golden_closed.png",
        "chest_opened_img": "images/chest_golden_open.png",
        "item_count": 1
      },
      {
        "name": "Child Climb North Chest",
        "short_name": "Child Climb Ground",
        "access_rules": [
          "sword2,lift2,longshot,bombchu,spirit_small_keys:1,[spirit_small_keys:7]",
          "ocarina,requiem,bombchu,spirit_small_keys:1,[spirit_small_keys:7]"
        ],
        "item_count": 1
      },
      {
        "name": "Compass Chest",
        "short_name": "Compass",
        "access_rules": [
          "sword2,lift2,longshot,bombchu,bow",
          "ocarina,requiem,bombchu,spirit_small_keys:2,[spirit_small_keys:7],sling"
        ],
        "item_count": 1
      },
      {
        "name": "Sun Block Room Chest",
        "short_name": "Sun Block",
        "access_rules": [
          "sword2,lift2,longshot,bombchu",
          "ocarina,requiem,bombchu,spirit_small_keys:2,time"
        ],
        "item_count": 1
      },
      {
        "name": "Lower Adult Left Chest",
        "short_name": "Adult Left",
        "access_rules": [
          "sword2,lift2,longshot,bombchu,bow,firearrow,magic,shield3",
          "sword2,lift2,longshot,bombchu,bow,[firearrow],dinsfire,magic,shield3"
        ],
        "item_count": 1
      },
      {
        "name": "Lower Adult Right Chest",
        "short_name": "Adult Right",
        "access_rules": [
          "@Spirit Temple MQ/Lower Adult Left Chest,spirit_small_keys:1,[spirit_small_keys:7],hammer,ocarina,time,epona,sun,storm,lullaby",
          "{$hintable}"
        ],
        "capture_item": true,
        "item_count": 1
      },
      {
        "name": "Entrance Front Right Chest",
        "short_name": "Entry Front Right",
        "access_rules": [
          "@Spirit Temple MQ/Lower Adult Left Chest,hammer"
        ],
        "item_count": 1
      },
      {
        "name": "Mirror Puzzle Invisible Chest",
        "short_name": "Mirror Puzzle",
        "access_rules": [
          "sword2,lift2,longshot,bombchu,spirit_small_keys:2,[spirit_small_keys:6],ocarina,lullaby,hammer,$can_see_with_lens"
        ],
        "item_count": 1
      },
      {
        "name": "Mirror Shield Chest",
        "short_name": "Left Hand",
        "access_rules": [
          "sword2,lift2,longshot,bombchu,spirit_small_keys:1,[spirit_small_keys:5],ocarina,time,$can_see_with_lens"
        ],
        "item_count": 1
      },
      {
        "name": "Silver Gauntlets Chest",
        "short_name": "Right Hand",
        "access_rules": [
          "sword2,lift2,longshot,bombchu,spirit_small_keys:1,[spirit_small_keys:7]",
          "sword2,lift2,longshot,bombchu,spirit_small_keys:1,[spirit_small_keys:4],ocarina,time,$can_see_with_lens",
          "ocarina,requiem,bombchu,spirit_small_keys:3,[spirit_small_keys:7],time"
        ],
        "item_count": 1
      },
      {
        "name": "Twinrova",
        "access_rules": [
          "sword2,lift2,longshot,bombchu,spirit_small_keys:2,[spirit_small_keys:6],ocarina,lullaby,hammer,shield3,spirit_boss_key"
        ],
        "hosted_item": "spirit",
        "chest_unopened_img": "images/HC.png",
        "chest_opened_img": "images/HC_grey.png",
        "item_count": 1
      },
      {
        "name": "GS96 - Sun Block Room",
        "short_name": "Sun Block",
        "access_rules": [
          "sword2,lift2,longshot,bombchu",
          "[sword2],[lift2],[longshot],ocarina,requiem,bombchu,spirit_small_keys:2,time,boomerang"
        ],
        "visibility_rules": [
          "setting_skulltulas_dungeons"
        ],
        "chest_unopened_img": "images/skulltula.png",
        "chest_opened_img": "images/skulltula_token.png",
        "item_count": 1
      },
      {
        "name": "GS97 - Lower Adult Left",
        "short_name": "Adult Left",
        "access_rules": [
          "@Spirit Temple MQ/Lower Adult Left Chest"
        ],
        "visibility_rules": [
          "setting_skulltulas_dungeons"
        ],
        "chest_unopened_img": "images/skulltula.png",
        "chest_opened_img": "images/skulltula_token.png",
        "item_count": 1
      },
      {
        "name": "GS98 - Lower Adult Right",
        "short_name": "Adult Right",
        "access_rules": [
          "@Spirit Temple MQ/Lower Adult Right Chest"
        ],
        "visibility_rules": [
          "setting_skulltulas_dungeons"
        ],
        "capture_item": true,
        "chest_unopened_img": "images/skulltula.png",
        "chest_opened_img": "images/skulltula_token.png",
        "item_count": 1
      },
      {
        "name": "GS99 - Iron Knuckle North",
        "short_name": "Iron Knuckle 1",
        "access_rules": [
          "sword2,lift2,longshot,bombchu,spirit_small_keys:3,[spirit_small_keys:7]"
        ],
        "visibility_rules": [
          "setting_skulltulas_dungeons"
        ],
        "chest_unopened_img": "images/skulltula.png",
        "chest_opened_img": "images/skulltula_token.png",
        "item_count": 1
      },
      {
        "name": "GS100 - Iron Knuckle West",
        "short_name": "Iron Knuckle 2",
        "access_rules": [
          "sword2,lift2,longshot,bombchu,spirit_small_keys:3,[spirit_small_keys:7]"
        ],
        "visibility_rules": [
          "setting_skulltulas_dungeons"
        ],
        "chest_unopened_img": "images/skulltula.png",
        "chest_opened_img": "images/skulltula_token.png",
        "item_count": 1
      }
    ],
    "map_locations": [
      {
        "map": "child",
        "force_invisibility_rules": [
          "spirit_reg"
        ],
        "x": 55,
        "y": 301
      },
      {
        "map": "adult",
        "force_invisibility_rules": [
          "spirit_reg"
        ],
        "x": 55,
        "y": 301
      }
    ]
  },
  {
    "name": "Bottom of the Well MQ",
    "parent": "Kakariko Village",
    "access_rules": [
      "ocarina,storm"
    ],
    "sections": [
      {
        "name": "Map Chest",
        "short_name": "Map",
        "access_rules": [
          "$has_explosives",
          "ocarina,lullaby"
        ],
        "item_count": 1
      },
      {
        "name": "East Inner Room Freestanding Key",
        "short_name": "Inner Key",
        "access_rules": [
          "$has_explosives",
          "ocarina,lullaby"
        ],
        "chest_unopened_img": "images/small_key.png",
        "chest_opened_img": "images/small_key_check.png",
        "item_count": 1
      },
      {
        "name": "Compass Chest",
        "short_name": "Dead Hand",
        "access_rules": [
          "sword1",
          "sticks,[sword1]",
          "{$hintable}"
        ],
        "capture_item": true,
        "item_count": 1
      },
      {
        "name": "Dead Hand Freestanding Key",
        "short_name": "Dead Hand Key",
        "access_rules": [
          "$has_explosives",
          "boomerang,[$has_explosives]"
        ],
        "chest_unopened_img": "images/small_key.png",
        "chest_opened_img": "images/small_key_check.png",
        "item_count": 1
      },
      {
        "name": "Lens Chest",
        "short_name": "Lens",
        "access_rules": [
          "$has_explosives,botw_small_keys:1,[botw_small_keys:2]"
        ],
        "item_count": 1
      },
      {
        "name": "GS78 - West Inner Room",
        "short_name": "West Inner",
        "access_rules": [
          "$can_child_attack,$can_see_with_lens,ocarina,lullaby",
          "$can_child_attack,$can_see_with_lens,$has_explosives"
        ],
        "visibility_rules": [
          "setting_skulltulas_dungeons"
        ],
        "chest_unopened_img": "images/skulltula.png",
        "chest_opened_img": "images/skulltula_token.png",
        "item_count": 1
      },
      {
        "name": "GS79 - Basement",
        "short_name": "Basement",
        "access_rules": [
          "$can_child_attack"
        ],
        "visibility_rules": [
          "setting_skulltulas_dungeons"
        ],
        "chest_unopened_img": "images/skulltula.png",
        "chest_opened_img": "images/skulltula_token.png",
        "item_count": 1
      },
      {
        "name": "GS80 - Coffin Room",
        "short_name": "Coffin",
        "access_rules": [
          "$can_child_attack,botw_small_keys:1,[botw_small_keys:2]"
        ],
        "visibility_rules": [
          "setting_skulltulas_dungeons"
        ],
        "chest_unopened_img": "images/skulltula.png",
        "chest_opened_img": "images/skulltula_token.png",
        "item_count": 1
      }
    ],
    "map_locations": [
      {
        "map": "child",
        "force_invisibility_rules": [
          "botw_reg"
        ],
        "x": 1920,
        "y": 383
      }
    ]
  },
  {
    "name": "Ganons Castle MQ",
    "parent": "Ganons Castle Grounds",
    "access_rules": [
      "bridge_open,sword2",
      "bridge_vanilla,sword2,lacs_meds:2,lightarrow",
      "bridge_stones,sword2,stones:3",
      "bridge_medallions,sword2,forestmed,noct_meds:2,lacs_meds:2,lightmed",
      "bridge_dungeons,sword2,forestmed,noct_meds:2,lacs_meds:2,lightmed,stones:3",
      "bridge_100gs,sword2,token:100"
    ],
    "sections": [
      {
        "name": "Forest Trial Freestanding Key",
        "short_name": "Forest Trial Key",
        "access_rules": [
          "hookshot",
          "{}"
        ],
        "capture_item": true,
        "chest_unopened_img": "images/small_key.png",
        "chest_opened_img": "images/small_key_check.png",
        "item_count": 1
      },
      {
        "name": "Forest Trial First Chest",
        "short_name": "Forest Trial 1",
        "access_rules": [
          "bow"
        ],
        "item_count": 1
      },
      {
        "name": "Forest Trial Second Chest",
        "short_name": "Forest Trial 2",
        "access_rules": [
          "$has_fire"
        ],
        "item_count": 1
      },
      {
        "name": "Water Trial Chest",
        "short_name": "Water Trial",
        "access_rules": [
          "$has_bottle"
        ],
        "item_count": 1
      },
      {
        "name": "Shadow Trial First Chest",
        "short_name": "Shadow Trial 1",
        "access_rules": [
          "bow,hookshot",
          "bow,hoverboots",
          "hoverboots,$can_see_with_lens,$has_explosives",
          "hoverboots,$can_see_with_lens,lift1",
          "hoverboots,$can_see_with_lens,dinsfire,magic"
        ],
        "item_count": 1
      },
      {
        "name": "Shadow Trial Second Chest",
        "short_name": "Shadow Trial 2",
        "access_rules": [
          "bow,$can_see_with_lens,hoverboots",
          "bow,$can_see_with_lens,hookshot,[$has_fire]"
        ],
        "item_count": 1
      },
      {
        "name": "Spirit Trial First Chest",
        "short_name": "Spirit Trial 1",
        "access_rules": [
          "[bow],hammer"
        ],
        "item_count": 1
      },
      {
        "name": "Spirit Trial Second Chest",
        "short_name": "Spirit Trial 2",
        "access_rules": [
          "@Ganons Castle MQ/Spirit Trial First Chest,bombchu,$can_see_with_lens"
        ],
        "item_count": 1
      },
      {
        "name": "Spirit Trial Sun Chests",
        "short_name": "Spirit Trial Sun",
        "access_rules": [
          "hammer,bombchu,bow,firearrow,magic,shield3"
        ],
        "item_count": 4
      },
      {
        "name": "Light Trial Lullaby Chest",
        "short_name": "Light Trial",
        "access_rules": [
          "lift3,ocarina,lullaby"
        ],
        "item_count": 1
      },
      {
        "name": "Castle Tower",
        "access_rules": [
          "gc_small_keys:3,$can_LA,lift3,ocarina,time,$has_goron_tunic,$has_bottle,$can_see_with_lens,hammer,bombchu,shield3,firearrow,longshot",
          "gc_small_keys:3,$can_LA,lift3,ocarina,time,$has_goron_tunic,$has_bottle,$can_see_with_lens,hammer,bombchu,shield3,firearrow,[hookshot],hoverboots"
        ],
        "chest_unopened_img": "images/chest_golden_closed.png",
        "chest_opened_img": "images/chest_golden_open.png",
        "item_count": 1
      },
      {
        "name": "Hidden Room",
        "access_rules": [
          "$can_see_with_lens"
        ],
        "visibility_rules": [
          "setting_scrub_shuffle_yes"
        ],
        "chest_unopened_img": "images/deku_scrub.png",
        "chest_opened_img": "images/deku_scrub_grey.png",
        "clear_as_group": false,
        "item_count": 5
      }
    ],
    "map_locations": [
      {
        "map": "adult",
        "force_invisibility_rules": [
          "gc_reg"
        ],
        "x": 1409,
        "y": 206
      }
    ]
  },
  {
    "name": "Gerudo Training Grounds MQ",
    "parent": "Gerudo Fortress",
    "access_rules": [
      "$gerudo_card"
    ],
    "sections": [
      {
        "name": "Lobby Chests",
        "short_name": "Lobby",
        "item_count": 2
      },
      {
        "name": "First Iron Knuckle Chest",
        "short_name": "Knuckle 1",
        "access_rules": [
          "$has_fire"
        ],
        "item_count": 1
      },
      {
        "name": "Before Heavy Block Chest",
        "short_name": "Stalfos",
        "access_rules": [
          "@Gerudo Training Grounds MQ/First Iron Knuckle Chest,[longshot]"
        ],
        "item_count": 1
      },
      {
        "name": "Heavy Block Chest",
        "short_name": "Freezards",
        "access_rules": [
          "@Gerudo Training Grounds MQ/Before Heavy Block Chest,lift2"
        ],
        "item_count": 1
      },
      {
        "name": "Second Iron Knuckle Chest",
        "short_name": "Knuckle 2",
        "access_rules": [
          "@Gerudo Training Grounds MQ/Before Heavy Block Chest,$can_see_with_lens,$has_bottle,ocarina,time",
          "@Gerudo Training Grounds MQ/Before Heavy Block Chest,$can_see_with_lens,$has_bottle,[ocarina],[time],hoverboots",
          "@Gerudo Training Grounds MQ/Before Heavy Block Chest,$can_see_with_lens,$has_bottle,[ocarina],[time],bombs,shield2",
          "@Gerudo Training Grounds MQ/Before Heavy Block Chest,$can_see_with_lens,$has_bottle,[ocarina],[time],bombs,shield3"
        ],
        "item_count": 1
      },
      {
        "name": "Eye Statue Chest",
        "short_name": "Eye Statue",
        "access_rules": [
          "@Gerudo Training Grounds MQ/Second Iron Knuckle Chest,bow"
        ],
        "item_count": 1
      },
      {
        "name": "Flame Circle Chest",
        "short_name": "Flame Circle",
        "access_rules": [
          "@Gerudo Training Grounds MQ/Second Iron Knuckle Chest,bow",
          "@Gerudo Training Grounds MQ/Second Iron Knuckle Chest,hookshot",
          "@Gerudo Training Grounds MQ/Second Iron Knuckle Chest,$has_explosives"
        ],
        "item_count": 1
      },
      {
        "name": "Maze Right Chests",
        "short_name": "Maze Right",
        "access_rules": [
          "@Gerudo Training Grounds MQ/Second Iron Knuckle Chest,hammer"
        ],
        "item_count": 2
      },
      {
        "name": "Dinolfos Chest",
        "short_name": "Dinolfos",
        "access_rules": [
          "bow",
          "@Gerudo Training Grounds MQ/Second Iron Knuckle Chest,longshot",
          "@Gerudo Training Grounds MQ/Maze Right Chests,hookshot"
        ],
        "item_count": 1
      },
      {
        "name": "Underwater Silver Rupee Chest",
        "short_name": "Toilet",
        "access_rules": [
          "$has_fire,ironboots,$has_zora_tunic,@Gerudo Training Grounds MQ/Dinolfos Chest,hoverboots,bow",
          "$has_fire,ironboots,$has_zora_tunic,@Gerudo Training Grounds MQ/Dinolfos Chest,hoverboots,longshot",
          "$has_fire,ironboots,$has_zora_tunic,@Gerudo Training Grounds MQ/Maze Right Chests,longshot",
          "$has_fire,ironboots,$has_zora_tunic,@Gerudo Training Grounds MQ/Maze Right Chests,hookshot,bow",
          "{$hintable}"
        ],
        "capture_item": true,
        "item_count": 1
      },
      {
        "name": "Hidden Ceiling Chest",
        "short_name": "Hidden Ceiling",
        "access_rules": [
          "$can_see_with_lens"
        ],
        "item_count": 1
      },
      {
        "name": "Maze Path First Chest",
        "short_name": "Maze 1",
        "item_count": 1
      },
      {
        "name": "Maze Path Second Chest",
        "short_name": "Maze 2",
        "item_count": 1
      },
      {
        "name": "Maze Path Third Chest",
        "short_name": "Maze 3",
        "access_rules": [
          "gtg_small_keys:1"
        ],
        "item_count": 1
      },
      {
        "name": "Ice Arrows Chest",
        "short_name": "Ice Arrows",
        "access_rules": [
          "@Gerudo Training Grounds MQ/Maze Right Chests,gtg_small_keys:3",
          "{$hintable}"
        ],
        "capture_item": true,
        "item_count": 1
      }
    ],
    "map_locations": [
      {
        "map": "adult",
        "force_invisibility_rules": [
          "gtg_reg"
        ],
        "x": 481,
        "y": 474
      }
    ]
  }
]