[
  {
    "name": "Deku Tree",
    "parent": "Kokiri Forest",
    "access_rules": [
      "deku_reg,$has_age|child,open_forest",
      "deku_reg,$has_age|child,sword1,shield1"
    ],
    "sections": [
      {
        "name": "Lobby Chest",
        "short_name": "Map",
        "chest_unopened_img": "images/chest_brown_map.png",
        "item_count": 1
      },
      {
        "name": "Slingshot Room",
        "short_name": "Slingshot",
        "access_rules": [
          "shield1"
        ],
        "item_count": 2
      },
      {
        "name": "Compass Room",
        "short_name": "Compass",
        "chest_unopened_img": "images/chest_brown_compass.png",
        "item_count": 2
      },
      {
        "name": "GS8 - Compass Room",
        "short_name": "Compass",
        "access_rules": [
          "$can_child_attack"
        ],
        "visibility_rules": [
          "setting_tokens_dungeons"
        ],
        "chest_unopened_img": "images/skulltula.png",
        "chest_opened_img": "images/skulltula_token.png",
        "item_count": 1
      },
      {
        "name": "Basement Chest",
        "short_name": "Basement",
        "access_rules": [
          "$can_child_attack",
          "nuts"
        ],
        "item_count": 1
      },
      {
        "name": "GS9 - Basement Vines",
        "short_name": "Vines",
        "access_rules": [
          "sling",
          "$has_explosives",
          "boomerang",
          "dinsfire,magic",
          "sticks,[logic_deku_basement_gs]",
          "sword1,[logic_deku_basement_gs]"
        ],
        "visibility_rules": [
          "setting_tokens_dungeons"
        ],
        "chest_unopened_img": "images/skulltula.png",
        "chest_opened_img": "images/skulltula_token.png",
        "item_count": 1
      },
      {
        "name": "GS10 - Basement Gate",
        "short_name": "Gate",
        "access_rules": [
          "$can_child_attack"
        ],
        "visibility_rules": [
          "setting_tokens_dungeons"
        ],
        "chest_unopened_img": "images/skulltula.png",
        "chest_opened_img": "images/skulltula_token.png",
        "item_count": 1
      },
      {
        "name": "GS11 - Basement Back Room",
        "short_name": "Back Room",
        "access_rules": [
          "$has_explosives,[sling],boomerang,sticks",
          "$has_explosives,[sling],boomerang,dinsfire,magic",
          "{$has_explosives,sling,sticks}",
          "{$has_explosives,sling,dinsfire,magic}"
        ],
        "visibility_rules": [
          "setting_tokens_dungeons"
        ],
        "capture_item": true,
        "chest_unopened_img": "images/skulltula.png",
        "chest_opened_img": "images/skulltula_token.png",
        "item_count": 1
      },
      {
        "name": "Queen Gohma",
        "access_rules": [
          "shield1,[sling],sticks",
          "shield1,[sling],sword1,dinsfire,magic"
        ],
        "hosted_item": "deku",
        "chest_unopened_img": "images/HC.png",
        "chest_opened_img": "images/HC_grey.png",
        "item_count": 1
      }
    ],
    "map_locations": [
      {
        "map": "child",
        "force_invisibility_rules": [
          "deku_mq"
        ],
        "size": 50,
        "x": 2426,
        "y": 830
      }
    ]
  },
  {
    "name": "Dodongos Cavern",
    "parent": "Death Mountain",
    "access_rules": [
      "dodongo_reg,$has_age|adult",
      "dodongo_reg,$has_explosives",
      "dodongo_reg,$child_death_mountain,lift1"
    ],
    "sections": [
      {
        "name": "Lobby",
        "access_rules": [
          "$can_blast",
          "lift1"
        ],
        "visibility_rules": [
          "hidden_region"
        ],
        "item_count": 1
      },
      {
        "name": "Climb",
        "access_rules": [
          "@Dodongos Cavern/Lobby,$has_explosives,$has_age|adult",
          "@Dodongos Cavern/Lobby,$has_explosives,$has_age|child,sticks",
          "@Dodongos Cavern/Lobby,$has_explosives,dinsfire,magic",
          "@Dodongos Cavern/Lobby,lift1,$has_age|adult",
          "@Dodongos Cavern/Lobby,lift1,$has_age|child,sticks",
          "@Dodongos Cavern/Lobby,lift1,$has_age|child,dinsfire,magic,sling",
          "@Dodongos Cavern/Lobby,lift1,$has_age|child,dinsfire,magic,sword1",
          "@Dodongos Cavern/Lobby,dinsfire,magic,$has_age|adult",
          "@Dodongos Cavern/Lobby,dinsfire,magic,$has_age|child,sling",
          "@Dodongos Cavern/Lobby,dinsfire,magic,$has_age|child,sticks",
          "@Dodongos Cavern/Lobby,dinsfire,magic,$has_age|child,sword1",
          "@Dodongos Cavern/Lobby,$has_age|adult,bow,[logic_dc_staircase]"
        ],
        "visibility_rules": [
          "hidden_region"
        ],
        "item_count": 1
      },
      {
        "name": "Far Bridge",
        "access_rules": [
          "@Dodongos Cavern/Climb,$has_age|child,$has_explosives,[sling]", //TODO: trick logic_dc_slingshot_skip
          "@Dodongos Cavern/Climb,$has_age|child,lift1,sticks,[sling]",
          "@Dodongos Cavern/Climb,$has_age|child,lift1,sword1,[sling]",
          "@Dodongos Cavern/Climb,$has_age|adult,bow",
          "@Dodongos Cavern/Climb,$has_age|adult,hoverboots",
          "@Dodongos Cavern/Climb,$has_age|adult,longshot",
          "@Dodongos Cavern/Climb,$has_age|adult,[logic_dc_jump]"
        ],
        "visibility_rules": [
          "hidden_region"
        ],
        "item_count": 1
      },
      {
        "name": "Boss Area",
        "access_rules": [
          "@Dodongos Cavern/Far Bridge,$has_explosives"
        ],
        "visibility_rules": [
          "hidden_region"
        ],
        "item_count": 1
      },
      {
        "name": "GS38 - East Side Room",
        "short_name": "East Side",
        "access_rules": [
          "@Dodongos Cavern/Lobby,$has_explosives",
          "@Dodongos Cavern/Lobby,$has_age|adult",
          "@Dodongos Cavern/Lobby,$has_age|child,sling",
          "@Dodongos Cavern/Lobby,$has_age|child,boomerang",
          "@Dodongos Cavern/Lobby,$has_age|child,sticks",
          "@Dodongos Cavern/Lobby,$has_age|child,sword1"
        ],
        "visibility_rules": [
          "setting_tokens_dungeons"
        ],
        "chest_unopened_img": "images/skulltula.png",
        "chest_opened_img": "images/skulltula_token.png",
        "item_count": 1
      },
      {
        "name": "GS42 - Scarecrow",
        "short_name": "Scarecrow",
        "access_rules": [
          "@Dodongos Cavern/Lobby,$has_age|adult,ocarina,scarecrow,hookshot",
          "@Dodongos Cavern/Lobby,$has_age|adult,longshot",
          "@Dodongos Cavern/Lobby,[logic_dc_scarecrow_gs],$has_age|adult",
          "@Dodongos Cavern/Lobby,[logic_dc_scarecrow_gs],$can_child_attack"
        ],
        "visibility_rules": [
          "setting_tokens_dungeons"
        ],
        "capture_item": true,
        "chest_unopened_img": "images/skulltula.png",
        "chest_opened_img": "images/skulltula_token.png",
        "item_count": 1
      },
      {
        "name": "Deku Scrub Deku Sticks",
        "short_name": "East Side",
        "access_rules": [
          "@Dodongos Cavern/Lobby,$has_age|adult",
          "@Dodongos Cavern/Lobby,$has_age|child,sling",
          "@Dodongos Cavern/Lobby,$has_age|child,sticks",
          "@Dodongos Cavern/Lobby,$has_age|child,$has_explosives",
          "@Dodongos Cavern/Lobby,$has_age|child,sword1"
        ],
        "visibility_rules": [
          "setting_scrub_shuffle_yes"
        ],
        "chest_unopened_img": "images/deku_scrub.png",
        "chest_opened_img": "images/deku_scrub_grey.png",
        "item_count": 1
      },
      {
        "name": "Map Chest",
        "short_name": "Map",
        "access_rules": [
          "@Dodongos Cavern/Lobby"
        ],
        "chest_unopened_img": "images/chest_brown_map.png",
        "item_count": 1
      },
      {
        "name": "Deku Scrub Deku Shield",
        "short_name": "Lobby",
        "access_rules": [
          "@Dodongos Cavern/Lobby"
        ],
        "visibility_rules": [
          "setting_scrub_shuffle_yes"
        ],
        "chest_unopened_img": "images/deku_scrub.png",
        "chest_opened_img": "images/deku_scrub_grey.png",
        "item_count": 1
      },
      {
        "name": "Compass Chest",
        "short_name": "Compass",
        "access_rules": [
          "@Dodongos Cavern/Lobby,$has_age|adult",
          "@Dodongos Cavern/Lobby,$has_age|child,sticks",
          "@Dodongos Cavern/Lobby,$has_age|child,dinsfire,magic,sling",
          "@Dodongos Cavern/Lobby,$has_age|child,dinsfire,magic,sword1",
          "@Dodongos Cavern/Lobby,$has_age|child,dinsfire,magic,$has_explosives"
        ],
        "chest_unopened_img": "images/chest_brown_compass.png",
        "item_count": 1
      },
      {
        "name": "GS41 - Alcove Above Stairs",
        "short_name": "Above Stairs",
        "access_rules": [
          "@Dodongos Cavern/Far Bridge,$has_age|child,boomerang,$has_explosives",
          "@Dodongos Cavern/Far Bridge,$has_age|child,boomerang,lift1",
          "@Dodongos Cavern/Far Bridge,$has_age|adult,hookshot",
          "{@Dodongos Cavern/Far Bridge,dinsfire,magic}",
          "{@Dodongos Cavern/Far Bridge,$has_explosives}",
          "{@Dodongos Cavern/Climb,$has_bombchus}",
          "{@Dodongos Cavern/Climb,$has_age|child,sling}",
          "{@Dodongos Cavern/Climb,$has_age|adult,bow}"
        ],
        "visibility_rules": [
          "setting_tokens_dungeons"
        ],
        "capture_item": true,
        "chest_unopened_img": "images/skulltula.png",
        "chest_opened_img": "images/skulltula_token.png",
        "item_count": 1
      },
      {
        "name": "GS39 - Vines Above Stairs",
        "short_name": "Vines",
        "access_rules": [
          "@Dodongos Cavern/Climb"
        ],
        "visibility_rules": [
          "setting_tokens_dungeons"
        ],
        "chest_unopened_img": "images/skulltula.png",
        "chest_opened_img": "images/skulltula_token.png",
        "item_count": 1
      },
      {
        "name": "Bomb Flower Platform",
        "short_name": "Bomb Flower",
        "access_rules": [
          "@Dodongos Cavern/Climb"
        ],
        "item_count": 1
      },
      {
        "name": "Deku Scrub Deku Seeds / Deku Nuts",
        "short_name": "Near Bombs",
        "access_rules": [
          "@Dodongos Cavern/Climb,$can_blast"
        ],
        "visibility_rules": [
          "setting_scrub_shuffle_yes"
        ],
        "chest_unopened_img": "images/deku_scrub.png",
        "chest_opened_img": "images/deku_scrub_grey.png",
        "clear_as_group": false,
        "item_count": 2
      },
      {
        "name": "Bomb Bag Chest",
        "short_name": "Bomb Bag",
        "access_rules": [
          "@Dodongos Cavern/Far Bridge"
        ],
        "item_count": 1
      },
      {
        "name": "End of Bridge Chest",
        "short_name": "Bridge",
        "access_rules": [
          "@Dodongos Cavern/Far Bridge,$can_blast"
        ],
        "item_count": 1
      },
      {
        "name": "GS40 - Back Room",
        "short_name": "Back Room",
        "access_rules": [
          "@Dodongos Cavern/Boss Area"
        ],
        "visibility_rules": [
          "setting_tokens_dungeons"
        ],
        "chest_unopened_img": "images/skulltula.png",
        "chest_opened_img": "images/skulltula_token.png",
        "item_count": 1
      },
      {
        "name": "Chest Above King Dodongo",
        "short_name": "Above Boss",
        "access_rules": [
          "@Dodongos Cavern/Boss Area"
        ],
        "item_count": 1
      },
      {
        "name": "King Dodongo",
        "access_rules": [
          "@Dodongos Cavern/Boss Area,lift1,$has_age|adult",
          "@Dodongos Cavern/Boss Area,lift1,$has_age|child,sticks",
          "@Dodongos Cavern/Boss Area,lift1,$has_age|child,sword1",
          "@Dodongos Cavern/Boss Area,bombs,$has_age|adult",
          "@Dodongos Cavern/Boss Area,bombs,$has_age|child,sticks",
          "@Dodongos Cavern/Boss Area,bombs,$has_age|child,sword1",
          "@Dodongos Cavern/Boss Area,[bombs],bombchu,shield2,$has_age|adult",
          "@Dodongos Cavern/Boss Area,[bombs],bombchu,shield3,$has_age|adult"
        ],
        "hosted_item": "dodongo",
        "chest_unopened_img": "images/HC.png",
        "chest_opened_img": "images/HC_grey.png",
        "item_count": 1
      }
    ],
    "map_locations": [
      {
        "map": "child",
        "force_invisibility_rules": [
          "dodongo_mq"
        ],
        "size": 50,
        "x": 1675,
        "y": 240
      },
      {
        "map": "adult",
        "force_invisibility_rules": [
          "dodongo_mq"
        ],
        "size": 50,
        "x": 1675,
        "y": 240
      }
    ]
  },
  {
    "name": "Jabu Jabus Belly",
    "parent": "Zoras Fountain",
    "access_rules": [
      "jabu_reg,$child_fountain,bottle"
    ],
    "sections": [
      {
        "name": "Main",
        "access_rules": [
          "$has_explosives",
          "sling",
          "boomerang"
        ],
        "visibility_rules": [
          "hidden_region"
        ],
        "item_count": 1
      },
      {
        "name": "Depths",
        "access_rules": [
          "@Jabu Jabus Belly/Main,boomerang"
        ],
        "visibility_rules": [
          "hidden_region"
        ],
        "item_count": 1
      },
      {
        "name": "Boss Area",
        "access_rules": [
          "@Jabu Jabus Belly/Depths,sticks",
          "@Jabu Jabus Belly/Depths,sword1"
        ],
        "visibility_rules": [
          "hidden_region"
        ],
        "item_count": 1
      },
      {
        "name": "GS51 - Water Switch Room",
        "short_name": "Water Switch",
        "access_rules": [
          "@Jabu Jabus Belly/Main"
        ],
        "visibility_rules": [
          "setting_tokens_dungeons"
        ],
        "chest_unopened_img": "images/skulltula.png",
        "chest_opened_img": "images/skulltula_token.png",
        "item_count": 1
      },
      {
        "name": "Deku Nuts",
        "short_name": "B1 Dive",
        "access_rules": [
          "@Jabu Jabus Belly/Main"
        ],
        "visibility_rules": [
          "setting_scrub_shuffle_yes"
        ],
        "chest_unopened_img": "images/deku_scrub.png",
        "chest_opened_img": "images/deku_scrub_grey.png",
        "item_count": 1
      },
      {
        "name": "Boomerang Chest",
        "short_name": "Boomerang",
        "access_rules": [
          "@Jabu Jabus Belly/Main"
        ],
        "item_count": 1
      },
      {
        "name": "Map Chest",
        "short_name": "Map",
        "access_rules": [
          "@Jabu Jabus Belly/Depths"
        ],
        "chest_unopened_img": "images/chest_brown_map.png",
        "item_count": 1
      },
      {
        "name": "Compass Chest",
        "short_name": "Compass",
        "access_rules": [
          "@Jabu Jabus Belly/Depths"
        ],
        "chest_unopened_img": "images/chest_brown_compass.png",
        "item_count": 1
      },
      {
        "name": "GS52 - Lobby Basement Lower",
        "short_name": "Basement 1",
        "access_rules": [
          "@Jabu Jabus Belly/Main,boomerang",
          "{@Jabu Jabus Belly/Main,sling}",
          "{@Jabu Jabus Belly/Main,$has_explosives}"
        ],
        "visibility_rules": [
          "setting_tokens_dungeons"
        ],
        "capture_item": true,
        "chest_unopened_img": "images/skulltula.png",
        "chest_opened_img": "images/skulltula_token.png",
        "item_count": 1
      },
      {
        "name": "GS53 - Lobby Basement Upper",
        "short_name": "Basement 2",
        "access_rules": [
          "@Jabu Jabus Belly/Main,boomerang",
          "{@Jabu Jabus Belly/Main,sling}",
          "{@Jabu Jabus Belly/Main,$has_explosives}"
        ],
        "visibility_rules": [
          "setting_tokens_dungeons"
        ],
        "capture_item": true,
        "chest_unopened_img": "images/skulltula.png",
        "chest_opened_img": "images/skulltula_token.png",
        "item_count": 1
      },
      {
        "name": "GS54 - Near Boss",
        "short_name": "Near Boss",
        "access_rules": [
          "@Jabu Jabus Belly/Boss Area"
        ],
        "visibility_rules": [
          "setting_tokens_dungeons"
        ],
        "chest_unopened_img": "images/skulltula.png",
        "chest_opened_img": "images/skulltula_token.png",
        "item_count": 1
      },
      {
        "name": "Barinade",
        "access_rules": [
          "@Jabu Jabus Belly/Boss Area,boomerang"
        ],
        "hosted_item": "jabu",
        "chest_unopened_img": "images/HC.png",
        "chest_opened_img": "images/HC_grey.png",
        "item_count": 1
      }
    ],
    "map_locations": [
      {
        "map": "child",
        "force_invisibility_rules": [
          "jabu_mq"
        ],
        "size": 50,
        "x": 2475,
        "y": 330
      }
    ]
  },
  {
    "name": "Ice Cavern",
    "parent": "Zoras Fountain",
    "access_rules": [
      "ice_reg,$adult_fountain,$has_bottle"
    ],
    "sections": [
      {
        "name": "GS71 - Spinning Scythe Room",
        "short_name": "Spinning Scythe",
        "access_rules": [
          "hookshot",
          "{bow}",
          "{$has_explosives}"
        ],
        "visibility_rules": [
          "setting_tokens_dungeons"
        ],
        "capture_item": true,
        "chest_unopened_img": "images/skulltula.png",
        "chest_opened_img": "images/skulltula_token.png",
        "item_count": 1
      },
      {
        "name": "Map Chest",
        "short_name": "Map",
        "chest_unopened_img": "images/chest_brown_map.png",
        "item_count": 1
      },
      {
        "name": "Compass Chest",
        "short_name": "Compass",
        "chest_unopened_img": "images/chest_brown_compass.png",
        "item_count": 1
      },
      {
        "name": "Freestanding PoH",
        "short_name": "Frozen HP",
        "chest_unopened_img": "images/HP.png",
        "chest_opened_img": "images/HP_grey.png",
        "item_count": 1
      },
      {
        "name": "GS70 - Heart Piece Room",
        "short_name": "Compass",
        "access_rules": [
          "hookshot",
          "{bow}",
          "{$has_explosives}"
        ],
        "visibility_rules": [
          "setting_tokens_dungeons"
        ],
        "capture_item": true,
        "chest_unopened_img": "images/skulltula.png",
        "chest_opened_img": "images/skulltula_token.png",
        "item_count": 1
      },
      {
        "name": "GS72 - Push Block Room",
        "short_name": "Push Block",
        "access_rules": [
          "hookshot",
          "{bow}",
          "{$has_explosives}"
        ],
        "visibility_rules": [
          "setting_tokens_dungeons"
        ],
        "capture_item": true,
        "chest_unopened_img": "images/skulltula.png",
        "chest_opened_img": "images/skulltula_token.png",
        "item_count": 1
      },
      {
        "name": "Iron Boots Chest",
        "short_name": "Iron Boots",
        "item_count": 1
      },
      {
        "name": "Sheik in Ice Cavern",
        "short_name": "Sheik",
        "access_rules": [
          "$has_bottle",
          "{$hintable}"
        ],
        "capture_item": true,
        "chest_unopened_img": "images/grey_note.png",
        "chest_opened_img": "images/grey_note_check.png",
        "item_count": 1
      }
    ],
    "map_locations": [
      {
        "map": "adult",
        "force_invisibility_rules": [
          "ice_mq"
        ],
        "size": 50,
        "x": 2505,
        "y": 275
      }
    ]
  },
  {
    "name": "Forest Temple",
    "parent": "Sacred Forest Meadow",
    "access_rules": [
      "forest_reg,$has_age|adult,hookshot,$beyond_mido"
    ],
    "sections": [
      {
        "name": "Block Push Room",
        "access_rules": [
          "forest_small_keys:1"
        ],
        "visibility_rules": [
          "hidden_region"
        ],
        "item_count": 1
      },
      {
        "name": "Straightened Hall",
        "access_rules": [
          "@Forest Temple/Block Push Room,forest_small_keys:2,$has_age|adult,lift1,bow"
        ],
        "visibility_rules": [
          "hidden_region"
        ],
        "item_count": 1
      },
      {
        "name": "Outside Upper Ledge",
        "access_rules": [
          "@Forest Temple/Block Push Room,$has_age|adult,hoverboots",
          "@Forest Temple/Block Push Room,$has_age|adult,[hoverboots],lift1",
          "@Forest Temple/Straightened Hall"
        ],
        "visibility_rules": [
          "hidden_region"
        ],
        "item_count": 1
      },
      {
        "name": "Bow Region",
        "access_rules": [
          "@Forest Temple/Block Push Room,forest_small_keys:3,$has_age|adult,lift1"
        ],
        "visibility_rules": [
          "hidden_region"
        ],
        "item_count": 1
      },
      {
        "name": "Falling Room",
        "access_rules": [
          "@Forest Temple/Bow Region,forest_small_keys:5,$has_age|adult,bow",
          "@Forest Temple/Bow Region,forest_small_keys:5,dinsfire,magic",
          "forest_small_keys:1,$has_age|adult,hoverboots,ocarina,scarecrow,[@Forest Temple/Bow Region],[forest_small_keys:5],[bow]"
        ],
        "visibility_rules": [
          "hidden_region"
        ],
        "item_count": 1
      },
      {
        "name": "Boss Region",
        "access_rules": [
          "@Forest Temple/Bow Region,@Forest Temple/Falling Room,$has_age|adult,bow"
        ],
        "visibility_rules": [
          "hidden_region"
        ],
        "item_count": 1
      },
      {
        "name": "Outdoors High Balconies",
        "access_rules": [
          "ocarina,time,$has_age|adult",
          "@Forest Temple/Outside Upper Ledge,$has_age|adult",
          "$has_age|adult,bow,longshot",
          "$has_age|adult,bow,[logic_forest_vines],hookshot",
          "$has_age|adult,bow,ironboots",
          "$has_age|adult,bow,scale2",
          "@Forest Temple/Falling Room,$has_age|adult,longshot",
          "@Forest Temple/Falling Room,$has_age|adult,[logic_forest_vines],hookshot",
          "@Forest Temple/Falling Room,$has_age|adult,ironboots",
          "@Forest Temple/Falling Room,$has_age|adult,scale2"
        ],
        "visibility_rules": [
          "hidden_region"
        ],
        "item_count": 1
      },
      {
        "name": "NE Outdoors",
        "access_rules": [
          "@Forest Temple/Outdoors High Balconies",
          "@Forest Temple/Falling Room"
        ],
        "visibility_rules": [
          "hidden_region"
        ],
        "item_count": 1
      },
      {
        "name": "NW Outdoors",
        "access_rules": [
          "@Forest Temple/Outdoors High Balconies",
          "@Forest Temple/Outside Upper Ledge"
        ],
        "visibility_rules": [
          "hidden_region"
        ],
        "item_count": 1
      },
      {
        "name": "GS60 - First Room",
        "short_name": "First Room",
        "access_rules": [
          "dinsfire,magic",
          "$has_explosives",
          "$has_age|adult,hookshot",
          "$has_age|adult,bow"
        ],
        "visibility_rules": [
          "setting_tokens_dungeons"
        ],
        "chest_unopened_img": "images/skulltula.png",
        "chest_opened_img": "images/skulltula_token.png",
        "item_count": 1
      },
      {
        "name": "First Chest",
        "short_name": "Tree",
        "chest_unopened_img": "images/chest_brown_small_key.png",
        "item_count": 1
      },
      {
        "name": "GS61 - Lobby",
        "short_name": "Lobby",
        "access_rules": [
          "$has_age|adult,hookshot"
        ],
        "visibility_rules": [
          "setting_tokens_dungeons"
        ],
        "chest_unopened_img": "images/skulltula.png",
        "chest_opened_img": "images/skulltula_token.png",
        "item_count": 1
      },
      {
        "name": "Chest Behind Lobby",
        "short_name": "Stalfos",
        "access_rules": [
          "$has_age|adult"
        ],
        "chest_unopened_img": "images/chest_brown_small_key.png",
        "item_count": 1
      },
      {
        "name": "Outside Hookshot Chest",
        "short_name": "Island",
        "access_rules": [
          "@Forest Temple/NE Outdoors,hookshot",
          "@Forest Temple/Falling Room",
          "@Forest Temple/Outdoors High Balconies,[logic_forest_outdoors_ledge],hoverboots"
        ],
        "item_count": 1
      },
      {
        "name": "GS62 - Outdoor East",
        "short_name": "Outdoor East",
        "access_rules": [
          "@Forest Temple/NE Outdoors,hookshot",
          "@Forest Temple/Falling Room,$has_age|adult,bow",
          "@Forest Temple/Falling Room,dinsfire,magic",
          "@Forest Temple/Falling Room,$has_explosives"
        ],
        "visibility_rules": [
          "setting_tokens_dungeons"
        ],
        "chest_unopened_img": "images/skulltula.png",
        "chest_opened_img": "images/skulltula_token.png",
        "item_count": 1
      },
      {
        "name": "Map Chest",
        "short_name": "Map",
        "access_rules": [
          "@Forest Temple/Outdoors High Balconies"
        ],
        "chest_unopened_img": "images/chest_brown_map.png",
        "item_count": 1
      },
      {
        "name": "Well Chest",
        "short_name": "Well",
        "access_rules": [
          "@Forest Temple/Outdoors High Balconies"
        ],
        "chest_unopened_img": "images/chest_brown_small_key.png",
        "item_count": 1
      },
      {
        "name": "GS63 - Outdoor West",
        "short_name": "Outdoor West",
        "access_rules": [
          "@Forest Temple/NW Outdoors,longshot",
          "{@Forest Temple/NW Outdoors,bow}",
          "@Forest Temple/Outside Upper Ledge,hookshot"
        ],
        "visibility_rules": [
          "setting_tokens_dungeons"
        ],
        "capture_item": true,
        "chest_unopened_img": "images/skulltula.png",
        "chest_opened_img": "images/skulltula_token.png",
        "item_count": 1
      },
      {
        "name": "Block Push Chest",
        "short_name": "Block Push",
        "access_rules": [
          "@Forest Temple/Block Push Room,lift1,$has_age|adult,bow"
        ],
        "item_count": 1
      },
      {
        "name": "Boss Key Chest",
        "short_name": "Boss Key",
        "access_rules": [
          "@Forest Temple/Straightened Hall"
        ],
        "chest_unopened_img": "images/chest_golden_closed.png",
        "chest_opened_img": "images/chest_golden_open.png",
        "item_count": 1
      },
      {
        "name": "Floormaster Chest",
        "short_name": "Floormaster",
        "access_rules": [
          "@Forest Temple/Outside Upper Ledge",
          "{$hintable}"
        ],
        "capture_item": true,
        "chest_unopened_img": "images/chest_brown_small_key.png",
        "item_count": 1
      },
      {
        "name": "Red Poe Chest",
        "short_name": "Red Poe",
        "access_rules": [
          "@Forest Temple/Bow Region,bow"
        ],
        "chest_unopened_img": "images/chest_brown_small_key.png",
        "item_count": 1
      },
      {
        "name": "Bow Chest",
        "short_name": "Bow",
        "access_rules": [
          "@Forest Temple/Bow Region"
        ],
        "item_count": 1
      },
      {
        "name": "Blue Poe Chest",
        "short_name": "Blue Poe",
        "access_rules": [
          "@Forest Temple/Bow Region,bow"
        ],
        "chest_unopened_img": "images/chest_brown_compass.png",
        "item_count": 1
      },
      {
        "name": "Falling Room Chest",
        "short_name": "Checkerboard",
        "access_rules": [
          "@Forest Temple/Falling Room"
        ],
        "item_count": 1
      },
      {
        "name": "Near Boss Chest",
        "short_name": "Basement",
        "access_rules": [
          "@Forest Temple/Boss Region"
        ],
        "item_count": 1
      },
      {
        "name": "GS64 - Basement",
        "short_name": "Basement",
        "access_rules": [
          "@Forest Temple/Boss Region,$has_age|adult,hookshot"
        ],
        "visibility_rules": [
          "setting_tokens_dungeons"
        ],
        "chest_unopened_img": "images/skulltula.png",
        "chest_opened_img": "images/skulltula_token.png",
        "item_count": 1
      },
      {
        "name": "Phantom Ganon",
        "access_rules": [
          "@Forest Temple/Boss Region,forest_boss_key"
        ],
        "hosted_item": "forest",
        "chest_unopened_img": "images/HC.png",
        "chest_opened_img": "images/HC_grey.png",
        "item_count": 1
      }
    ],
    "map_locations": [
      {
        "map": "adult",
        "force_invisibility_rules": [
          "forest_mq"
        ],
        "size": 50,
        "x": 2145,
        "y": 595
      }
    ]
  },
  {
    "name": "Fire Temple",
    "parent": "Death Mountain Crater",
    "access_rules": [
      "fire_reg,$dmc_central,$FTR_or_goron"
    ],
    "sections": [
      {
        "name": "Boss Key Region",
        "access_rules": [
          "fire_small_keys:1,[fire_small_keys:8],$has_age|adult,hammer"
        ],
        "visibility_rules": [
          "hidden_region"
        ],
        "item_count": 1
      },
      {
        "name": "Big Lava Room",
        "access_rules": [
          "fire_small_keys:1,[fire_small_keys:2],$FTR_or_goron"
        ],
        "visibility_rules": [
          "hidden_region"
        ],
        "item_count": 1
      },
      {
        "name": "Maze Lower",
        "access_rules": [
          "@Fire Temple/Big Lava Room,fire_small_keys:3,[fire_small_keys:4],[lift1],[redtunic],$has_explosives",
          "@Fire Temple/Big Lava Room,fire_small_keys:3,[fire_small_keys:4],[lift1],[redtunic],bow",
          "@Fire Temple/Big Lava Room,fire_small_keys:3,[fire_small_keys:4],[lift1],[redtunic],hookshot"
        ],
        "visibility_rules": [
          "hidden_region"
        ],
        "item_count": 1
      },
      {
        "name": "Maze Upper",
        "access_rules": [
          "@Fire Temple/Maze Lower,fire_small_keys:5,[fire_small_keys:6]"
        ],
        "visibility_rules": [
          "hidden_region"
        ],
        "item_count": 1
      },
      {
        "name": "East Tower",
        "access_rules": [
          "@Fire Temple/Maze Upper,ocarina,scarecrow,hookshot",
          "@Fire Temple/Maze Upper,[ocarina],[scarecrow],longshot"
        ],
        "visibility_rules": [
          "hidden_region"
        ],
        "item_count": 1
      },
      {
        "name": "West Tower",
        "access_rules": [
          "@Fire Temple/Maze Upper,fire_small_keys:7,[fire_small_keys:8]",
          "@Fire Temple/Maze Upper,fire_small_keys:6,[fire_small_keys:7],hammer,hoverboots",
          "@Fire Temple/Maze Upper,fire_small_keys:6,[fire_small_keys:7],[logic_fire_flame_maze]"
        ],
        "visibility_rules": [
          "hidden_region"
        ],
        "item_count": 1
      },
      {
        "name": "Chest Near Boss",
        "short_name": "Near Boss",
        "access_rules": [
          "$FTR_or_goron"
        ],
        "chest_unopened_img": "images/chest_brown_small_key.png",
        "item_count": 1
      },
      {
        "name": "GS69 - Basement",
        "short_name": "Basement",
        "access_rules": [
          "@Fire Temple/Boss Key Region"
        ],
        "visibility_rules": [
          "setting_tokens_dungeons"
        ],
        "chest_unopened_img": "images/skulltula.png",
        "chest_opened_img": "images/skulltula_token.png",
        "item_count": 1
      },
      {
        "name": "Fire Dancer Chest",
        "short_name": "Flare Dancer",
        "access_rules": [
          "@Fire Temple/Boss Key Region"
        ],
        "item_count": 1
      },
      {
        "name": "Boss Key Chest",
        "short_name": "Boss Key",
        "access_rules": [
          "@Fire Temple/Boss Key Region"
        ],
        "chest_unopened_img": "images/chest_golden_closed.png",
        "chest_opened_img": "images/chest_golden_open.png",
        "item_count": 1
      },
      {
        "name": "GS65 - Song of Time Room",
        "short_name": "Time Block",
        "access_rules": [
          "@Fire Temple/Big Lava Room,$has_age|adult,[ocarina],[time]"
        ],
        "visibility_rules": [
          "setting_tokens_dungeons"
        ],
        "chest_unopened_img": "images/skulltula.png",
        "chest_opened_img": "images/skulltula_token.png",
        "item_count": 1
      },
      {
        "name": "Big Lava Room Open Chest",
        "short_name": "Lava Room Open",
        "access_rules": [
          "@Fire Temple/Big Lava Room"
        ],
        "chest_unopened_img": "images/chest_brown_small_key.png",
        "item_count": 1
      },
      {
        "name": "Big Lava Room Bombable Chest",
        "short_name": "Lava Room Bombable",
        "access_rules": [
          "@Fire Temple/Big Lava Room,$has_age|adult,$has_explosives"
        ],
        "chest_unopened_img": "images/chest_brown_small_key.png",
        "item_count": 1
      },
      {
        "name": "Boulder Maze Lower Chest",
        "short_name": "Boulder Maze Lower",
        "access_rules": [
          "@Fire Temple/Maze Lower"
        ],
        "chest_unopened_img": "images/chest_brown_small_key.png",
        "item_count": 1
      },
      {
        "name": "Boulder Maze Side Room",
        "short_name": "Boulder Maze Side",
        "access_rules": [
          "@Fire Temple/Maze Lower"
        ],
        "chest_unopened_img": "images/chest_brown_small_key.png",
        "item_count": 1
      },
      {
        "name": "GS66 - Unmarked Bomb Wall",
        "short_name": "Boulder Maze",
        "access_rules": [
          "@Fire Temple/Maze Lower,$has_explosives"
        ],
        "visibility_rules": [
          "setting_tokens_dungeons"
        ],
        "chest_unopened_img": "images/skulltula.png",
        "chest_opened_img": "images/skulltula_token.png",
        "item_count": 1
      },
      {
        "name": "Map Chest",
        "short_name": "Map",
        "access_rules": [
          "@Fire Temple/Maze Lower,fire_small_keys:4,[fire_small_keys:5],bow",
          "@Fire Temple/Maze Upper"
        ],
        "chest_unopened_img": "images/chest_brown_map.png",
        "item_count": 1
      },
      {
        "name": "Boulder Maze Upper Chest",
        "short_name": "Boulder Maze Upper",
        "access_rules": [
          "@Fire Temple/Maze Upper"
        ],
        "chest_unopened_img": "images/chest_brown_small_key.png",
        "item_count": 1
      },
      {
        "name": "Boulder Maze Bombable Pit",
        "short_name": "Shortcut",
        "access_rules": [
          "@Fire Temple/Maze Upper,$has_explosives"
        ],
        "chest_unopened_img": "images/chest_brown_small_key.png",
        "item_count": 1
      },
      {
        "name": "GS67 - East Tower Climb",
        "short_name": "Scarecrow 1",
        "access_rules": [
          "@Fire Temple/East Tower"
        ],
        "visibility_rules": [
          "setting_tokens_dungeons"
        ],
        "chest_unopened_img": "images/skulltula.png",
        "chest_opened_img": "images/skulltula_token.png",
        "item_count": 1
      },
      {
        "name": "GS68 - East Tower Top",
        "short_name": "Scarecrow 2",
        "access_rules": [
          "@Fire Temple/East Tower"
        ],
        "visibility_rules": [
          "setting_tokens_dungeons"
        ],
        "chest_unopened_img": "images/skulltula.png",
        "chest_opened_img": "images/skulltula_token.png",
        "item_count": 1
      },
      {
        "name": "Scarecrow Chest",
        "short_name": "Scarecrow",
        "access_rules": [
          "@Fire Temple/East Tower",
          "{$hintable}"
        ],
        "capture_item": true,
        "item_count": 1
      },
      {
        "name": "Compass Chest",
        "short_name": "Compass",
        "access_rules": [
          "@Fire Temple/Maze Upper,fire_small_keys:6,[fire_small_keys:7]"
        ],
        "chest_unopened_img": "images/chest_brown_compass.png",
        "item_count": 1
      },
      {
        "name": "Highest Goron Chest",
        "short_name": "Highest Goron",
        "access_rules": [
          "@Fire Temple/West Tower,hammer,ocarina,time",
          "@Fire Temple/West Tower,hammer,[logic_rusted_switches],hoverboots",
          "@Fire Temple/West Tower,hammer,[logic_rusted_switches],$has_explosives"
        ],
        "chest_unopened_img": "images/chest_brown_small_key.png",
        "item_count": 1
      },
      {
        "name": "Megaton Hammer Chest",
        "short_name": "Hammer",
        "access_rules": [
          "@Fire Temple/West Tower,$has_explosives",
          "{$hintable}"
        ],
        "capture_item": true,
        "item_count": 1
      },
      {
        "name": "Volvagia",
        "access_rules": [
          "[redtunic],hammer,fire_boss_key,[logic_fire_boss_door_jump]",
          "[redtunic],hammer,fire_boss_key,hoverboots",
          "[redtunic],hammer,fire_boss_key,@Fire Temple/West Tower,ocarina,time",
          "[redtunic],hammer,fire_boss_key,@Fire Temple/West Tower,$has_explosives"
        ],
        "hosted_item": "fire",
        "chest_unopened_img": "images/HC.png",
        "chest_opened_img": "images/HC_grey.png",
        "item_count": 1
      }
    ],
    "map_locations": [
      {
        "map": "adult",
        "force_invisibility_rules": [
          "fire_mq"
        ],
        "size": 50,
        "x": 1915,
        "y": 60
      }
    ]
  },
  {
    "name": "Water Temple",
    "parent": "Lake Hylia",
    "access_rules": [
      "water_reg,$has_age|adult,hookshot,ironboots",
      "water_reg,$has_age|adult,hookshot,longshot,scale2",
      "water_reg,$has_age|adult,hookshot,[logic_water_hookshot_entry],scale2"
    ],
    "sections": [
      {
        "name": "Lobby",
        "visibility_rules": [
          "hidden_region"
        ],
        "item_count": 1
      },
      {
        "name": "Highest Water Level",
        "access_rules": [
          "@Water Temple/Lobby,$has_age|adult"
        ],
        "visibility_rules": [
          "hidden_region"
        ],
        "item_count": 1
      },
      {
        "name": "Falling Platforms",
        "access_rules": [
          "@Water Temple/Highest Water Level,water_small_keys:1,[water_small_keys:4]"
        ],
        "visibility_rules": [
          "hidden_region"
        ],
        "item_count": 1
      },
      {
        "name": "Dark Link Region",
        "access_rules": [
          "@Water Temple/Falling Platforms,water_small_keys:2,[water_small_keys:5],hookshot"
        ],
        "visibility_rules": [
          "hidden_region"
        ],
        "item_count": 1
      },
      {
        "name": "Dive",
        "access_rules": [
          "@Water Temple/Highest Water Level,$FTR_or_zora,ironboots",
          "@Water Temple/Highest Water Level,$FTR_or_zora,[logic_water_temple_torch_longshot],longshot"
        ],
        "visibility_rules": [
          "hidden_region"
        ],
        "item_count": 1
      },
      {
        "name": "Middle Water Level",
        "access_rules": [
          "@Water Temple/Dive,ocarina,lullaby,bow",
          "@Water Temple/Dive,ocarina,lullaby,dinsfire,magic",
          "@Water Temple/Dive,ocarina,lullaby,water_small_keys:1,[water_small_keys:5],hookshot"
        ],
        "visibility_rules": [
          "hidden_region"
        ],
        "item_count": 1
      },
      {
        "name": "Cracked Wall",
        "access_rules": [
          "@Water Temple/Middle Water Level",
          "@Water Temple/Dive,[@Water Temple/Middle Water Level],$has_bombchus,ironboots,hookshot", //TODO: not in logic?
          "@Water Temple/Dive,ocarina,lullaby,hookshot,[logic_water_cracked_wall_nothing]",
          "@Water Temple/Dive,ocarina,lullaby,hoverboots,[logic_water_cracked_wall_nothing]",
          "@Water Temple/Dive,ocarina,lullaby,hoverboots,[logic_water_cracked_wall_hovers]"
        ],
        "visibility_rules": [
          "hidden_region"
        ],
        "item_count": 1
      },
      {
        "name": "North Basement",
        "access_rules": [
          "@Water Temple/Dive,water_small_keys:1,[water_small_keys:4],longshot,ironboots",
          "@Water Temple/Dive,water_small_keys:1,[water_small_keys:4],longshot,ocarina,lullaby",
          "@Water Temple/Dive,water_small_keys:1,[water_small_keys:4],[logic_water_boss_key_region],hoverboots,ironboots",
          "@Water Temple/Dive,water_small_keys:1,[water_small_keys:4],[logic_water_boss_key_region],hoverboots,ocarina,lullaby"
        ],
        "visibility_rules": [
          "hidden_region"
        ],
        "item_count": 1
      },
      {
        "name": "Map Chest",
        "short_name": "Map",
        "access_rules": [
          "@Water Temple/Dive,hoverboots",
          "@Water Temple/Dive,hookshot", //these don't really matter since you always need hook in non ER
          "@Water Temple/Dive,bow",
          "@Water Temple/Dive,$has_fire,$has_projectile|adult"
        ],
        "chest_unopened_img": "images/chest_brown_map.png",
        "item_count": 1
      },
      {
        "name": "Cracked Wall Chest",
        "short_name": "Cracked Wall",
        "access_rules": [
          "@Water Temple/Cracked Wall,$has_explosives"
        ],
        "chest_unopened_img": "images/chest_brown_small_key.png",
        "item_count": 1
      },
      {
        "name": "Torches Chest",
        "short_name": "Torches",
        "access_rules": [
          "@Water Temple/Dive,ocarina,lullaby,bow",
          "@Water Temple/Dive,ocarina,lullaby,dinsfire,magic"
        ],
        "chest_unopened_img": "images/chest_brown_small_key.png",
        "item_count": 1
      },
      {
        "name": "GS73 - South Basement",
        "short_name": "South Basement",
        "access_rules": [
          "@Water Temple/Dive,hookshot,$has_explosives,ocarina,lullaby,ironboots",
          "@Water Temple/Dive,hookshot,$has_explosives,ocarina,lullaby,scale",
          "@Water Temple/Dive,hoverboots,$has_explosives,ocarina,lullaby,ironboots",
          "@Water Temple/Dive,hoverboots,$has_explosives,ocarina,lullaby,scale"
        ],
        "visibility_rules": [
          "setting_tokens_dungeons"
        ],
        "chest_unopened_img": "images/skulltula.png",
        "chest_opened_img": "images/skulltula_token.png",
        "item_count": 1
      },
      {
        "name": "Compass Chest",
        "short_name": "Compass",
        "access_rules": [
          "@Water Temple/Dive,hookshot,ironboots",
          "@Water Temple/Dive,hookshot,ocarina,lullaby"
        ],
        "chest_unopened_img": "images/chest_brown_compass.png",
        "item_count": 1
      },
      {
        "name": "Central Bow Target Chest",
        "short_name": "Central Bow Target",
        "access_rules": [
          "@Water Temple/Dive,lift1,ocarina,lullaby,bow,[logic_water_central_bow]",
          "@Water Temple/Dive,lift1,ocarina,lullaby,bow,hoverboots",
          "@Water Temple/Dive,lift1,ocarina,lullaby,bow,longshot"
        ],
        "chest_unopened_img": "images/chest_brown_small_key.png",
        "item_count": 1
      },
      {
        "name": "GS75 - Central Room",
        "short_name": "Central Room",
        "access_rules": [
          "@Water Temple/Middle Water Level,longshot,water_small_keys:1,[water_small_keys:5]",
          "@Water Temple/Middle Water Level,longshot,bow",
          "@Water Temple/Middle Water Level,longshot,dinsfire,magic",
          "@Water Temple/Middle Water Level,hookshot,faroreswind,magic,water_small_keys:1,[water_small_keys:5]",
          "@Water Temple/Middle Water Level,hookshot,faroreswind,magic,bow",
          "@Water Temple/Middle Water Level,hookshot,faroreswind,magic,dinsfire",
          "{@Water Temple/Middle Water Level,bow}"
        ],
        "visibility_rules": [
          "setting_tokens_dungeons"
        ],
        "capture_item": true,
        "chest_unopened_img": "images/skulltula.png",
        "chest_opened_img": "images/skulltula_token.png",
        "item_count": 1
      },
      {
        "name": "Central Pillar Chest",
        "short_name": "Basement",
        "access_rules": [
          "@Water Temple/Middle Water Level,ironboots,[bluetunic],hookshot,water_small_keys:1,[water_small_keys:5]",
          "@Water Temple/Middle Water Level,ironboots,[bluetunic],hookshot,bow",
          "@Water Temple/Middle Water Level,ironboots,[bluetunic],hookshot,dinsfire,magic"
        ],
        "chest_unopened_img": "images/chest_brown_small_key.png",
        "item_count": 1
      },
      {
        "name": "GS76 - Falling Platform Room",
        "short_name": "Platform Room",
        "access_rules": [
          "@Water Temple/Falling Platforms,longshot",
          "@Water Temple/Falling Platforms,[logic_water_falling_platform_gs],hookshot",
          "{@Water Temple/Falling Platforms,bow}"
        ],
        "visibility_rules": [
          "setting_tokens_dungeons"
        ],
        "capture_item": true,
        "chest_unopened_img": "images/skulltula.png",
        "chest_opened_img": "images/skulltula_token.png",
        "item_count": 1
      },
      {
        "name": "Dark Link Chest",
        "short_name": "Dark Link",
        "access_rules": [
          "@Water Temple/Dark Link Region"
        ],
        "item_count": 1
      },
      {
        "name": "GS74 - Serpent River",
        "short_name": "River",
        "access_rules": [
          "@Water Temple/Dark Link Region,ocarina,time,ironboots",
          "@Water Temple/Dark Link Region,ocarina,time,[logic_water_river_gs],longshot,bow",
          "@Water Temple/Dark Link Region,ocarina,time,[logic_water_river_gs],longshot,$has_bombchus"
        ],
        "visibility_rules": [
          "setting_tokens_dungeons"
        ],
        "chest_unopened_img": "images/skulltula.png",
        "chest_opened_img": "images/skulltula_token.png",
        "item_count": 1
      },
      {
        "name": "River Chest",
        "short_name": "River",
        "access_rules": [
          "@Water Temple/Dark Link Region,ocarina,time,bow",
          "{$hintable}"
        ],
        "capture_item": true,
        "chest_unopened_img": "images/chest_brown_small_key.png",
        "item_count": 1
      },
      {
        "name": "Dragon Chest",
        "short_name": "Dragon",
        "access_rules": [
          "@Water Temple/Dive,ocarina,lullaby,lift1,ironboots,hookshot",
          "@Water Temple/Dive,ocarina,lullaby,lift1,[logic_water_dragon_bombchu],$has_bombchus,scale",
          "@Water Temple/Dark Link Region,ocarina,time,bow,ironboots,$FTR_or_zora",
          "@Water Temple/Dark Link Region,ocarina,time,bow,[logic_water_dragon_jump_dive]",
          "@Water Temple/Dark Link Region,ocarina,time,bow,[logic_water_dragon_bombchu],$has_bombchus,scale"
        ],
        "chest_unopened_img": "images/chest_brown_small_key.png",
        "item_count": 1
      },
      {
        "name": "GS77 - Near Boss Key Chest",
        "short_name": "Near Boss Key",
        "access_rules": [
          "@Water Temple/North Basement"
        ],
        "visibility_rules": [
          "setting_tokens_dungeons"
        ],
        "chest_unopened_img": "images/skulltula.png",
        "chest_opened_img": "images/skulltula_token.png",
        "item_count": 1
      },
      {
        "name": "Boss Key Chest",
        "short_name": "Boss Key",
        "access_rules": [
          "@Water Temple/North Basement,water_small_keys:2,[water_small_keys:5],ironboots,[logic_water_bk_chest]",
          "@Water Temple/North Basement,water_small_keys:2,[water_small_keys:5],ironboots,[logic_water_north_basement_ledge_jump]",
          "@Water Temple/North Basement,water_small_keys:2,[water_small_keys:5],ironboots,$has_explosives,lift1",
          "@Water Temple/North Basement,water_small_keys:2,[water_small_keys:5],ironboots,hoverboots",
          "@Water Temple/North Basement,water_small_keys:2,[water_small_keys:5],[logic_water_bk_jump_dive],[logic_water_north_basement_ledge_jump]",
          "@Water Temple/North Basement,water_small_keys:2,[water_small_keys:5],[logic_water_bk_jump_dive],$has_explosives,lift1",
          "@Water Temple/North Basement,water_small_keys:2,[water_small_keys:5],[logic_water_bk_jump_dive],hoverboots",
          "{$hintable}"
        ],
        "capture_item": true,
        "chest_unopened_img": "images/chest_golden_closed.png",
        "chest_opened_img": "images/chest_golden_open.png",
        "item_count": 1
      },
      {
        "name": "Morpha",
        "access_rules": [
          "@Water Temple/Highest Water Level,water_boss_key,longshot"
        ],
        "hosted_item": "water",
        "chest_unopened_img": "images/HC.png",
        "chest_opened_img": "images/HC_grey.png",
        "item_count": 1
      }
    ],
    "map_locations": [
      {
        "map": "adult",
        "force_invisibility_rules": [
          "water_mq"
        ],
        "size": 50,
        "x": 1020,
        "y": 1370
      }
    ]
  },
  {
    "name": "Shadow Temple",
    "parent": "Graveyard",
    "access_rules": [
      "shadow_reg,ocarina,nocturne,dinsfire,magic",
      "shadow_reg,ocarina,nocturne,$has_age|adult,bow,firearrow,[dinsfire],magic"
    ],
    "sections": [
      {
        "name": "Beginning",
        "access_rules": [
          "$can_see_with_lens,$has_age|adult,hoverboots",
          "$can_see_with_lens,$has_age|adult,hookshot"
        ],
        "visibility_rules": [
          "hidden_region"
        ],
        "item_count": 1
      },
      {
        "name": "First Beamos",
        "access_rules": [
          "@Shadow Temple/Beginning,hoverboots"
        ],
        "visibility_rules": [
          "hidden_region"
        ],
        "item_count": 1
      },
      {
        "name": "Huge Pit",
        "access_rules": [
          "@Shadow Temple/First Beamos,shadow_small_keys:1,$has_explosives"
        ],
        "visibility_rules": [
          "hidden_region"
        ],
        "item_count": 1
      },
      {
        "name": "Wind Tunnel",
        "access_rules": [
          "@Shadow Temple/Huge Pit,shadow_small_keys:3,hookshot"
        ],
        "visibility_rules": [
          "hidden_region"
        ],
        "item_count": 1
      },
      {
        "name": "Beyond Boat",
        "access_rules": [
          "@Shadow Temple/Wind Tunnel,shadow_small_keys:4,ocarina,lullaby"
        ],
        "visibility_rules": [
          "hidden_region"
        ],
        "item_count": 1
      },
      {
        "name": "Map Chest",
        "short_name": "Map",
        "access_rules": [
          "@Shadow Temple/Beginning"
        ],
        "chest_unopened_img": "images/chest_brown_map.png",
        "item_count": 1
      },
      {
        "name": "Hover Boots Chest",
        "short_name": "Dead Hand",
        "access_rules": [
          "@Shadow Temple/Beginning"
        ],
        "item_count": 1
      },
      {
        "name": "Compass Chest",
        "short_name": "Compass",
        "access_rules": [
          "@Shadow Temple/First Beamos"
        ],
        "chest_unopened_img": "images/chest_brown_compass.png",
        "item_count": 1
      },
      {
        "name": "Early Silver Rupee Chest",
        "short_name": "Early Silver Rupee",
        "access_rules": [
          "@Shadow Temple/First Beamos"
        ],
        "chest_unopened_img": "images/chest_brown_small_key.png",
        "item_count": 1
      },
      {
        "name": "Invisible Blades Chests",
        "short_name": "Like Like",
        "access_rules": [
          "@Shadow Temple/Huge Pit"
        ],
        "item_count": 2
      },
      {
        "name": "GS81 - Like Like Room",
        "short_name": "Like Like",
        "access_rules": [
          "@Shadow Temple/Huge Pit"
        ],
        "visibility_rules": [
          "setting_tokens_dungeons"
        ],
        "chest_unopened_img": "images/skulltula.png",
        "chest_opened_img": "images/skulltula_token.png",
        "item_count": 1
      },
      {
        "name": "Falling Spikes Lower Chest",
        "short_name": "Crusher Lower",
        "access_rules": [
          "@Shadow Temple/Huge Pit"
        ],
        "item_count": 1
      },
      {
        "name": "GS82 - Crusher Room",
        "short_name": "Crusher",
        "access_rules": [
          "@Shadow Temple/Huge Pit,hookshot",
          "@Shadow Temple/Huge Pit,[hookshot],bombs,shield2",
          "@Shadow Temple/Huge Pit,[hookshot],bombs,shield3",
          "{@Shadow Temple/Huge Pit}"
        ],
        "visibility_rules": [
          "setting_tokens_dungeons"
        ],
        "capture_item": true,
        "chest_unopened_img": "images/skulltula.png",
        "chest_opened_img": "images/skulltula_token.png",
        "item_count": 1
      },
      {
        "name": "Falling Spikes Upper Chests",
        "short_name": "Crusher Upper",
        "access_rules": [
          "@Shadow Temple/Huge Pit,[lift1]"
        ],
        "chest_unopened_img": "images/chest_brown_small_key.png",
        "item_count": 2
      },
      {
        "name": "Invisible Spikes Chest",
        "short_name": "Invisible Spikes",
        "access_rules": [
          "@Shadow Temple/Huge Pit,shadow_small_keys:2"
        ],
        "item_count": 1
      },
      {
        "name": "Freestanding Key",
        "short_name": "Skull Pot",
        "access_rules": [
          "@Shadow Temple/Huge Pit,shadow_small_keys:2,hookshot,bombs",
          "@Shadow Temple/Huge Pit,shadow_small_keys:2,hookshot,lift1",
          "@Shadow Temple/Huge Pit,shadow_small_keys:2,hookshot,[logic_shadow_freestanding_key],$has_bombchus"
        ],
        "chest_unopened_img": "images/small_key.png",
        "chest_opened_img": "images/small_key_check.png",
        "item_count": 1
      },
      {
        "name": "GS83 - Single Giant Pot",
        "short_name": "Single Skull",
        "access_rules": [
          "@Shadow Temple/Huge Pit,shadow_small_keys:2,hookshot"
        ],
        "visibility_rules": [
          "setting_tokens_dungeons"
        ],
        "chest_unopened_img": "images/skulltula.png",
        "chest_opened_img": "images/skulltula_token.png",
        "item_count": 1
      },
      {
        "name": "Wind Hint Chest",
        "short_name": "Wind Hint",
        "access_rules": [
          "@Shadow Temple/Wind Tunnel"
        ],
        "item_count": 1
      },
      {
        "name": "After Wind Chests",
        "short_name": "After Wind",
        "access_rules": [
          "@Shadow Temple/Wind Tunnel"
        ],
        "chest_unopened_img": "images/chest_brown_small_key.png",
        "item_count": 2
      },
      {
        "name": "GS84 - Near Ship",
        "short_name": "Near Boat",
        "access_rules": [
          "@Shadow Temple/Wind Tunnel,shadow_small_keys:4,longshot",
          "{@Shadow Temple/Wind Tunnel,shadow_small_keys:4,bow}"
        ],
        "visibility_rules": [
          "setting_tokens_dungeons"
        ],
        "capture_item": true,
        "chest_unopened_img": "images/skulltula.png",
        "chest_opened_img": "images/skulltula_token.png",
        "item_count": 1
      },
      {
        "name": "Boss Key Chest",
        "short_name": "Boss Key",
        "access_rules": [
          "@Shadow Temple/Beyond Boat,dinsfire,magic"
        ],
        "chest_unopened_img": "images/chest_golden_closed.png",
        "chest_opened_img": "images/chest_golden_open.png",
        "item_count": 1
      },
      {
        "name": "Spike Walls Left Chest",
        "short_name": "Near Boss Key",
        "access_rules": [
          "@Shadow Temple/Beyond Boat,dinsfire,magic"
        ],
        "item_count": 1
      },
      {
        "name": "GS85 - Triple Giant Pot",
        "short_name": "Triple Skull",
        "access_rules": [
          "@Shadow Temple/Beyond Boat"
        ],
        "visibility_rules": [
          "setting_tokens_dungeons"
        ],
        "chest_unopened_img": "images/skulltula.png",
        "chest_opened_img": "images/skulltula_token.png",
        "item_count": 1
      },
      {
        "name": "Hidden Floormaster Chest",
        "short_name": "Floormaster",
        "access_rules": [
          "@Shadow Temple/Beyond Boat",
          "{$hintable}"
        ],
        "capture_item": true,
        "chest_unopened_img": "images/chest_brown_small_key.png",
        "item_count": 1
      },
      {
        "name": "Bongo Bongo",
        "access_rules": [
          "@Shadow Temple/Beyond Boat,shadow_boss_key,shadow_small_keys:5,longshot,ocarina,scarecrow",
          "@Shadow Temple/Beyond Boat,shadow_boss_key,shadow_small_keys:5,bow",
          "@Shadow Temple/Beyond Boat,shadow_boss_key,shadow_small_keys:5,$has_bombchus,[bow]"
        ],
        "hosted_item": "shadow",
        "chest_unopened_img": "images/HC.png",
        "chest_opened_img": "images/HC_grey.png",
        "item_count": 1
      }
    ],
    "map_locations": [
      {
        "map": "adult",
        "force_invisibility_rules": [
          "shadow_mq"
        ],
        "size": 50,
        "x": 2145,
        "y": 345
      }
    ]
  },
  {
    "name": "Spirit Temple",
    "parent": "Desert Colossus",
    "access_rules": [
      "spirit_reg,$adult_colossus"
    ],
    "sections": [
      {
        "name": "Child Entry",
        "access_rules": [
          "$child_colossus"
        ],
        "visibility_rules": [
          "hidden_region"
        ],
        "item_count": 1
      },
      {
        "name": "Child Back",
        "access_rules": [
          "@Spirit Temple/Child Entry,boomerang,sticks",
          "@Spirit Temple/Child Entry,boomerang,$has_explosives",
          "@Spirit Temple/Child Entry,boomerang,sword1",
          "@Spirit Temple/Child Entry,boomerang,sling",
          "@Spirit Temple/Child Entry,sling,sticks",
          "@Spirit Temple/Child Entry,sling,$has_explosives",
          "@Spirit Temple/Child Entry,sling,nuts",
          "@Spirit Temple/Child Entry,[logic_spirit_child_bombchu],$has_bombchus,sticks",
          "@Spirit Temple/Child Entry,[logic_spirit_child_bombchu],$has_bombchus,$has_explosives",
          "@Spirit Temple/Child Entry,[logic_spirit_child_bombchu],$has_bombchus,sword1,nuts"
        ],
        "visibility_rules": [
          "hidden_region"
        ],
        "item_count": 1
      },
      {
        "name": "Early Adult",
        "access_rules": [
          "$has_age|adult,lift2"
        ],
        "visibility_rules": [
          "hidden_region"
        ],
        "item_count": 1
      },
      {
        "name": "Child Climb",
        "access_rules": [
          "@Spirit Temple/Child Entry,spirit_small_keys:1",
          "@Spirit Temple/Early Adult,spirit_small_keys:1"
        ],
        "visibility_rules": [
          "hidden_region"
        ],
        "item_count": 1
      },
      {
        "name": "Central Chamber",
        "access_rules": [
          "@Spirit Temple/Child Climb,$has_explosives",
          "@Spirit Temple/Early Adult,spirit_small_keys:1"
        ],
        "visibility_rules": [
          "hidden_region"
        ],
        "item_count": 1
      },
      {
        "name": "Outdoor Hands",
        "access_rules": [
          "@Spirit Temple/Central Chamber"
        ],
        "visibility_rules": [
          "hidden_region"
        ],
        "item_count": 1
      },
      {
        "name": "Beyond Central Locked Door",
        "access_rules": [
          "@Spirit Temple/Central Chamber,spirit_small_keys:2,[spirit_small_keys:4],$has_age|adult,lift2"
        ],
        "visibility_rules": [
          "hidden_region"
        ],
        "item_count": 1
      },
      {
        "name": "Beyond Final Locked Door",
        "access_rules": [
          "@Spirit Temple/Beyond Central Locked Door,spirit_small_keys:3,[spirit_small_keys:5],[logic_spirit_wall]",
          "@Spirit Temple/Beyond Central Locked Door,spirit_small_keys:3,[spirit_small_keys:5],longshot",
          "@Spirit Temple/Beyond Central Locked Door,spirit_small_keys:3,[spirit_small_keys:5],$has_bombchus",
          "@Spirit Temple/Beyond Central Locked Door,spirit_small_keys:3,[spirit_small_keys:5],bombs,bow",
          "@Spirit Temple/Beyond Central Locked Door,spirit_small_keys:3,[spirit_small_keys:5],bombs,hookshot",
          "@Spirit Temple/Beyond Central Locked Door,spirit_small_keys:3,[spirit_small_keys:5],bombs,hammer",
          "@Spirit Temple/Beyond Central Locked Door,spirit_small_keys:3,[spirit_small_keys:5],nuts,bow",
          "@Spirit Temple/Beyond Central Locked Door,spirit_small_keys:3,[spirit_small_keys:5],nuts,hookshot",
          "@Spirit Temple/Beyond Central Locked Door,spirit_small_keys:3,[spirit_small_keys:5],nuts,hammer",
          "@Spirit Temple/Beyond Central Locked Door,spirit_small_keys:3,[spirit_small_keys:5],dinsfire,magic,bow",
          "@Spirit Temple/Beyond Central Locked Door,spirit_small_keys:3,[spirit_small_keys:5],dinsfire,magic,hookshot",
          "@Spirit Temple/Beyond Central Locked Door,spirit_small_keys:3,[spirit_small_keys:5],dinsfire,magic,hammer"
        ],
        "visibility_rules": [
          "hidden_region"
        ],
        "item_count": 1
      },
      {
        "name": "Child Left Chest",
        "short_name": "Child Left",
        "access_rules": [
          "@Spirit Temple/Child Back"
        ],
        "item_count": 1
      },
      {
        "name": "Child Right Chest",
        "short_name": "Child Right",
        "access_rules": [
          "@Spirit Temple/Child Back,sticks",
          "@Spirit Temple/Child Back,dinsfire,magic"
        ],
        "chest_unopened_img": "images/chest_brown_small_key.png",
        "item_count": 1
      },
      {
        "name": "GS96 - Metal Fence",
        "short_name": "Metal Fence",
        "access_rules": [
          "@Spirit Temple/Child Back"
        ],
        "visibility_rules": [
          "setting_tokens_dungeons"
        ],
        "chest_unopened_img": "images/skulltula.png",
        "chest_opened_img": "images/skulltula_token.png",
        "item_count": 1
      },
      {
        "name": "Child Climb Chests",
        "short_name": "Child Climb",
        "access_rules": [
          "@Spirit Temple/Child Climb,$has_projectile|both",
          "@Spirit Temple/Child Climb,$has_projectile|child,[spirit_small_keys:5],$child_colossus",
          "@Spirit Temple/Child Climb,$has_projectile|adult,[spirit_small_keys:3],lift2",
          "@Spirit Temple/Child Climb,$has_projectile|adult,[spirit_small_keys:2],lift2,setting_logic_chus_yes"
        ],
        "item_count": 2
      },
      {
        "name": "GS97 - Bomb for Light Room",
        "short_name": "Child Climb",
        "access_rules": [
          "@Spirit Temple/Child Climb,$has_projectile|both",
          "@Spirit Temple/Child Climb,dinsfire,magic",
          "@Spirit Temple/Child Climb,$damage_single_instance_ohko,sticks",
          "@Spirit Temple/Child Climb,$damage_single_instance_ohko,sword1",
          "@Spirit Temple/Child Climb,$damage_single_instance_ohko,$has_projectile|child",
          "@Spirit Temple/Child Climb,$child_colossus,[spirit_small_keys:5],$has_projectile|child",
          "@Spirit Temple/Child Climb,lift2,$has_projectile|adult,[spirit_small_keys:3]",
          "@Spirit Temple/Child Climb,lift2,$has_projectile|adult,[spirit_small_keys:2],setting_logic_chus_yes",
          "@Spirit Temple/Child Climb,lift2,$damage_single_instance_ohko,[spirit_small_keys:3]",
          "@Spirit Temple/Child Climb,lift2,$damage_single_instance_ohko,[spirit_small_keys:2],setting_logic_chus_yes"
        ],
        "visibility_rules": [
          "setting_tokens_dungeons"
        ],
        "chest_unopened_img": "images/skulltula.png",
        "chest_opened_img": "images/skulltula_token.png",
        "item_count": 1
      },
      {
        "name": "Sun Block Room Chest",
        "short_name": "Sun Block",
        "access_rules": [
          "@Spirit Temple/Central Chamber,$has_explosives,dinsfire,magic",
          "@Spirit Temple/Central Chamber,$has_explosives,magic,firearrow,bow,sticks",
          "@Spirit Temple/Central Chamber,$has_explosives,[logic_spirit_map_chest],bow,sticks",
          "@Spirit Temple/Central Chamber,[spirit_small_keys:3],dinsfire,magic",
          "@Spirit Temple/Central Chamber,[spirit_small_keys:3],magic,firearrow,bow,sticks",
          "@Spirit Temple/Central Chamber,[spirit_small_keys:3],[logic_spirit_map_chest],bow,sticks",
          "@Spirit Temple/Central Chamber,[spirit_small_keys:2],setting_logic_chus_yes,dinsfire,magic",
          "@Spirit Temple/Central Chamber,[spirit_small_keys:2],setting_logic_chus_yes,magic,firearrow,bow,sticks",
          "@Spirit Temple/Central Chamber,[spirit_small_keys:2],setting_logic_chus_yes,[logic_spirit_map_chest],bow,sticks",
          "@Spirit Temple/Central Chamber,[spirit_small_keys:5],$has_explosives,sticks",
          "@Spirit Temple/Central Chamber,[spirit_small_keys:3],magic,firearrow,bow,lift2",
          "@Spirit Temple/Central Chamber,[spirit_small_keys:3],[logic_spirit_map_chest],bow,lift2"
        ],
        "chest_unopened_img": "images/chest_brown_small_key.png",
        "item_count": 1
      },
      {
        "name": "GS98 - Hall to West Iron Knuckle",
        "short_name": "Before Knuckle",
        "access_rules": [
          "@Spirit Temple/Central Chamber,$has_explosives,boomerang,hookshot",
          "@Spirit Temple/Central Chamber,$child_colossus,boomerang,[spirit_small_keys:5],$has_explosives",
          "@Spirit Temple/Central Chamber,hookshot,$has_age|adult,lift2,[spirit_small_keys:3]",
          "@Spirit Temple/Central Chamber,hookshot,$has_age|adult,lift2,[spirit_small_keys:2],boomerang,setting_logic_chus_yes",
          "{@Spirit Temple/Central Chamber,$child_colossus,sling,$has_explosives}",
          "{@Spirit Temple/Central Chamber,bow,$has_age|adult,lift2}"
        ],
        "capture_item": true,
        "visibility_rules": [
          "setting_tokens_dungeons"
        ],
        "chest_unopened_img": "images/skulltula.png",
        "chest_opened_img": "images/skulltula_token.png",
        "item_count": 1
      },
      {
        "name": "Silver Gauntlets Chest",
        "short_name": "Right Hand",
        "access_rules": [
          "@Spirit Temple/Outdoor Hands,spirit_small_keys:2,[spirit_small_keys:3],longshot,$has_explosives",
          "@Spirit Temple/Outdoor Hands,spirit_small_keys:2,[spirit_small_keys:5]",
          "{$hintable}"
        ],
        "capture_item": true,
        "item_count": 1
      },
      {
        "name": "Map Chest",
        "short_name": "Map",
        "access_rules": [
          "@Spirit Temple/Central Chamber,$has_explosives,dinsfire,magic",
          "@Spirit Temple/Central Chamber,$has_explosives,magic,firearrow,bow,sticks",
          "@Spirit Temple/Central Chamber,$has_explosives,[logic_spirit_sun_chest],bow,sticks",
          "@Spirit Temple/Central Chamber,[spirit_small_keys:3],dinsfire,magic",
          "@Spirit Temple/Central Chamber,[spirit_small_keys:3],magic,firearrow,bow,sticks",
          "@Spirit Temple/Central Chamber,[spirit_small_keys:3],[logic_spirit_sun_chest],bow,sticks",
          "@Spirit Temple/Central Chamber,[spirit_small_keys:2],setting_logic_chus_yes,dinsfire,magic",
          "@Spirit Temple/Central Chamber,[spirit_small_keys:2],setting_logic_chus_yes,magic,firearrow,bow,sticks",
          "@Spirit Temple/Central Chamber,[spirit_small_keys:2],setting_logic_chus_yes,[logic_spirit_sun_chest],bow,sticks",
          "@Spirit Temple/Central Chamber,[spirit_small_keys:5],$has_explosives,sticks",
          "@Spirit Temple/Central Chamber,[spirit_small_keys:3],magic,firearrow,bow,lift2",
          "@Spirit Temple/Central Chamber,[spirit_small_keys:3],[logic_spirit_sun_chest],bow,lift2"
        ],
        "chest_unopened_img": "images/chest_brown_map.png",
        "item_count": 1
      },
      {
        "name": "GS100 - Lobby",
        "short_name": "Lobby",
        "access_rules": [
          "@Spirit Temple/Central Chamber,$has_explosives,[logic_spirit_lobby_gs],boomerang,$has_age|adult,lift2,hookshot",
          "@Spirit Temple/Central Chamber,$has_explosives,[logic_spirit_lobby_gs],boomerang,$has_age|adult,lift2,hoverboots",
          "@Spirit Temple/Central Chamber,[spirit_small_keys:3],[logic_spirit_lobby_gs],boomerang,$has_age|adult,lift2,hookshot",
          "@Spirit Temple/Central Chamber,[spirit_small_keys:3],[logic_spirit_lobby_gs],boomerang,$has_age|adult,lift2,hoverboots",
          "@Spirit Temple/Central Chamber,[spirit_small_keys:2],setting_logic_chus_yes,[logic_spirit_lobby_gs],boomerang,$has_age|adult,lift2,hookshot",
          "@Spirit Temple/Central Chamber,[spirit_small_keys:2],setting_logic_chus_yes,[logic_spirit_lobby_gs],boomerang,$has_age|adult,lift2,hoverboots",
          "@Spirit Temple/Central Chamber,[spirit_small_keys:5],[logic_spirit_lobby_gs],$has_explosives,$child_colossus,boomerang",
          "{@Spirit Temple/Central Chamber,$has_explosives,$child_colossus,sling}",
          "@Spirit Temple/Central Chamber,[spirit_small_keys:3],$has_age|adult,lift2,hookshot",
          "@Spirit Temple/Central Chamber,[spirit_small_keys:3],$has_age|adult,lift2,hoverboots",
          "{@Spirit Temple/Central Chamber,$has_age|adult,lift2,bow}"
        ],
        "capture_item": true,
        "visibility_rules": [
          "setting_tokens_dungeons"
        ],
        "chest_unopened_img": "images/skulltula.png",
        "chest_opened_img": "images/skulltula_token.png",
        "item_count": 1
      },
      {
        "name": "Compass Chest",
        "short_name": "Compass",
        "access_rules": [
          "@Spirit Temple/Early Adult,hookshot,ocarina,lullaby"
        ],
        "chest_unopened_img": "images/chest_brown_compass.png",
        "item_count": 1
      },
      {
        "name": "Early Adult Right Chest",
        "short_name": "Boulders",
        "access_rules": [
          "@Spirit Temple/Early Adult,bow",
          "@Spirit Temple/Early Adult,hookshot",
          "@Spirit Temple/Early Adult,$has_bombchus",
          "@Spirit Temple/Early Adult,[bow],bombs" //TODO: trick logic_spirit_lower_adult_switch
        ],
        "chest_unopened_img": "images/chest_brown_small_key.png",
        "item_count": 1
      },
      {
        "name": "GS99 - Boulder Room",
        "short_name": "Boulders",
        "access_rules": [
          "@Spirit Temple/Early Adult Right Chest,ocarina,time",
          "{@Spirit Temple/Early Adult Right Chest}"
        ],
        "visibility_rules": [
          "setting_tokens_dungeons"
        ],
        "capture_item": true,
        "chest_unopened_img": "images/skulltula.png",
        "chest_opened_img": "images/skulltula_token.png",
        "item_count": 1
      },
      {
        "name": "First Mirror Chests",
        "short_name": "Mirror",
        "access_rules": [
          "@Spirit Temple/Early Adult,spirit_small_keys:1,[spirit_small_keys:3]"
        ],
        "item_count": 2
      },
      {
        "name": "Statue Hand Chest",
        "short_name": "Statue Hand",
        "access_rules": [
          "@Spirit Temple/Central Chamber,[spirit_small_keys:3],$has_age|adult,lift2,ocarina,lullaby"
        ],
        "chest_unopened_img": "images/chest_brown_small_key.png",
        "item_count": 1
      },
      {
        "name": "NE Main Room Chest",
        "short_name": "Statue Ledge",
        "access_rules": [
          "@Spirit Temple/Statue Hand Chest,hookshot",
          "@Spirit Temple/Statue Hand Chest,hoverboots"
        ],
        "item_count": 1
      },
      {
        "name": "Near Four Armos Chest",
        "short_name": "Near Armos",
        "access_rules": [
          "@Spirit Temple/Beyond Central Locked Door,$has_explosives,shield3"
        ],
        "chest_unopened_img": "images/chest_brown_small_key.png",
        "item_count": 1
      },
      {
        "name": "Hallway Invisible Chests",
        "short_name": "Invisible Hallway",
        "access_rules": [
          "@Spirit Temple/Beyond Central Locked Door,$has_explosives,$can_see_with_lens"
        ],
        "item_count": 2
      },
      {
        "name": "Mirror Shield Chest",
        "short_name": "Left Hand",
        "access_rules": [
          "@Spirit Temple/Outdoor Hands,spirit_small_keys:2,[spirit_small_keys:4],$has_age|adult,lift2,$has_explosives",
          "{$hintable}"
        ],
        "capture_item": true,
        "item_count": 1
      },
      {
        "name": "Boss Key Chest",
        "short_name": "Boss Key",
        "access_rules": [
          "@Spirit Temple/Beyond Final Locked Door,ocarina,lullaby,[bow],[hookshot]"
        ],
        "chest_unopened_img": "images/chest_golden_closed.png",
        "chest_opened_img": "images/chest_golden_open.png",
        "item_count": 1
      },
      {
        "name": "Topmost Chest",
        "short_name": "Topmost Sun",
        "access_rules": [
          "@Spirit Temple/Beyond Final Locked Door,shield3"
        ],
        "item_count": 1
      },
      {
        "name": "Twinrova",
        "access_rules": [
          "@Spirit Temple/Beyond Final Locked Door,shield3,$has_explosives,hookshot,spirit_boss_key"
        ],
        "hosted_item": "spirit",
        "chest_unopened_img": "images/HC.png",
        "chest_opened_img": "images/HC_grey.png",
        "item_count": 1
      }
    ],
    "map_locations": [
      {
        "map": "child",
        "force_invisibility_rules": [
          "spirit_mq"
        ],
        "size": 50,
        "x": 115,
        "y": 300
      },
      {
        "map": "adult",
        "force_invisibility_rules": [
          "spirit_mq"
        ],
        "size": 50,
        "x": 115,
        "y": 300
      }
    ]
  },
  {
    "name": "Bottom of the Well",
    "parent": "Kakariko Village",
    "access_rules": [
      "botw_reg,$has_age|child,ocarina,storm,$can_child_attack",
      "botw_reg,$has_age|child,ocarina,storm,nuts"
    ],
    "sections": [
      {
        "name": "Front Left Hidden Wall",
        "short_name": "Front Hidden",
        "access_rules": [
          "$can_see_with_lens"
        ],
        "chest_unopened_img": "images/chest_brown_small_key.png",
        "item_count": 1
      },
      {
        "name": "Right Bottom Hidden Wall",
        "short_name": "Right Hidden",
        "access_rules": [
          "$can_see_with_lens"
        ],
        "chest_unopened_img": "images/chest_brown_small_key.png",
        "item_count": 1
      },
      {
        "name": "Center Large Chest",
        "short_name": "Center Large",
        "access_rules": [
          "$can_see_with_lens"
        ],
        "chest_unopened_img": "images/chest_brown_compass.png",
        "item_count": 1
      },
      {
        "name": "Center Small Chest",
        "short_name": "Center Small",
        "access_rules": [
          "$can_see_with_lens"
        ],
        "item_count": 1
      },
      {
        "name": "GS79 - West Inner Room",
        "short_name": "West Inner",
        "access_rules": [
          "botw_small_keys:1,[botw_small_keys:3],boomerang",
          "{botw_small_keys:1,sling}",
          "{botw_small_keys:1,$has_explosives}"
        ],
        "visibility_rules": [
          "setting_tokens_dungeons"
        ],
        "capture_item": true,
        "chest_unopened_img": "images/skulltula.png",
        "chest_opened_img": "images/skulltula_token.png",
        "item_count": 1
      },
      {
        "name": "GS80 - East Inner Room",
        "short_name": "East Inner",
        "access_rules": [
          "botw_small_keys:1,[botw_small_keys:3],boomerang,$can_see_with_lens",
          "{botw_small_keys:1,sling,$can_see_with_lens}",
          "{botw_small_keys:1,$has_explosives,$can_see_with_lens}"
        ],
        "visibility_rules": [
          "setting_tokens_dungeons"
        ],
        "capture_item": true,
        "chest_unopened_img": "images/skulltula.png",
        "chest_opened_img": "images/skulltula_token.png",
        "item_count": 1
      },
      {
        "name": "Locked Pits",
        "access_rules": [
          "botw_small_keys:1,[botw_small_keys:3],$can_see_with_lens"
        ],
        "item_count": 1
      },
      {
        "name": "Behind Right Grate",
        "short_name": "Like Like",
        "access_rules": [
          "@Bottom of the Well/Locked Pits"
        ],
        "item_count": 1
      },
      {
        "name": "GS78 - Like Like Cage",
        "short_name": "Like Like",
        "access_rules": [
          "@Bottom of the Well/Behind Right Grate,boomerang",
          "@Bottom of the Well/Behind Right Grate,[logic_botw_cage_gs],$can_child_attack"
        ],
        "visibility_rules": [
          "setting_tokens_dungeons"
        ],
        "capture_item": true,
        "chest_unopened_img": "images/skulltula.png",
        "chest_opened_img": "images/skulltula_token.png",
        "item_count": 1
      },
      {
        "name": "Freestanding Key",
        "short_name": "Coffin Key",
        "chest_unopened_img": "images/small_key.png",
        "chest_opened_img": "images/small_key_check.png",
        "item_count": 1
      },
      {
        "name": "Front Center Bombable",
        "short_name": "Front Bombable",
        "access_rules": [
          "$has_explosives"
        ],
        "item_count": 1
      },
      {
        "name": "Back Left Bombable",
        "short_name": "Back Bombable",
        "access_rules": [
          "$has_explosives"
        ],
        "item_count": 1
      },
      {
        "name": "Basement Chest",
        "short_name": "Basement",
        "access_rules": [
          "$has_explosives",
          "lift1,botw_small_keys:1,[botw_small_keys:3],$can_see_with_lens",
          "lift1,dinsfire,magic",
          "lift1,sticks,[logic_botw_basement]"
        ],
        "chest_unopened_img": "images/chest_brown_map.png",
        "item_count": 1
      },
      {
        "name": "Underwater Front Chest",
        "short_name": "Underwater Front",
        "access_rules": [
          "ocarina,lullaby"
        ],
        "item_count": 1
      },
      {
        "name": "Underwater Left Chest",
        "short_name": "Underwater Left",
        "access_rules": [
          "ocarina,lullaby"
        ],
        "item_count": 1
      },
      {
        "name": "Defeat Boss",
        "short_name": "Dead Hand",
        "access_rules": [
          "ocarina,lullaby,sword1",
          "ocarina,lullaby,sticks,[logic_child_deadhand]"
        ],
        "capture_item": true,
        "item_count": 1
      },
      {
        "name": "Invisible Chest",
        "access_rules": [
          "ocarina,lullaby,$can_see_with_lens"
        ],
        "item_count": 1
      }
    ],
    "map_locations": [
      {
        "map": "child",
        "force_invisibility_rules": [
          "botw_mq"
        ],
        "size": 50,
        "x": 1890,
        "y": 385
      }
    ]
  },
  {
    "name": "Ganons Castle",
    "parent": "Ganons Castle Grounds",
    "access_rules": [
      "gc_reg,$has_age|adult,setting_bridge_open",
      "gc_reg,$has_age|adult,setting_bridge_vanilla,lacs_meds:2,lightarrow",
      "gc_reg,$has_age|adult,setting_bridge_stones,stones:3",
      "gc_reg,$has_age|adult,setting_bridge_medallions,forestmed,noct_meds:2,lacs_meds:2,lightmed",
      "gc_reg,$has_age|adult,setting_bridge_dungeons,forestmed,noct_meds:2,lacs_meds:2,lightmed,stones:3",
      "gc_reg,$has_age|adult,setting_bridge_100gs,token:100"
    ],
    "sections": [
      {
        "name": "Forest Trial Chest",
        "short_name": "Forest Trial",
        "item_count": 1
      },
      {
        "name": "Forest Trial Clear",
        "short_name": "Forest Trial",
        "access_rules": [
          "$can_LA,$has_fire"
        ],
        "visibility_rules": [
          "setting_trials:1"
        ],
        "hosted_item": "trial_forest"
      },
      {
        "name": "Water Trial Chests",
        "short_name": "Water Trial",
        "item_count": 2
      },
      {
        "name": "Water Trial Clear",
        "short_name": "Water Trial",
        "access_rules": [
          "$has_bottle,hammer,$can_LA"
        ],
        "visibility_rules": [
          "setting_trials:1"
        ],
        "hosted_item": "trial_water"
      },
      {
        "name": "Shadow Trial First Chest",
        "short_name": "Shadow Trial 1",
        "access_rules": [
          "hookshot",
          "hoverboots",
          "ocarina,time",
          "magic,bow,firearrow"
        ],
        "item_count": 1
      },
      {
        "name": "Shadow Trial Second Chest",
        "short_name": "Shadow Trial 2",
        "access_rules": [
          "longshot,hoverboots",
          "longshot,magic,dinsfire",
          "magic,bow,firearrow"
        ],
        "item_count": 1
      },
      {
        "name": "Shadow Trial Clear",
        "short_name": "Shadow Trial",
        "access_rules": [
          "$can_LA,hammer,firearrow,$can_see_with_lens",
          "$can_LA,hammer,longshot,hoverboots",
          "$can_LA,hammer,longshot,dinsfire,$can_see_with_lens"
        ],
        "visibility_rules": [
          "setting_trials:1"
        ],
        "hosted_item": "trial_shadow"
      },
      {
        "name": "Fire Trial Clear",
        "short_name": "Fire Trial",
        "access_rules": [
          "$FTR_or_goron,lift3,$can_LA,longshot"
        ],
        "visibility_rules": [
          "setting_trials:1"
        ],
        "hosted_item": "trial_fire"
      },
      {
        "name": "Light Trial Chests",
        "short_name": "Light Trial Front",
        "access_rules": [
          "lift3"
        ],
        "item_count": 6
      },
      {
        "name": "Light Trial Invisible Enemies Chest",
        "short_name": "Light Trial Enemies",
        "access_rules": [
          "lift3,$can_see_with_lens"
        ],
        "chest_unopened_img": "images/chest_brown_small_key.png",
        "item_count": 1
      },
      {
        "name": "Light Trial Lullaby Chest",
        "short_name": "Light Trial Lullaby",
        "access_rules": [
          "lift3,gc_small_keys:1,ocarina,lullaby"
        ],
        "chest_unopened_img": "images/chest_brown_small_key.png",
        "item_count": 1
      },
      {
        "name": "Light Trial Clear",
        "short_name": "Light Trial",
        "access_rules": [
          "lift3,$can_LA,hookshot,gc_small_keys:2,$can_see_with_lens"
        ],
        "visibility_rules": [
          "setting_trials:1"
        ],
        "hosted_item": "trial_light"
      },
      {
        "name": "Spirit Trial First Chest",
        "short_name": "Spirit Trial 1",
        "access_rules": [
          "[hookshot]"
        ],
        "item_count": 1
      },
      {
        "name": "Spirit Trial Second Chest",
        "short_name": "Spirit Trial 2",
        "access_rules": [
          "[hookshot],$has_bombchus,$can_see_with_lens"
        ],
        "item_count": 1
      },
      {
        "name": "Spirit Trial Clear",
        "short_name": "Spirit Trial",
        "access_rules": [
          "$can_LA,shield3,$has_bombchus,[hookshot]"
        ],
        "visibility_rules": [
          "setting_trials:1"
        ],
        "hosted_item": "trial_spirit"
      },
      {
        "name": "Deku Scrubs",
        "access_rules": [
          "$can_see_with_lens"
        ],
        "visibility_rules": [
          "setting_scrub_shuffle_yes"
        ],
        "chest_unopened_img": "images/deku_scrub.png",
        "chest_opened_img": "images/deku_scrub_grey.png",
        "clear_as_group": false,
        "item_count": 4
      },
      {
        "name": "Castle Tower",
        "access_rules": [
          "$trials_barrier_dispelled"
        ],
        "chest_unopened_img": "images/chest_golden_closed.png",
        "chest_opened_img": "images/chest_golden_open.png",
        "item_count": 1
      }
    ],
    "map_locations": [
      {
        "map": "adult",
        "force_invisibility_rules": [
          "gc_mq"
        ],
        "size": 50,
        "x": 1435,
        "y": 205
      }
    ]
  },
  {
    "name": "Carpenter Rescue",
    "parent": "Gerudo Fortress",
    "sections": [
      {
        "name": "North F1 Carpenter",
        "access_rules": [
          "$has_age|adult"
        ],
        "chest_unopened_img": "images/chest_brown_small_key.png",
        "item_count": 1
      },
      {
        "name": "North F2 Carpenter",
        "access_rules": [
          "$has_age|adult,$gerudo_card",
          "$has_age|adult,bow",
          "$has_age|adult,hookshot",
          "$has_age|adult,hoverboots",
          "$has_age|adult,[logic_gerudo_kitchen]"
        ],
        "visibility_rules": [
          "gerudo_fortress_normal"
        ],
        "chest_unopened_img": "images/chest_brown_small_key.png",
        "item_count": 1
      },
      {
        "name": "South F1 Carpenter",
        "access_rules": [
          "$has_age|adult"
        ],
        "visibility_rules": [
          "gerudo_fortress_normal"
        ],
        "chest_unopened_img": "images/chest_brown_small_key.png",
        "item_count": 1
      },
      {
        "name": "South F2 Carpenter",
        "access_rules": [
          "$has_age|adult"
        ],
        "visibility_rules": [
          "gerudo_fortress_normal"
        ],
        "chest_unopened_img": "images/chest_brown_small_key.png",
        "item_count": 1
      },
      {
        "name": "Free the carpenters",
        "access_rules": [
          "gerudo_fortress_normal,gf_small_keys:4,$has_age|adult,$gerudo_card",
          "gerudo_fortress_normal,gf_small_keys:4,$has_age|adult,bow",
          "gerudo_fortress_normal,gf_small_keys:4,$has_age|adult,hookshot",
          "gerudo_fortress_normal,gf_small_keys:4,$has_age|adult,hoverboots",
          "gerudo_fortress_normal,gf_small_keys:4,$has_age|adult,[logic_gerudo_kitchen]",
          "gerudo_fortress_fast,gf_small_keys:1"
        ],
        "capture_item": true,
        "item_count": 1
      }
    ],
    "map_locations": [
      {
        "map": "adult",
        "force_invisibility_rules": [
          "gerudo_fortress_open"
        ],
        "x": 503,
        "y": 392
      }
    ]
  },
  {
    "name": "Gerudo Training Grounds",
    "parent": "Gerudo Fortress",
    "access_rules": [
      "gtg_reg,$has_age|adult,$gerudo_card"
    ],
    "sections": [
      {
        "name": "Lobby",
        "visibility_rules": [
          "hidden_region"
        ],
        "item_count": 1
      },
      {
        "name": "Central Maze",
        "access_rules": [
          "@Gerudo Training Grounds/Lobby"
        ],
        "visibility_rules": [
          "hidden_region"
        ],
        "item_count": 1
      },
      {
        "name": "Heavy Block Room",
        "access_rules": [
          "@Gerudo Training Grounds/Lobby,$has_age|adult,[hookshot]"
        ],
        "visibility_rules": [
          "hidden_region"
        ],
        "item_count": 1
      },
      {
        "name": "Eye Statue Upper",
        "access_rules": [
          "@Gerudo Training Grounds/Heavy Block Room,$has_age|adult,$can_see_with_lens,hookshot",
          "@Gerudo Training Grounds/Heavy Block Room,$has_age|adult,$can_see_with_lens,[hookshot],hoverboots",
          "@Gerudo Training Grounds/Heavy Block Room,$has_age|adult,$can_see_with_lens,[hookshot],bombs,shield2",
          "@Gerudo Training Grounds/Heavy Block Room,$has_age|adult,$can_see_with_lens,[hookshot],bombs,shield3"
        ],
        "visibility_rules": [
          "hidden_region"
        ],
        "item_count": 1
      },
      {
        "name": "Like Like Room",
        "access_rules": [
          "@Gerudo Training Grounds/Eye Statue Upper,lift2"
        ],
        "visibility_rules": [
          "hidden_region"
        ],
        "item_count": 1
      },
      {
        "name": "Lava Room",
        "access_rules": [
          "@Gerudo Training Grounds/Lobby,$has_age|adult,$has_explosives",
          "@Gerudo Training Grounds/Central Maze,gtg_small_keys:2,[gtg_small_keys:9]",
          "@Gerudo Training Grounds/Eye Statue Upper"
        ],
        "visibility_rules": [
          "hidden_region"
        ],
        "item_count": 1
      },
      {
        "name": "Central Maze Right",
        "access_rules": [
          "@Gerudo Training Grounds/Central Maze,gtg_small_keys:2,[gtg_small_keys:9]",
          "@Gerudo Training Grounds/Lava Room,ocarina,time"
        ],
        "visibility_rules": [
          "hidden_region"
        ],
        "item_count": 1
      },
      {
        "name": "Hammer Room",
        "access_rules": [
          "@Gerudo Training Grounds/Central Maze Right,$has_age|adult,hookshot",
          "@Gerudo Training Grounds/Lava Room,$has_age|adult,longshot",
          "@Gerudo Training Grounds/Lava Room,$has_age|adult,hookshot,hoverboots",
          "@Gerudo Training Grounds/Eye Statue Upper"
        ],
        "visibility_rules": [
          "hidden_region"
        ],
        "item_count": 1
      },
      {
        "name": "Eye Statue Lower",
        "access_rules": [
          "@Gerudo Training Grounds/Hammer Room,$has_age|adult,hammer,bow",
          "@Gerudo Training Grounds/Eye Statue Upper"
        ],
        "visibility_rules": [
          "hidden_region"
        ],
        "item_count": 1
      },
      {
        "name": "Lobby Chests",
        "short_name": "Lobby",
        "access_rules": [
          "@Gerudo Training Grounds/Lobby,$has_age|adult,bow"
        ],
        "item_count": 2
      },
      {
        "name": "Beamos Chest",
        "short_name": "Beamos",
        "access_rules": [
          "@Gerudo Training Grounds/Lobby,$has_age|adult,$has_explosives"
        ],
        "chest_unopened_img": "images/chest_brown_small_key.png",
        "item_count": 1
      },
      {
        "name": "Stalfos Chest",
        "short_name": "Stalfos",
        "access_rules": [
          "@Gerudo Training Grounds/Lobby,$has_age|adult"
        ],
        "chest_unopened_img": "images/chest_brown_small_key.png",
        "item_count": 1
      },
      {
        "name": "Before Heavy Block Chest",
        "short_name": "Wolfos",
        "access_rules": [
          "@Gerudo Training Grounds/Heavy Block Room"
        ],
        "item_count": 1
      },
      {
        "name": "Heavy Block Chests",
        "short_name": "Like Like",
        "access_rules": [
          "@Gerudo Training Grounds/Like Like Room"
        ],
        "chest_unopened_img": "images/chest_brown_small_key.png",
        "item_count": 4
      },
      {
        "name": "Eye Statue Chest",
        "short_name": "Eye Statue",
        "access_rules": [
          "@Gerudo Training Grounds/Eye Statue Lower,$has_age|adult,bow"
        ],
        "chest_unopened_img": "images/chest_brown_small_key.png",
        "item_count": 1
      },
      {
        "name": "Near Scarecrow Chest",
        "short_name": "Near Scarecrow",
        "access_rules": [
          "@Gerudo Training Grounds/Eye Statue Upper,$has_age|adult,bow"
        ],
        "chest_unopened_img": "images/chest_brown_small_key.png",
        "item_count": 1
      },
      {
        "name": "Hammer Room Clear Chest",
        "short_name": "Flaming Enemies",
        "access_rules": [
          "@Gerudo Training Grounds/Hammer Room"
        ],
        "item_count": 1
      },
      {
        "name": "Hammer Room Switch Chest",
        "short_name": "Hammer Switch",
        "access_rules": [
          "@Gerudo Training Grounds/Hammer Room,$has_age|adult,[hammer]"
        ],
        "chest_unopened_img": "images/chest_brown_small_key.png",
        "item_count": 1
      },
      {
        "name": "Freestanding Key",
        "short_name": "Ledge Key",
        "access_rules": [
          "@Gerudo Training Grounds/Central Maze Right"
        ],
        "capture_item": true,
        "chest_unopened_img": "images/small_key.png",
        "chest_opened_img": "images/small_key_check.png",
        "item_count": 1
      },
      {
        "name": "Maze Right Chests",
        "short_name": "Maze Right",
        "access_rules": [
          "@Gerudo Training Grounds/Central Maze Right"
        ],
        "item_count": 2
      },
      {
        "name": "Underwater Silver Rupee Chest",
        "short_name": "Toilet",
        "access_rules": [
          "@Gerudo Training Grounds/Lava Room,$has_age|adult,hookshot,ocarina,time,ironboots,$FTR_or_zora",
          "{$hintable}"
        ],
        "capture_item": true,
        "chest_unopened_img": "images/chest_brown_small_key.png",
        "item_count": 1
      },
      {
        "name": "Hidden Ceiling Chest",
        "short_name": "Hidden Ceiling",
        "access_rules": [
          "@Gerudo Training Grounds/Central Maze,gtg_small_keys:1,[gtg_small_keys:3],$can_see_with_lens"
        ],
        "chest_unopened_img": "images/chest_brown_small_key.png",
        "item_count": 1
      },
      {
        "name": "Maze Path First Chest",
        "short_name": "Maze 1",
        "access_rules": [
          "@Gerudo Training Grounds/Central Maze,gtg_small_keys:2,[gtg_small_keys:4]"
        ],
        "item_count": 1
      },
      {
        "name": "Maze Path Second Chest",
        "short_name": "Maze 2",
        "access_rules": [
          "@Gerudo Training Grounds/Central Maze,gtg_small_keys:4,[gtg_small_keys:6]"
        ],
        "item_count": 1
      },
      {
        "name": "Maze Path Third Chest",
        "short_name": "Maze 3",
        "access_rules": [
          "@Gerudo Training Grounds/Central Maze,gtg_small_keys:5,[gtg_small_keys:7]"
        ],
        "item_count": 1
      },
      {
        "name": "Maze Path Final Chest",
        "short_name": "Ice Arrows",
        "access_rules": [
          "@Gerudo Training Grounds/Central Maze,gtg_small_keys:7,[gtg_small_keys:9]",
          "{$hintable}"
        ],
        "capture_item": true,
        "item_count": 1
      }
    ],
    "map_locations": [
      {
        "map": "adult",
        "force_invisibility_rules": [
          "gtg_mq"
        ],
        "size": 50,
        "x": 470,
        "y": 445
      }
    ]
  }
]