[
  {
    "name": "Deku Tree MQ",
    "parent": "Kokiri Forest",
    "access_rules": [
      "deku_mq,$has_age|child,setting_forest_open",
      "deku_mq,$has_age|child,sword1,shield1"
    ],
    "sections": [
      {
        "name": "Compass Room",
        "access_rules": [
          "sling,sticks",
          "sling,dinsfire,magic"
        ],
        "visibility_rules": [
          "hidden_region"
        ],
        "item_count": 1
      },
      {
        "name": "Basement Back Room",
        "access_rules": [
          "sling,sticks",
          "sling,dinsfire,magic",
          "[logic_deku_b1_skip]"
        ],
        "visibility_rules": [
          "hidden_region"
        ],
        "item_count": 1
      },
      {
        "name": "Basement Water Room",
        "access_rules": [
          "sling,sticks",
          "sling,dinsfire,magic",
          "@Deku Tree MQ/Basement Back Room,sword1",
          "@Deku Tree MQ/Basement Back Room,$has_projectile|child",
          "@Deku Tree MQ/Basement Back Room,nuts,sticks"
        ],
        "visibility_rules": [
          "hidden_region"
        ],
        "item_count": 1
      },
      {
        "name": "Basement Ledge",
        "access_rules": [
          "@Deku Tree MQ/Basement Back Room"
        ],
        "visibility_rules": [
          "hidden_region"
        ],
        "item_count": 1
      },
      {
        "name": "Map Chest",
        "short_name": "Map",
        "chest_unopened_img": "images/chest_brown_map.png",
        "item_count": 1
      },
      {
        "name": "GS Lobby",
        "short_name": "Lobby",
        "access_rules": [
          "$can_child_attack"
        ],
        "visibility_rules": [
          "setting_tokens_dungeons"
        ],
        "chest_unopened_img": "images/skulltula.png",
        "chest_opened_img": "images/skulltula_token.png",
        "item_count": 1
      },
      {
        "name": "Slingshot Chest",
        "short_name": "Slingshot",
        "access_rules": [
          "$can_child_attack"
        ],
        "item_count": 1
      },
      {
        "name": "Slingshot Room Back Chest",
        "short_name": "Slingshot Back",
        "access_rules": [
          "sticks",
          "dinsfire,magic"
        ],
        "item_count": 1
      },
      {
        "name": "Compass Chest",
        "short_name": "Compass",
        "access_rules": [
          "@Deku Tree MQ/Compass Room"
        ],
        "chest_unopened_img": "images/chest_brown_compass.png",
        "item_count": 1
      },
      {
        "name": "GS Compass Room",
        "short_name": "Compass",
        "access_rules": [
          "@Deku Tree MQ/Compass Room,boomerang,bombs,ocarina,time",
          "@Deku Tree MQ/Compass Room,boomerang,$has_bombchus",
          "{@Deku Tree MQ/Compass Room,bombs,ocarina,time}",
          "{@Deku Tree MQ/Compass Room,$has_bombchus}"
        ],
        "visibility_rules": [
          "setting_tokens_dungeons"
        ],
        "capture_item": true,
        "chest_unopened_img": "images/skulltula.png",
        "chest_opened_img": "images/skulltula_token.png",
        "item_count": 1
      },
      {
        "name": "Basement Chest",
        "short_name": "Basement",
        "access_rules": [
          "sticks",
          "dinsfire,magic"
        ],
        "item_count": 1
      },
      {
        "name": "Before Spinning Log Chest",
        "short_name": "Before Log",
        "access_rules": [
          "@Deku Tree MQ/Basement Water Room"
        ],
        "item_count": 1
      },
      {
        "name": "After Spinning Log Chest",
        "short_name": "After Log",
        "access_rules": [
          "@Deku Tree MQ/Basement Water Room,ocarina,time",
          "{$hintable}"
        ],
        "capture_item": true,
        "item_count": 1
      },
      {
        "name": "GS Basement Graves Room",
        "short_name": "Ceiling",
        "access_rules": [
          "@Deku Tree MQ/Basement Back Room,boomerang,ocarina,time",
          "{@Deku Tree MQ/Basement Back Room,sling}",
          "{$hintable}"
        ],
        "visibility_rules": [
          "setting_tokens_dungeons"
        ],
        "capture_item": true,
        "chest_unopened_img": "images/skulltula.png",
        "chest_opened_img": "images/skulltula_token.png",
        "item_count": 1
      },
      {
        "name": "GS Basement Back Room",
        "short_name": "Back Room",
        "access_rules": [
          "@Deku Tree MQ/Basement Back Room,sticks,boomerang",
          "@Deku Tree MQ/Basement Back Room,dinsfire,magic,boomerang",
          "{@Deku Tree MQ/Basement Back Room,sticks,sling}",
          "{@Deku Tree MQ/Basement Back Room,dinsfire,magic,sling}"
        ],
        "visibility_rules": [
          "setting_tokens_dungeons"
        ],
        "capture_item": true,
        "chest_unopened_img": "images/skulltula.png",
        "chest_opened_img": "images/skulltula_token.png",
        "item_count": 1
      },
      {
        "name": "Deku Scrub",
        "access_rules": [
          "@Deku Tree MQ/Basement Ledge,nuts",
          "@Deku Tree MQ/Basement Ledge,shield1",
          "@Deku Tree MQ/Basement Ledge,$can_child_attack"
        ],
        "visibility_rules": [
          "setting_scrub_shuffle_yes"
        ],
        "chest_unopened_img": "images/deku_scrub.png",
        "chest_opened_img": "images/deku_scrub_grey.png",
        "item_count": 1
      },
      {
        "name": "Queen Gohma",
        "access_rules": [
          "@Deku Tree MQ/Basement Ledge,sticks,shield1",
          "@Deku Tree MQ/Basement Ledge,dinsfire,magic,sword1,shield1"
        ],
        "hosted_item": "deku",
        "chest_unopened_img": "images/HC.png",
        "chest_opened_img": "images/HC_grey.png",
        "item_count": 1
      }
    ],
    "map_locations": [
      {
        "map": "child",
        "force_invisibility_rules": [
          "deku_reg"
        ],
        "size": 50,
        "x": 2426,
        "y": 885
      }
    ]
  },
  {
    "name": "Dodongos Cavern MQ",
    "parent": "Death Mountain",
    "access_rules": [
      "dodongo_mq,$has_age|adult",
      "dodongo_mq,$has_explosives",
      "dodongo_mq,$child_death_mountain,lift1"
    ],
    "sections": [
      {
        "name": "Lobby",
        "access_rules": [
          "$can_blast",
          "lift1"
        ],
        "visibility_rules": [
          "hidden_region"
        ],
        "item_count": 1
      },
      {
        "name": "Lower Right Side",
        "access_rules": [
          "@Dodongos Cavern MQ/Lobby,$can_blast",
          "@Dodongos Cavern MQ/Lobby,$has_age|child,sticks,$damage_single_instance_ohko",
          "@Dodongos Cavern MQ/Lobby,dinsfire,magic,$damage_single_instance_ohko"
        ],
        "visibility_rules": [
          "hidden_region"
        ],
        "item_count": 1
      },
      {
        "name": "Bomb Bag Area",
        "access_rules": [
          "@Dodongos Cavern MQ/Lobby,$has_age|adult",
          "@Dodongos Cavern MQ/Lobby,$has_age|child,[logic_dc_mq_child_bombs],sword1,$damage_single_instance_ohko",
          "@Dodongos Cavern MQ/Lobby,$has_age|child,[logic_dc_mq_child_bombs],sticks,$damage_single_instance_ohko",
          "@Dodongos Cavern MQ/Lower Right Side,$has_age|child,sling,$has_age|adult,bow",
          "@Dodongos Cavern MQ/Lower Right Side,$has_age|child,sling,lift1",
          "@Dodongos Cavern MQ/Lower Right Side,$has_age|child,sling,dinsfire,magic",
          "@Dodongos Cavern MQ/Lower Right Side,$has_age|child,sling,$has_explosives"
        ],
        "visibility_rules": [
          "hidden_region"
        ],
        "item_count": 1
      },
      {
        "name": "Boss Area",
        "access_rules": [
          "@Dodongos Cavern MQ/Lobby,$has_explosives"
        ],
        "visibility_rules": [
          "hidden_region"
        ],
        "item_count": 1
      },
      {
        "name": "Map Chest",
        "short_name": "Map",
        "access_rules": [
          "@Dodongos Cavern MQ/Lobby"
        ],
        "chest_unopened_img": "images/chest_brown_map.png",
        "item_count": 1
      },
      {
        "name": "Bomb Bag Chest",
        "short_name": "Bomb Bag",
        "access_rules": [
          "@Dodongos Cavern MQ/Bomb Bag Area"
        ],
        "item_count": 1
      },
      {
        "name": "GS Scrub Room",
        "short_name": "Scrub",
        "access_rules": [
          "@Dodongos Cavern MQ/Bomb Bag Area,$has_age|child,sling,boomerang,lift1",
          "@Dodongos Cavern MQ/Bomb Bag Area,$has_age|child,sling,boomerang,dinsfire,magic",
          "@Dodongos Cavern MQ/Bomb Bag Area,$has_age|child,sling,boomerang,$has_explosives",
          "@Dodongos Cavern MQ/Bomb Bag Area,$has_age|child,[sling],sticks,boomerang,lift1",
          "@Dodongos Cavern MQ/Bomb Bag Area,$has_age|child,[sling],sticks,boomerang,dinsfire,magic",
          "@Dodongos Cavern MQ/Bomb Bag Area,$has_age|child,[sling],sticks,boomerang,$has_explosives",
          "@Dodongos Cavern MQ/Bomb Bag Area,$has_age|child,[sling],sword1,boomerang,lift1",
          "@Dodongos Cavern MQ/Bomb Bag Area,$has_age|child,[sling],sword1,boomerang,dinsfire,magic",
          "@Dodongos Cavern MQ/Bomb Bag Area,$has_age|child,[sling],sword1,boomerang,$has_explosives",
          "@Dodongos Cavern MQ/Bomb Bag Area,$has_age|adult,hookshot,bow",
          "@Dodongos Cavern MQ/Bomb Bag Area,$has_age|adult,hookshot,lift1",
          "@Dodongos Cavern MQ/Bomb Bag Area,$has_age|adult,hookshot,dinsfire,magic",
          "@Dodongos Cavern MQ/Bomb Bag Area,$has_age|adult,hookshot,$has_explosives"
        ],
        "visibility_rules": [
          "setting_tokens_dungeons"
        ],
        "chest_unopened_img": "images/skulltula.png",
        "chest_opened_img": "images/skulltula_token.png",
        "item_count": 1
      },
      {
        "name": "Deku Scrub Side Room Near Lower Lizalfos",
        "short_name": "East Side",
        "access_rules": [
          "@Dodongos Cavern MQ/Lower Right Side,$can_stun_deku"
        ],
        "visibility_rules": [
          "setting_scrub_shuffle_yes"
        ],
        "chest_unopened_img": "images/deku_scrub.png",
        "chest_opened_img": "images/deku_scrub_grey.png",
        "item_count": 1
      },
      {
        "name": "Torch Puzzle Room Chest",
        "short_name": "Platform",
        "access_rules": [
          "@Dodongos Cavern MQ/Lobby,$can_blast",
          "@Dodongos Cavern MQ/Lobby,$has_age|child,sticks",
          "@Dodongos Cavern MQ/Lobby,dinsfire,magic",
          "@Dodongos Cavern MQ/Lobby,$has_age|adult,[logic_dc_jump]",
          "@Dodongos Cavern MQ/Lobby,$has_age|adult,hoverboots",
          "@Dodongos Cavern MQ/Lobby,$has_age|adult,hookshot"
        ],
        "item_count": 1
      },
      {
        "name": "GS Lizalfos Room",
        "short_name": "Lizalfos",
        "access_rules": [
          "@Dodongos Cavern MQ/Lobby,$can_blast"
        ],
        "visibility_rules": [
          "setting_tokens_dungeons"
        ],
        "chest_unopened_img": "images/skulltula.png",
        "chest_opened_img": "images/skulltula_token.png",
        "item_count": 1
      },
      {
        "name": "Larvae Room Chest",
        "short_name": "Larvae",
        "access_rules": [
          "@Dodongos Cavern MQ/Lobby,$has_fire",
          "@Dodongos Cavern MQ/Lobby,$has_age|child,sticks,$has_explosives",
          "@Dodongos Cavern MQ/Lobby,$has_age|child,sticks,lift1"
        ],
        "item_count": 1
      },
      {
        "name": "GS Larvae Room",
        "short_name": "Larvae",
        "access_rules": [
          "@Dodongos Cavern MQ/Larvae Room Chest"
        ],
        "visibility_rules": [
          "setting_tokens_dungeons"
        ],
        "chest_unopened_img": "images/skulltula.png",
        "chest_opened_img": "images/skulltula_token.png",
        "item_count": 1
      },
      {
        "name": "Compass Chest",
        "short_name": "Compass",
        "access_rules": [
          "@Dodongos Cavern MQ/Lobby,$has_age|adult",
          "@Dodongos Cavern MQ/Lobby,$can_child_attack",
          "@Dodongos Cavern MQ/Lobby,nuts"
        ],
        "chest_unopened_img": "images/chest_brown_compass.png",
        "item_count": 1
      },
      {
        "name": "Deku Scrub Staircase",
        "short_name": "Above Stairs",
        "access_rules": [
          "@Dodongos Cavern MQ/Lobby,$can_stun_deku"
        ],
        "visibility_rules": [
          "setting_scrub_shuffle_yes"
        ],
        "chest_unopened_img": "images/deku_scrub.png",
        "chest_opened_img": "images/deku_scrub_grey.png",
        "item_count": 1
      },
      {
        "name": "GS Song of Time Block Room",
        "short_name": "Song of Time",
        "access_rules": [
          "@Dodongos Cavern MQ/Lobby,ocarina,time,$can_child_attack",
          "@Dodongos Cavern MQ/Lobby,ocarina,time,$has_age|adult"
        ],
        "visibility_rules": [
          "setting_tokens_dungeons"
        ],
        "chest_unopened_img": "images/skulltula.png",
        "chest_opened_img": "images/skulltula_token.png",
        "item_count": 1
      },
      {
        "name": "Deku Scrubs Lobby",
        "short_name": "Lobby",
        "access_rules": [
          "@Dodongos Cavern MQ/Lobby,$can_stun_deku"
        ],
        "visibility_rules": [
          "setting_scrub_shuffle_yes"
        ],
        "chest_unopened_img": "images/deku_scrub.png",
        "chest_opened_img": "images/deku_scrub_grey.png",
        "clear_as_group": false,
        "item_count": 2
      },
      {
        "name": "GS Back Area",
        "short_name": "Back Area",
        "access_rules": [
          "@Dodongos Cavern MQ/Boss Area"
        ],
        "visibility_rules": [
          "setting_tokens_dungeons"
        ],
        "chest_unopened_img": "images/skulltula.png",
        "chest_opened_img": "images/skulltula_token.png",
        "item_count": 1
      },
      {
        "name": "Under Grave Chest",
        "short_name": "Under Grave",
        "access_rules": [
          "@Dodongos Cavern MQ/Boss Area"
        ],
        "item_count": 1
      },
      {
        "name": "Boss Room Chest",
        "short_name": "Boss Room",
        "access_rules": [
          "@Dodongos Cavern MQ/Boss Area"
        ],
        "item_count": 1
      },
      {
        "name": "King Dodongo",
        "access_rules": [
          "@Dodongos Cavern MQ/Boss Area,lift1,$has_age|child,sticks",
          "@Dodongos Cavern MQ/Boss Area,lift1,$has_age|child,sword1",
          "@Dodongos Cavern MQ/Boss Area,lift1,$has_age|adult",
          "@Dodongos Cavern MQ/Boss Area,bombs,$has_age|child,sticks",
          "@Dodongos Cavern MQ/Boss Area,bombs,$has_age|child,sword1",
          "@Dodongos Cavern MQ/Boss Area,bombs,$has_age|adult",
          "@Dodongos Cavern MQ/Boss Area,bombchu,[bombs],$has_age|adult,shield2",
          "@Dodongos Cavern MQ/Boss Area,bombchu,[bombs],$has_age|adult,shield3"
        ],
        "hosted_item": "dodongo",
        "chest_unopened_img": "images/HC.png",
        "chest_opened_img": "images/HC_grey.png",
        "item_count": 1
      }
    ],
    "map_locations": [
      {
        "map": "child",
        "force_invisibility_rules": [
          "dodongo_reg"
        ],
        "size": 50,
        "x": 1625,
        "y": 240
      },
      {
        "map": "adult",
        "force_invisibility_rules": [
          "dodongo_reg"
        ],
        "size": 50,
        "x": 1625,
        "y": 240
      }
    ]
  },
  {
    "name": "Jabu Jabus Belly MQ",
    "parent": "Zoras Fountain",
    "access_rules": [
      "jabu_mq,$child_fountain,bottle"
    ],
    "sections": [
      {
        "name": "Main",
        "access_rules": [
          "sling"
        ],
        "visibility_rules": [
          "hidden_region"
        ],
        "item_count": 1
      },
      {
        "name": "Depths",
        "access_rules": [
          "@Jabu Jabus Belly MQ/Main,$has_explosives,boomerang"
        ],
        "visibility_rules": [
          "hidden_region"
        ],
        "item_count": 1
      },
      {
        "name": "Boss Area",
        "access_rules": [
          "@Jabu Jabus Belly MQ/Depths,sticks",
          "@Jabu Jabus Belly MQ/Depths,sword1,dinsfire,magic"
        ],
        "visibility_rules": [
          "hidden_region"
        ],
        "item_count": 1
      },
      {
        "name": "Map Chest",
        "short_name": "Map",
        "access_rules": [
          "$has_explosives"
        ],
        "chest_unopened_img": "images/chest_brown_map.png",
        "item_count": 1
      },
      {
        "name": "First Room Side Chest",
        "short_name": "First Room",
        "access_rules": [
          "sling"
        ],
        "item_count": 1
      },
      {
        "name": "Second Room Lower Chest",
        "short_name": "Second Room Lower",
        "access_rules": [
          "@Jabu Jabus Belly MQ/Main"
        ],
        "item_count": 1
      },
      {
        "name": "Compass Chest",
        "short_name": "Compass",
        "access_rules": [
          "@Jabu Jabus Belly MQ/Main"
        ],
        "chest_unopened_img": "images/chest_brown_compass.png",
        "item_count": 1
      },
      {
        "name": "Basement Chests",
        "short_name": "Basement",
        "access_rules": [
          "@Jabu Jabus Belly MQ/Main"
        ],
        "item_count": 2
      },
      {
        "name": "Boomerang Room Chests",
        "short_name": "Boomerang",
        "access_rules": [
          "@Jabu Jabus Belly MQ/Main"
        ],
        "item_count": 2
      },
      {
        "name": "GS Boomerang Chest Room",
        "short_name": "Boomerang",
        "access_rules": [
          "@Jabu Jabus Belly MQ/Main,ocarina,time",
          "@Jabu Jabus Belly MQ/Main,[logic_jabu_mq_sot_gs],boomerang"
        ],
        "visibility_rules": [
          "setting_tokens_dungeons"
        ],
        "chest_unopened_img": "images/skulltula.png",
        "chest_opened_img": "images/skulltula_token.png",
        "item_count": 1
      },
      {
        "name": "Falling Like Like Room Chest",
        "short_name": "Like Like",
        "access_rules": [
          "@Jabu Jabus Belly MQ/Depths"
        ],
        "item_count": 1
      },
      {
        "name": "GS Tailpasaran Room",
        "short_name": "Tailpasaran",
        "access_rules": [
          "@Jabu Jabus Belly MQ/Depths,sticks",
          "@Jabu Jabus Belly MQ/Depths,dinsfire,magic"
        ],
        "visibility_rules": [
          "setting_tokens_dungeons"
        ],
        "chest_unopened_img": "images/skulltula.png",
        "chest_opened_img": "images/skulltula_token.png",
        "item_count": 1
      },
      {
        "name": "GS Invisible Enemies Room",
        "short_name": "Invis Enemies",
        "access_rules": [
          "@Jabu Jabus Belly MQ/Depths,[logic_lens_jabu_mq]",
          "@Jabu Jabus Belly MQ/Depths,$can_use_lens",
          "{$hintable}"
        ],
        "visibility_rules": [
          "setting_tokens_dungeons"
        ],
        "capture_item": true,
        "chest_unopened_img": "images/skulltula.png",
        "chest_opened_img": "images/skulltula_token.png",
        "item_count": 1
      },
      {
        "name": "Cow",
        "access_rules": [
          "@Jabu Jabus Belly MQ/Boss Area,ocarina,epona"
        ],
        "visibility_rules": [
          "setting_cowsanity_yes"
        ],
        "chest_unopened_img": "images/cow.png",
        "chest_opened_img": "images/bottle_milk.png",
        "item_count": 1
      },
      {
        "name": "Second Room Upper Chest",
        "short_name": "Second Room Upper",
        "access_rules": [
          "@Jabu Jabus Belly MQ/Boss Area"
        ],
        "item_count": 1
      },
      {
        "name": "GS Near Boss",
        "short_name": "Near Boss",
        "access_rules": [
          "@Jabu Jabus Belly MQ/Boss Area"
        ],
        "visibility_rules": [
          "setting_tokens_dungeons"
        ],
        "chest_unopened_img": "images/skulltula.png",
        "chest_opened_img": "images/skulltula_token.png",
        "item_count": 1
      },
      {
        "name": "Near Boss Chest",
        "short_name": "Near Boss",
        "access_rules": [
          "@Jabu Jabus Belly MQ/Boss Area"
        ],
        "item_count": 1
      },
      {
        "name": "Barinade",
        "access_rules": [
          "@Jabu Jabus Belly MQ/Boss Area"
        ],
        "hosted_item": "jabu",
        "chest_unopened_img": "images/HC.png",
        "chest_opened_img": "images/HC_grey.png",
        "item_count": 1
      }
    ],
    "map_locations": [
      {
        "map": "child",
        "force_invisibility_rules": [
          "jabu_reg"
        ],
        "size": 50,
        "x": 2475,
        "y": 280
      }
    ]
  },
  {
    "name": "Ice Cavern MQ",
    "parent": "Zoras Fountain",
    "access_rules": [
      "ice_mq,$adult_fountain,$has_bottle"
    ],
    "sections": [
      {
        "name": "Map Chest",
        "short_name": "Map",
        "chest_unopened_img": "images/chest_brown_map.png",
        "item_count": 1
      },
      {
        "name": "Compass Chest",
        "short_name": "Compass",
        "chest_unopened_img": "images/chest_brown_compass.png",
        "item_count": 1
      },
      {
        "name": "Freestanding PoH",
        "short_name": "Frozen HP",
        "access_rules": [
          "$has_explosives",
          "{}"
        ],
        "capture_item": true,
        "chest_unopened_img": "images/HP.png",
        "chest_opened_img": "images/HP_grey.png",
        "item_count": 1
      },
      {
        "name": "GS Red Ice",
        "short_name": "Red Ice",
        "access_rules": [
          "ocarina,time"
        ],
        "visibility_rules": [
          "setting_tokens_dungeons"
        ],
        "chest_unopened_img": "images/skulltula.png",
        "chest_opened_img": "images/skulltula_token.png",
        "item_count": 1
      },
      {
        "name": "GS Scarecrow",
        "short_name": "Scarecrow",
        "access_rules": [
          "hookshot,ocarina,scarecrow",
          "longshot,hoverboots",
          "[logic_ice_mq_scarecrow]"
        ],
        "visibility_rules": [
          "setting_tokens_dungeons"
        ],
        "chest_unopened_img": "images/skulltula.png",
        "chest_opened_img": "images/skulltula_token.png",
        "item_count": 1
      },
      {
        "name": "GS Ice Block",
        "short_name": "Ice Block",
        "visibility_rules": [
          "setting_tokens_dungeons"
        ],
        "chest_unopened_img": "images/skulltula.png",
        "chest_opened_img": "images/skulltula_token.png",
        "item_count": 1
      },
      {
        "name": "Iron Boots Chest",
        "short_name": "Iron Boots",
        "item_count": 1
      },
      {
        "name": "Sheik in Ice Cavern",
        "short_name": "Song",
        "access_rules": [
          "$has_bottle",
          "{$hintable}"
        ],
        "capture_item": true,
        "chest_unopened_img": "images/grey_note.png",
        "chest_opened_img": "images/grey_note_check.png",
        "item_count": 1
      }
    ],
    "map_locations": [
      {
        "map": "adult",
        "force_invisibility_rules": [
          "ice_reg"
        ],
        "size": 50,
        "x": 2455,
        "y": 275
      }
    ]
  },
  {
    "name": "Forest Temple MQ",
    "parent": "Sacred Forest Meadow",
    "access_rules": [
      "forest_mq,$has_age|adult,hookshot,$beyond_mido"
    ],
    "sections": [
      {
        "name": "Central Area",
        "access_rules": [
          "forest_small_keys:1,$has_age|adult"
        ],
        "visibility_rules": [
          "hidden_region"
        ],
        "item_count": 1
      },
      {
        "name": "After Block Puzzle",
        "access_rules": [
          "@Forest Temple MQ/Central Area,$has_age|adult,lift1",
          "@Forest Temple MQ/Central Area,$has_age|adult,$has_bombchus,[logic_forest_mq_block_puzzle],hookshot"
        ],
        "visibility_rules": [
          "hidden_region"
        ],
        "item_count": 1
      },
      {
        "name": "Bow Region",
        "access_rules": [
          "@Forest Temple MQ/After Block Puzzle,forest_small_keys:3,[forest_small_keys:4]"
        ],
        "visibility_rules": [
          "hidden_region"
        ],
        "item_count": 1
      },
      {
        "name": "Outdoor Ledge",
        "access_rules": [
          "@Forest Temple MQ/Central Area,hoverboots",
          "@Forest Temple MQ/Central Area,hookshot,lift1",
          "@Forest Temple MQ/Central Area,hookshot,[logic_forest_mq_hallway_switch]",
          "@Forest Temple MQ/Central Area,hookshot,$has_bombchus,[logic_forest_mq_block_puzzle]",
          "@Forest Temple MQ/After Block Puzzle,forest_small_keys:2,[forest_small_keys:3]"
        ],
        "visibility_rules": [
          "hidden_region"
        ],
        "item_count": 1
      },
      {
        "name": "NW Outdoors",
        "access_rules": [
          "@Forest Temple MQ/Central Area,$has_age|adult,bow",
          "@Forest Temple MQ/Outdoor Ledge"
        ],
        "visibility_rules": [
          "hidden_region"
        ],
        "item_count": 1
      },
      {
        "name": "NE Outdoors",
        "access_rules": [
          "@Forest Temple MQ/Central Area,$has_age|adult,bow",
          "@Forest Temple MQ/NW Outdoors,ironboots",
          "@Forest Temple MQ/NW Outdoors,longshot",
          "@Forest Temple MQ/NW Outdoors,scale2",
          "@Forest Temple MQ/NW Outdoors,[logic_forest_well_swim],hookshot",
          "@Forest Temple MQ/NW Outdoors,bow,firearrow,magic"
        ],
        "visibility_rules": [
          "hidden_region"
        ],
        "item_count": 1
      },
      {
        "name": "Outdoors Top Ledges",
        "access_rules": [
          "@Forest Temple MQ/NW Outdoors,bow,firearrow,magic",
          "@Forest Temple MQ/NE Outdoors,longshot",
          "@Forest Temple MQ/NE Outdoors,hookshot,hoverboots",
          "@Forest Temple MQ/NE Outdoors,hookshot,ocarina,time",
          "@Forest Temple MQ/NE Outdoors,hookshot,[logic_forest_vines]"
        ],
        "visibility_rules": [
          "hidden_region"
        ],
        "item_count": 1
      },
      {
        "name": "NE Outdoors Ledge",
        "access_rules": [
          "@Forest Temple MQ/NE Outdoors,longshot",
          "@Forest Temple MQ/Outdoors Top Ledges,[logic_forest_outdoors_ledge],hoverboots",
          "@Forest Temple MQ/Bow Region,forest_small_keys:5,bow",
          "@Forest Temple MQ/Bow Region,forest_small_keys:5,dinsfire,magic"
        ],
        "visibility_rules": [
          "hidden_region"
        ],
        "item_count": 1
      },
      {
        "name": "Falling Room",
        "access_rules": [
          "@Forest Temple MQ/NE Outdoors Ledge,ocarina,time",
          "@Forest Temple MQ/Bow Region,forest_small_keys:5,bow",
          "@Forest Temple MQ/Bow Region,forest_small_keys:5,dinsfire,magic"
        ],
        "visibility_rules": [
          "hidden_region"
        ],
        "item_count": 1
      },
      {
        "name": "Boss Region",
        "access_rules": [
          "@Forest Temple MQ/Falling Room,@Forest Temple MQ/Bow Region,bow,forest_small_keys:4,[forest_small_keys:6]"
        ],
        "visibility_rules": [
          "hidden_region"
        ],
        "item_count": 1
      },
      {
        "name": "First Room Chest",
        "short_name": "Tree",
        "access_rules": [
          "$has_age|adult"
        ],
        "chest_unopened_img": "images/chest_brown_small_key.png",
        "item_count": 1
      },
      {
        "name": "GS First Hallway",
        "short_name": "First Hallway",
        "access_rules": [
          "$has_age|adult,hookshot"
        ],
        "visibility_rules": [
          "setting_tokens_dungeons"
        ],
        "chest_unopened_img": "images/skulltula.png",
        "chest_opened_img": "images/skulltula_token.png",
        "item_count": 1
      },
      {
        "name": "Wolfos Chest",
        "short_name": "Wolfos",
        "access_rules": [
          "@Forest Temple MQ/Central Area,ocarina,time",
          "@Forest Temple MQ/Bow Region,[ocarina],[time]"
        ],
        "chest_unopened_img": "images/chest_brown_small_key.png",
        "item_count": 1
      },
      {
        "name": "GS Raised Island Courtyard",
        "short_name": "Outdoor East",
        "access_rules": [
          "@Forest Temple MQ/NE Outdoors,hookshot"
        ],
        "visibility_rules": [
          "setting_tokens_dungeons"
        ],
        "chest_unopened_img": "images/skulltula.png",
        "chest_opened_img": "images/skulltula_token.png",
        "item_count": 1
      },
      {
        "name": "Raised Island Courtyard Upper Chest",
        "short_name": "Balcony",
        "access_rules": [
          "@Forest Temple MQ/Outdoors Top Ledges"
        ],
        "chest_unopened_img": "images/chest_brown_small_key.png",
        "item_count": 1
      },
      {
        "name": "Well Chest",
        "short_name": "Well",
        "access_rules": [
          "@Forest Temple MQ/NE Outdoors,bow"
        ],
        "chest_unopened_img": "images/chest_brown_small_key.png",
        "item_count": 1
      },
      {
        "name": "GS Well",
        "short_name": "Well",
        "access_rules": [
          "@Forest Temple MQ/NE Outdoors,ironboots,hookshot",
          "@Forest Temple MQ/NE Outdoors,bow"
        ],
        "visibility_rules": [
          "setting_tokens_dungeons"
        ],
        "chest_unopened_img": "images/skulltula.png",
        "chest_opened_img": "images/skulltula_token.png",
        "item_count": 1
      },
      {
        "name": "GS Level Island Courtyard",
        "short_name": "Outdoor West",
        "access_rules": [
          "@Forest Temple MQ/NW Outdoors"
        ],
        "visibility_rules": [
          "setting_tokens_dungeons"
        ],
        "chest_unopened_img": "images/skulltula.png",
        "chest_opened_img": "images/skulltula_token.png",
        "item_count": 1
      },
      {
        "name": "GS Block Push Room",
        "short_name": "Block Push",
        "access_rules": [
          "@Forest Temple MQ/Central Area"
        ],
        "visibility_rules": [
          "setting_tokens_dungeons"
        ],
        "chest_unopened_img": "images/skulltula.png",
        "chest_opened_img": "images/skulltula_token.png",
        "item_count": 1
      },
      {
        "name": "Boss Key Chest",
        "short_name": "Boss Key",
        "access_rules": [
          "@Forest Temple MQ/After Block Puzzle,forest_small_keys:2,[forest_small_keys:3]"
        ],
        "chest_unopened_img": "images/chest_golden_closed.png",
        "chest_opened_img": "images/chest_golden_open.png",
        "item_count": 1
      },
      {
        "name": "Redead Chest",
        "short_name": "Redead",
        "access_rules": [
          "@Forest Temple MQ/Outdoor Ledge"
        ],
        "chest_unopened_img": "images/chest_brown_small_key.png",
        "item_count": 1
      },
      {
        "name": "Map Chest",
        "short_name": "Map",
        "access_rules": [
          "@Forest Temple MQ/Bow Region,bow"
        ],
        "chest_unopened_img": "images/chest_brown_map.png",
        "item_count": 1
      },
      {
        "name": "Bow Chest",
        "short_name": "Bow",
        "access_rules": [
          "@Forest Temple MQ/Bow Region"
        ],
        "item_count": 1
      },
      {
        "name": "Compass Chest",
        "short_name": "Compass",
        "access_rules": [
          "@Forest Temple MQ/Bow Region,bow"
        ],
        "chest_unopened_img": "images/chest_brown_compass.png",
        "item_count": 1
      },
      {
        "name": "Falling Ceiling Room Chest",
        "short_name": "Checkerboard",
        "access_rules": [
          "@Forest Temple MQ/Falling Room"
        ],
        "item_count": 1
      },
      {
        "name": "Raised Island Courtyard Lower Chest",
        "short_name": "Island",
        "access_rules": [
          "@Forest Temple MQ/NE Outdoors Ledge"
        ],
        "chest_unopened_img": "images/chest_brown_small_key.png",
        "item_count": 1
      },
      {
        "name": "Basement Chest",
        "short_name": "Basement",
        "access_rules": [
          "@Forest Temple MQ/Boss Region"
        ],
        "item_count": 1
      },
      {
        "name": "Phantom Ganon",
        "access_rules": [
          "@Forest Temple MQ/Boss Region,forest_boss_key"
        ],
        "hosted_item": "forest",
        "chest_unopened_img": "images/HC.png",
        "chest_opened_img": "images/HC_grey.png",
        "item_count": 1
      }
    ],
    "map_locations": [
      {
        "map": "adult",
        "force_invisibility_rules": [
          "forest_reg"
        ],
        "size": 50,
        "x": 2195,
        "y": 595
      }
    ]
  },
  {
    "name": "Fire Temple MQ",
    "parent": "Death Mountain Crater",
    "access_rules": [
      "fire_mq,$dmc_central,$FTR_or_goron"
    ],
    "sections": [
      {
        "name": "Lower Locked Door",
        "access_rules": [
          "fire_small_keys:1,[fire_small_keys:5],$has_explosives",
          "fire_small_keys:1,[fire_small_keys:5],$has_age|adult,hammer",
          "fire_small_keys:1,[fire_small_keys:5],$has_age|adult,hookshot"
        ],
        "visibility_rules": [
          "hidden_region"
        ],
        "item_count": 1
      },
      {
        "name": "Big Lava Room",
        "access_rules": [
          "$FTR_or_goron,$has_age|adult,hammer"
        ],
        "visibility_rules": [
          "hidden_region"
        ],
        "item_count": 1
      },
      {
        "name": "Lower Maze",
        "access_rules": [
          "@Fire Temple MQ/Big Lava Room,[$goron_tunic],fire_small_keys:1,[fire_small_keys:2],$has_fire",
          "@Fire Temple MQ/Big Lava Room,[$goron_tunic],fire_small_keys:1,[fire_small_keys:2],[logic_fire_mq_climb],hoverboots"
        ],
        "visibility_rules": [
          "hidden_region"
        ],
        "item_count": 1
      },
      {
        "name": "Upper Maze",
        "access_rules": [
          "@Fire Temple MQ/Lower Maze,$has_explosives,hookshot",
          "@Fire Temple MQ/Lower Maze,[logic_rusted_switches],hookshot"
        ],
        "visibility_rules": [
          "hidden_region"
        ],
        "item_count": 1
      },
      {
        "name": "West Top",
        "access_rules": [
          "@Fire Temple MQ/Upper Maze,fire_small_keys:2,[fire_small_keys:3],bow"
        ],
        "visibility_rules": [
          "hidden_region"
        ],
        "item_count": 1
      },
      {
        "name": "Boss Room",
        "access_rules": [
          "$has_age|adult,[$goron_tunic],hammer,fire_boss_key,$has_fire,[logic_fire_boss_door_jump]",
          "$has_age|adult,[$goron_tunic],hammer,fire_boss_key,$has_fire,hoverboots",
          "$has_age|adult,[$goron_tunic],hammer,fire_boss_key,@Fire Temple MQ/West Top"
        ],
        "visibility_rules": [
          "hidden_region"
        ],
        "item_count": 1
      },
      {
        "name": "Near Boss Chest",
        "short_name": "Near Boss",
        "access_rules": [
          "$FTR_or_goron,$has_fire,hoverboots",
          "$FTR_or_goron,$has_fire,[logic_fire_mq_near_boss],bow",
          "$FTR_or_goron,hookshot,bow,firearrow,magic",
          "$FTR_or_goron,hookshot,dinsfire,magic,$damage_below_quadruple",
          "$FTR_or_goron,hookshot,dinsfire,magic,$goron_tunic",
          "$FTR_or_goron,hookshot,dinsfire,magic,bow",
          "$FTR_or_goron,hookshot,dinsfire,magic,longshot"
        ],
        "chest_unopened_img": "images/chest_brown_small_key.png",
        "item_count": 1
      },
      {
        "name": "Map Room Side Chest",
        "short_name": "Like Like",
        "access_rules": [
          "$has_age|adult"
        ],
        "item_count": 1
      },
      {
        "name": "Megaton Hammer Chest",
        "short_name": "Hammer",
        "access_rules": [
          "@Fire Temple MQ/Lower Locked Door,$has_age|adult"
        ],
        "item_count": 1
      },
      {
        "name": "Map Chest",
        "short_name": "Map",
        "access_rules": [
          "@Fire Temple MQ/Lower Locked Door,$has_age|adult,hammer"
        ],
        "chest_unopened_img": "images/chest_brown_map.png",
        "item_count": 1
      },
      {
        "name": "Big Lava Room Blocked Door Chest",
        "short_name": "Lava Room Bombable",
        "access_rules": [
          "@Fire Temple MQ/Big Lava Room,$has_fire,$has_explosives,hookshot",
          "@Fire Temple MQ/Big Lava Room,$has_fire,$has_explosives,[logic_fire_mq_bombable_chest],$damage_below_ohko",
          "@Fire Temple MQ/Big Lava Room,$has_fire,$has_explosives,[logic_fire_mq_bombable_chest],nayrus,magic"
        ],
        "chest_unopened_img": "images/chest_brown_small_key.png",
        "item_count": 1
      },
      {
        "name": "Boss Key Chest",
        "short_name": "Boss Key",
        "access_rules": [
          "@Fire Temple MQ/Big Lava Room,$has_fire,bow,hookshot",
          "@Fire Temple MQ/Big Lava Room,$has_fire,[logic_fire_mq_bk_chest],hookshot"
        ],
        "chest_unopened_img": "images/chest_golden_closed.png",
        "chest_opened_img": "images/chest_golden_open.png",
        "item_count": 1
      },
      {
        "name": "GS Big Lava Room Open Door",
        "short_name": "Lava Room",
        "access_rules": [
          "@Fire Temple MQ/Big Lava Room"
        ],
        "visibility_rules": [
          "setting_tokens_dungeons"
        ],
        "chest_unopened_img": "images/skulltula.png",
        "chest_opened_img": "images/skulltula_token.png",
        "item_count": 1
      },
      {
        "name": "Lizalfos Maze Lower Chest",
        "short_name": "Maze Lower",
        "access_rules": [
          "@Fire Temple MQ/Lower Maze"
        ],
        "item_count": 1
      },
      {
        "name": "Lizalfos Maze Side Room Chest",
        "short_name": "Maze Side",
        "access_rules": [
          "@Fire Temple MQ/Lower Maze,$has_explosives,[logic_fire_mq_maze_side_room]",
          "@Fire Temple MQ/Lower Maze,$has_explosives,hookshot"
        ],
        "chest_unopened_img": "images/chest_brown_small_key.png",
        "item_count": 1
      },
      {
        "name": "Lizalfos Maze Upper Chest",
        "short_name": "Maze Upper",
        "access_rules": [
          "@Fire Temple MQ/Upper Maze"
        ],
        "item_count": 1
      },
      {
        "name": "Compass Chest",
        "short_name": "Compass",
        "access_rules": [
          "@Fire Temple MQ/Upper Maze,$has_explosives"
        ],
        "chest_unopened_img": "images/chest_brown_compass.png",
        "item_count": 1
      },
      {
        "name": "GS Skull On Fire",
        "short_name": "East Tower Top",
        "access_rules": [
          "@Fire Temple MQ/Upper Maze,ocarina,time",
          "@Fire Temple MQ/Upper Maze,longshot"
        ],
        "visibility_rules": [
          "setting_tokens_dungeons"
        ],
        "chest_unopened_img": "images/skulltula.png",
        "chest_opened_img": "images/skulltula_token.png",
        "item_count": 1
      },
      {
        "name": "GS Fire Wall Maze Side Room",
        "short_name": "Fire Maze Side",
        "access_rules": [
          "@Fire Temple MQ/West Top,ocarina,time",
          "@Fire Temple MQ/West Top,hoverboots",
          "@Fire Temple MQ/West Top,[logic_fire_mq_flame_maze]"
        ],
        "visibility_rules": [
          "setting_tokens_dungeons"
        ],
        "chest_unopened_img": "images/skulltula.png",
        "chest_opened_img": "images/skulltula_token.png",
        "item_count": 1
      },
      {
        "name": "GS Fire Wall Maze Center",
        "short_name": "Fire Maze Center",
        "access_rules": [
          "@Fire Temple MQ/West Top,$has_explosives"
        ],
        "visibility_rules": [
          "setting_tokens_dungeons"
        ],
        "chest_unopened_img": "images/skulltula.png",
        "chest_opened_img": "images/skulltula_token.png",
        "item_count": 1
      },
      {
        "name": "Freestanding Key",
        "short_name": "Flare Dancer 2",
        "access_rules": [
          "@Fire Temple MQ/West Top"
        ],
        "chest_unopened_img": "images/small_key.png",
        "chest_opened_img": "images/small_key_check.png",
        "item_count": 1
      },
      {
        "name": "Chest On Fire",
        "short_name": "West Tower Top",
        "access_rules": [
          "@Fire Temple MQ/West Top,fire_small_keys:3,[fire_small_keys:4]",
          "{$hintable}"
        ],
        "capture_item": true,
        "chest_unopened_img": "images/chest_brown_small_key.png",
        "item_count": 1
      },
      {
        "name": "GS Above Fire Wall Maze",
        "short_name": "Above Fire Maze",
        "access_rules": [
          "@Fire Temple MQ/West Top,fire_small_keys:4,[fire_small_keys:5]",
          "{$hintable}"
        ],
        "visibility_rules": [
          "setting_tokens_dungeons"
        ],
        "capture_item": true,
        "chest_unopened_img": "images/skulltula.png",
        "chest_opened_img": "images/skulltula_token.png",
        "item_count": 1
      },
      {
        "name": "Volvagia",
        "access_rules": [
          "@Fire Temple MQ/Boss Room"
        ],
        "hosted_item": "fire",
        "chest_unopened_img": "images/HC.png",
        "chest_opened_img": "images/HC_grey.png",
        "item_count": 1
      }
    ],
    "map_locations": [
      {
        "map": "adult",
        "force_invisibility_rules": [
          "fire_reg"
        ],
        "size": 50,
        "x": 1915,
        "y": 110
      }
    ]
  },
  {
    "name": "Water Temple MQ",
    "parent": "Lake Hylia",
    "access_rules": [
      "water_mq,$has_age|adult,hookshot,ironboots",
      "water_mq,$has_age|adult,hookshot,longshot,scale2",
      "water_mq,$has_age|adult,hookshot,[logic_water_hookshot_entry],scale2"
    ],
    "sections": [
      {
        "name": "Dive",
        "access_rules": [
          "$FTR_or_zora,$has_age|adult,ironboots"
        ],
        "visibility_rules": [
          "hidden_region"
        ],
        "item_count": 1
      },
      {
        "name": "Dark Link Region",
        "access_rules": [
          "water_small_keys:1,$has_age|adult,longshot"
        ],
        "visibility_rules": [
          "hidden_region"
        ],
        "item_count": 1
      },
      {
        "name": "Lowered Water Levels",
        "access_rules": [
          "@Water Temple MQ/Dive,ocarina,lullaby"
        ],
        "visibility_rules": [
          "hidden_region"
        ],
        "item_count": 1
      },
      {
        "name": "Basement Gated Areas",
        "access_rules": [
          "@Water Temple MQ/Dark Link Region,$FTR_or_zora,dinsfire,magic,$has_age|adult,ironboots"
        ],
        "visibility_rules": [
          "hidden_region"
        ],
        "item_count": 1
      },
      {
        "name": "Map Chest",
        "short_name": "Map",
        "access_rules": [
          "@Water Temple MQ/Dive,$has_fire,hookshot"
        ],
        "chest_unopened_img": "images/chest_brown_map.png",
        "item_count": 1
      },
      {
        "name": "Longshot Chest",
        "short_name": "Longshot",
        "access_rules": [
          "@Water Temple MQ/Lowered Water Levels,hookshot"
        ],
        "item_count": 1
      },
      {
        "name": "Compass Chest",
        "short_name": "Compass",
        "access_rules": [
          "@Water Temple MQ/Lowered Water Levels,bow",
          "@Water Temple MQ/Lowered Water Levels,dinsfire,magic"
        ],
        "chest_unopened_img": "images/chest_brown_compass.png",
        "item_count": 1
      },
      {
        "name": "GS Lizalfos Hallway",
        "short_name": "Lizalfos",
        "access_rules": [
          "@Water Temple MQ/Lowered Water Levels,dinsfire,magic"
        ],
        "visibility_rules": [
          "setting_tokens_dungeons"
        ],
        "chest_unopened_img": "images/skulltula.png",
        "chest_opened_img": "images/skulltula_token.png",
        "item_count": 1
      },
      {
        "name": "GS Before Upper Water Switch",
        "short_name": "Before Upper Water Switch",
        "access_rules": [
          "@Water Temple MQ/Lowered Water Levels,longshot"
        ],
        "visibility_rules": [
          "setting_tokens_dungeons"
        ],
        "chest_unopened_img": "images/skulltula.png",
        "chest_opened_img": "images/skulltula_token.png",
        "item_count": 1
      },
      {
        "name": "Central Pillar Chest",
        "short_name": "Central Pillar",
        "access_rules": [
          "@Water Temple MQ/Dive,[$zora_tunic],hookshot,bow,firearrow,magic",
          "@Water Temple MQ/Dive,[$zora_tunic],hookshot,dinsfire,magic,ocarina,time"
        ],
        "chest_unopened_img": "images/chest_brown_small_key.png",
        "item_count": 1
      },
      {
        "name": "GS River",
        "short_name": "River",
        "access_rules": [
          "@Water Temple MQ/Dark Link Region"
        ],
        "visibility_rules": [
          "setting_tokens_dungeons"
        ],
        "chest_unopened_img": "images/skulltula.png",
        "chest_opened_img": "images/skulltula_token.png",
        "item_count": 1
      },
      {
        "name": "Boss Key Chest",
        "short_name": "Boss Key",
        "access_rules": [
          "@Water Temple MQ/Dark Link Region,dinsfire,magic",
          "{$hintable}"
        ],
        "capture_item": true,
        "chest_unopened_img": "images/chest_golden_closed.png",
        "chest_opened_img": "images/chest_golden_open.png",
        "item_count": 1
      },
      {
        "name": "Freestanding Key",
        "short_name": "Key",
        "access_rules": [
          "@Water Temple MQ/Basement Gated Areas,hoverboots",
          "@Water Temple MQ/Basement Gated Areas,ocarina,scarecrow",
          "@Water Temple MQ/Basement Gated Areas,[logic_water_north_basement_ledge_jump]",
          "{$hintable}"
        ],
        "capture_item": true,
        "chest_unopened_img": "images/small_key.png",
        "chest_opened_img": "images/small_key_check.png",
        "item_count": 1
      },
      {
        "name": "GS Freestanding Key Area",
        "short_name": "North Basement",
        "access_rules": [
          "@Water Temple MQ/Basement Gated Areas,water_small_keys:2,hoverboots",
          "@Water Temple MQ/Basement Gated Areas,water_small_keys:2,ocarina,scarecrow",
          "@Water Temple MQ/Basement Gated Areas,water_small_keys:2,[logic_water_north_basement_ledge_jump]",
          "{$hintable}"
        ],
        "visibility_rules": [
          "setting_tokens_dungeons"
        ],
        "capture_item": true,
        "chest_unopened_img": "images/skulltula.png",
        "chest_opened_img": "images/skulltula_token.png",
        "item_count": 1
      },
      {
        "name": "GS Triple Wall Torch",
        "short_name": "South Basement",
        "access_rules": [
          "@Water Temple MQ/Basement Gated Areas,bow,firearrow,magic,hoverboots",
          "@Water Temple MQ/Basement Gated Areas,bow,firearrow,magic,ocarina,scarecrow"
        ],
        "visibility_rules": [
          "setting_tokens_dungeons"
        ],
        "chest_unopened_img": "images/skulltula.png",
        "chest_opened_img": "images/skulltula_token.png",
        "item_count": 1
      },
      {
        "name": "Morpha",
        "access_rules": [
          "water_boss_key,$has_age|adult,longshot"
        ],
        "hosted_item": "water",
        "chest_unopened_img": "images/HC.png",
        "chest_opened_img": "images/HC_grey.png",
        "item_count": 1
      }
    ],
    "map_locations": [
      {
        "map": "adult",
        "force_invisibility_rules": [
          "water_reg"
        ],
        "size": 50,
        "x": 970,
        "y": 1370
      }
    ]
  },
  {
    "name": "Shadow Temple MQ",
    "parent": "Graveyard",
    "access_rules": [
      "shadow_mq,ocarina,nocturne,dinsfire,magic",
      "shadow_mq,ocarina,nocturne,logic_shadow_fire_arrow_entry,$has_age|adult,bow,firearrow,magic"
    ],
    "sections": [
      {
        "name": "Beginning",
        "access_rules": [
          "[logic_lens_shadow_mq],$has_age|adult,hoverboots",
          "[logic_lens_shadow_mq],$has_age|adult,hookshot",
          "$can_use_lens,$has_age|adult,hoverboots",
          "$can_use_lens,$has_age|adult,hookshot"
        ],
        "visibility_rules": [
          "hidden_region"
        ],
        "item_count": 1
      },
      {
        "name": "Dead Hand Area",
        "access_rules": [
          "@Shadow Temple MQ/Beginning,$has_explosives,shadow_small_keys:1,[shadow_small_keys:6]"
        ],
        "visibility_rules": [
          "hidden_region"
        ],
        "item_count": 1
      },
      {
        "name": "First Beamos",
        "access_rules": [
          "@Shadow Temple MQ/Beginning,bow,firearrow,magic",
          "@Shadow Temple MQ/Beginning,hoverboots",
          "@Shadow Temple MQ/Beginning,[logic_shadow_mq_gap],longshot"
        ],
        "visibility_rules": [
          "hidden_region"
        ],
        "item_count": 1
      },
      {
        "name": "Upper Huge Pit",
        "access_rules": [
          "@Shadow Temple MQ/First Beamos,$has_explosives,shadow_small_keys:1,[shadow_small_keys:2]"
        ],
        "visibility_rules": [
          "hidden_region"
        ],
        "item_count": 1
      },
      {
        "name": "Lower Huge Pit",
        "access_rules": [
          "@Shadow Temple MQ/Upper Huge Pit,$has_fire",
          "@Shadow Temple MQ/Upper Huge Pit,[logic_shadow_mq_huge_pit]"
        ],
        "visibility_rules": [
          "hidden_region"
        ],
        "item_count": 1
      },
      {
        "name": "Wind Tunnel",
        "access_rules": [
          "@Shadow Temple MQ/Lower Huge Pit,hoverboots,hookshot,shadow_small_keys:3,[shadow_small_keys:4],[logic_lens_shadow_mq_back]",
          "@Shadow Temple MQ/Lower Huge Pit,hoverboots,hookshot,shadow_small_keys:3,[shadow_small_keys:4],$can_use_lens"
        ],
        "visibility_rules": [
          "hidden_region"
        ],
        "item_count": 1
      },
      {
        "name": "Beyond Boat",
        "access_rules": [
          "@Shadow Temple MQ/Wind Tunnel,ocarina,lullaby,shadow_small_keys:4,[shadow_small_keys:5]"
        ],
        "visibility_rules": [
          "hidden_region"
        ],
        "item_count": 1
      },
      {
        "name": "Invisible Maze",
        "access_rules": [
          "@Shadow Temple MQ/Beyond Boat,bow,ocarina,time,longshot"
        ],
        "visibility_rules": [
          "hidden_region"
        ],
        "item_count": 1
      },
      {
        "name": "Compass Chest",
        "short_name": "Compass",
        "access_rules": [
          "@Shadow Temple MQ/Dead Hand Area"
        ],
        "chest_unopened_img": "images/chest_brown_compass.png",
        "item_count": 1
      },
      {
        "name": "Hover Boots Chest",
        "short_name": "Dead Hand 1",
        "access_rules": [
          "@Shadow Temple MQ/Dead Hand Area,ocarina,time,bow"
        ],
        "item_count": 1
      },
      {
        "name": "Early Gibdos Chest",
        "short_name": "Early Gibdos",
        "access_rules": [
          "@Shadow Temple MQ/First Beamos"
        ],
        "chest_unopened_img": "images/chest_brown_small_key.png",
        "item_count": 1
      },
      {
        "name": "Map Chest",
        "short_name": "Map",
        "access_rules": [
          "@Shadow Temple MQ/First Beamos"
        ],
        "chest_unopened_img": "images/chest_brown_map.png",
        "item_count": 1
      },
      {
        "name": "Near Ship Invisible Chest",
        "short_name": "Shortcut",
        "access_rules": [
          "@Shadow Temple MQ/First Beamos"
        ],
        "chest_unopened_img": "images/chest_brown_small_key.png",
        "item_count": 1
      },
      {
        "name": "Invisible Blades Chests",
        "short_name": "Like Like",
        "access_rules": [
          "@Shadow Temple MQ/Upper Huge Pit,ocarina,time"
        ],
        "chest_unopened_img": "images/chest_brown_small_key.png",
        "item_count": 2
      },
      {
        "name": "Beamos Silver Rupees Chest",
        "short_name": "Beamos Silvers",
        "access_rules": [
          "@Shadow Temple MQ/Lower Huge Pit,longshot"
        ],
        "item_count": 1
      },
      {
        "name": "Falling Spikes Lower Chest",
        "short_name": "Crusher Lower",
        "access_rules": [
          "@Shadow Temple MQ/Lower Huge Pit"
        ],
        "item_count": 1
      },
      {
        "name": "GS Falling Spikes Room",
        "short_name": "Crusher",
        "access_rules": [
          "@Shadow Temple MQ/Lower Huge Pit,[logic_shadow_umbrella_gs],hoverboots",
          "@Shadow Temple MQ/Lower Huge Pit,hookshot",
          "@Shadow Temple MQ/Lower Huge Pit,[hookshot],bombs,shield2",
          "@Shadow Temple MQ/Lower Huge Pit,[hookshot],bombs,shield3",
          "{@Shadow Temple MQ/Lower Huge Pit}"
        ],
        "visibility_rules": [
          "setting_tokens_dungeons"
        ],
        "capture_item": true,
        "chest_unopened_img": "images/skulltula.png",
        "chest_opened_img": "images/skulltula_token.png",
        "item_count": 1
      },
      {
        "name": "Falling Spikes Upper Chests",
        "short_name": "Crusher Upper",
        "access_rules": [
          "@Shadow Temple MQ/Lower Huge Pit,[logic_shadow_umbrella],[hoverboots]",
          "@Shadow Temple MQ/Lower Huge Pit,lift1"
        ],
        "chest_unopened_img": "images/chest_brown_small_key.png",
        "item_count": 2
      },
      {
        "name": "Invisible Spikes Chest",
        "short_name": "Invisible Spikes",
        "access_rules": [
          "@Shadow Temple MQ/Lower Huge Pit,hoverboots,shadow_small_keys:2,[shadow_small_keys:3],[logic_lens_shadow_mq_back]",
          "@Shadow Temple MQ/Lower Huge Pit,hoverboots,shadow_small_keys:2,[shadow_small_keys:3],$can_use_lens"
        ],
        "item_count": 1
      },
      {
        "name": "Stalfos Room Chest",
        "short_name": "Stalfos",
        "access_rules": [
          "@Shadow Temple MQ/Lower Huge Pit,hoverboots,shadow_small_keys:2,[shadow_small_keys:3],hookshot,[logic_lens_shadow_mq_back]",
          "@Shadow Temple MQ/Lower Huge Pit,hoverboots,shadow_small_keys:2,[shadow_small_keys:3],hookshot,$can_use_lens"
        ],
        "item_count": 1
      },
      {
        "name": "Wind Hint Chest",
        "short_name": "Wind Hint",
        "access_rules": [
          "@Shadow Temple MQ/Wind Tunnel"
        ],
        "chest_unopened_img": "images/chest_brown_small_key.png",
        "item_count": 1
      },
      {
        "name": "GS Wind Hint Room",
        "short_name": "Wind Hint",
        "access_rules": [
          "@Shadow Temple MQ/Wind Tunnel"
        ],
        "visibility_rules": [
          "setting_tokens_dungeons"
        ],
        "chest_unopened_img": "images/skulltula.png",
        "chest_opened_img": "images/skulltula_token.png",
        "item_count": 1
      },
      {
        "name": "After Wind Chests",
        "short_name": "After Wind",
        "access_rules": [
          "@Shadow Temple MQ/Wind Tunnel"
        ],
        "item_count": 2
      },
      {
        "name": "GS After Wind",
        "short_name": "After Wind",
        "access_rules": [
          "@Shadow Temple MQ/Wind Tunnel"
        ],
        "visibility_rules": [
          "setting_tokens_dungeons"
        ],
        "chest_unopened_img": "images/skulltula.png",
        "chest_opened_img": "images/skulltula_token.png",
        "item_count": 1
      },
      {
        "name": "GS After Ship",
        "short_name": "After Ship",
        "access_rules": [
          "@Shadow Temple MQ/Beyond Boat"
        ],
        "visibility_rules": [
          "setting_tokens_dungeons"
        ],
        "chest_unopened_img": "images/skulltula.png",
        "chest_opened_img": "images/skulltula_token.png",
        "item_count": 1
      },
      {
        "name": "Boss Key Chest",
        "short_name": "Boss Key",
        "access_rules": [
          "@Shadow Temple MQ/Invisible Maze,dinsfire,magic,shadow_small_keys:5,[shadow_small_keys:6]"
        ],
        "chest_unopened_img": "images/chest_golden_closed.png",
        "chest_opened_img": "images/chest_golden_open.png",
        "item_count": 1
      },
      {
        "name": "Spike Walls Left Chest",
        "short_name": "Near Boss Key",
        "access_rules": [
          "@Shadow Temple MQ/Invisible Maze,dinsfire,magic,shadow_small_keys:5,[shadow_small_keys:6]"
        ],
        "item_count": 1
      },
      {
        "name": "Freestanding Key",
        "short_name": "Triple Skull",
        "access_rules": [
          "@Shadow Temple MQ/Invisible Maze"
        ],
        "chest_unopened_img": "images/small_key.png",
        "chest_opened_img": "images/small_key_check.png",
        "item_count": 1
      },
      {
        "name": "Bomb Flower Chest",
        "short_name": "Dead Hand 2",
        "access_rules": [
          "@Shadow Temple MQ/Invisible Maze",
          "{$hintable}"
        ],
        "capture_item": true,
        "item_count": 1
      },
      {
        "name": "GS Near Boss",
        "short_name": "Near Boss",
        "access_rules": [
          "@Shadow Temple MQ/Beyond Boat,bow",
          "@Shadow Temple MQ/Beyond Boat,$has_bombchus,[logic_shadow_statue]"
        ],
        "visibility_rules": [
          "setting_tokens_dungeons"
        ],
        "chest_unopened_img": "images/skulltula.png",
        "chest_opened_img": "images/skulltula_token.png",
        "item_count": 1
      },
      {
        "name": "Bongo Bongo",
        "access_rules": [
          "@Shadow Temple MQ/Beyond Boat,shadow_boss_key,bow",
          "@Shadow Temple MQ/Beyond Boat,shadow_boss_key,$has_bombchus,[logic_shadow_statue]"
        ],
        "hosted_item": "shadow",
        "chest_unopened_img": "images/HC.png",
        "chest_opened_img": "images/HC_grey.png",
        "item_count": 1
      }
    ],
    "map_locations": [
      {
        "map": "adult",
        "force_invisibility_rules": [
          "shadow_reg"
        ],
        "size": 50,
        "x": 2145,
        "y": 295
      }
    ]
  },
  {
    "name": "Spirit Temple MQ",
    "parent": "Desert Colossus",
    "access_rules": [
      "spirit_mq,$adult_colossus"
    ],
    "sections": [
      {
        "name": "Child",
        "access_rules": [
          "$child_colossus"
        ],
        "visibility_rules": [
          "hidden_region"
        ],
        "item_count": 1
      },
      {
        "name": "Adult",
        "access_rules": [
          "$has_bombchus,$has_age|adult,longshot,lift2"
        ],
        "visibility_rules": [
          "hidden_region"
        ],
        "item_count": 1
      },
      {
        "name": "Shared",
        "access_rules": [
          "@Spirit Temple MQ/Child,$has_bombchus,spirit_small_keys:2",
          "@Spirit Temple MQ/Adult"
        ],
        "visibility_rules": [
          "hidden_region"
        ],
        "item_count": 1
      },
      {
        "name": "Lower Adult",
        "access_rules": [
          "@Spirit Temple MQ/Adult,shield3,bow,firearrow,magic",
          "@Spirit Temple MQ/Adult,shield3,[logic_spirit_mq_lower_adult],bow,magic,dinsfire"
        ],
        "visibility_rules": [
          "hidden_region"
        ],
        "item_count": 1
      },
      {
        "name": "Boss Area",
        "access_rules": [
          "@Spirit Temple MQ/Adult,spirit_small_keys:2,[spirit_small_keys:6],ocarina,lullaby,hammer"
        ],
        "visibility_rules": [
          "hidden_region"
        ],
        "item_count": 1
      },
      {
        "name": "Mirror Shield Hand",
        "access_rules": [
          "@Spirit Temple MQ/Adult,spirit_small_keys:1,[spirit_small_keys:5],ocarina,time,[logic_lens_spirit_mq]",
          "@Spirit Temple MQ/Adult,spirit_small_keys:1,[spirit_small_keys:5],ocarina,time,$can_use_lens"
        ],
        "visibility_rules": [
          "hidden_region"
        ],
        "item_count": 1
      },
      {
        "name": "Silver Gauntlets Hand",
        "access_rules": [
          "@Spirit Temple MQ/Shared,spirit_small_keys:3,[spirit_small_keys:7],ocarina,time",
          "@Spirit Temple MQ/Adult,spirit_small_keys:1,[spirit_small_keys:7],$has_age|adult",
          "@Spirit Temple MQ/Shared,spirit_small_keys:1,[spirit_small_keys:4],ocarina,time,[logic_lens_spirit_mq]",
          "@Spirit Temple MQ/Shared,spirit_small_keys:1,[spirit_small_keys:4],ocarina,time,$can_use_lens"
        ],
        "visibility_rules": [
          "hidden_region"
        ],
        "item_count": 1
      },
      {
        "name": "Entrance Front Left Chest",
        "short_name": "Entry Front Left",
        "item_count": 1
      },
      {
        "name": "Entrance Back Left Chest",
        "short_name": "Entry Back Left",
        "access_rules": [
          "$can_blast,$child_colossus,sling",
          "$can_blast,$has_age|adult,bow"
        ],
        "chest_unopened_img": "images/chest_brown_small_key.png",
        "item_count": 1
      },
      {
        "name": "Entrance Back Right Chest",
        "short_name": "Entry Back Right",
        "access_rules": [
          "$has_bombchus",
          "$has_age|adult,bow",
          "$has_age|adult,hookshot",
          "$child_colossus,sling",
          "$child_colossus,boomerang"
        ],
        "item_count": 1
      },
      {
        "name": "Map Room Enemy Chest",
        "short_name": "Child Left",
        "access_rules": [
          "@Spirit Temple MQ/Child,$has_bombchus,sling,dinsfire,magic,sticks",
          "@Spirit Temple MQ/Child,$has_bombchus,sling,dinsfire,magic,sword1"
        ],
        "chest_unopened_img": "images/chest_brown_small_key.png",
        "item_count": 1
      },
      {
        "name": "Map Chest",
        "short_name": "Map",
        "access_rules": [
          "@Spirit Temple MQ/Child,sticks",
          "@Spirit Temple MQ/Child,sword1",
          "@Spirit Temple MQ/Child,$has_explosives"
        ],
        "chest_unopened_img": "images/chest_brown_map.png",
        "item_count": 1
      },
      {
        "name": "Child Hammer Switch Chest",
        "short_name": "Hammer Switch",
        "access_rules": [
          "@Spirit Temple MQ/Child,@Spirit Temple MQ/Adult,spirit_small_keys:2,[spirit_small_keys:7],hammer",
          "{$hintable}"
        ],
        "capture_item": true,
        "chest_unopened_img": "images/chest_brown_small_key.png",
        "item_count": 1
      },
      {
        "name": "Silver Block Hallway Chest",
        "short_name": "Silver Block",
        "access_rules": [
          "@Spirit Temple MQ/Child,$has_bombchus,spirit_small_keys:2,[spirit_small_keys:7],sling,dinsfire,magic",
          "@Spirit Temple MQ/Child,$has_bombchus,spirit_small_keys:2,[spirit_small_keys:7],sling,@Spirit Temple MQ/Adult,bow,firearrow,magic",
          "@Spirit Temple MQ/Child,$has_bombchus,spirit_small_keys:2,[spirit_small_keys:7],sling,@Spirit Temple MQ/Adult,[logic_spirit_mq_frozen_eye],bow,ocarina,time"
        ],
        "chest_unopened_img": "images/chest_brown_small_key.png",
        "item_count": 1
      },
      {
        "name": "Compass Chest",
        "short_name": "Compass",
        "access_rules": [
          "@Spirit Temple MQ/Child,$has_bombchus,sling,spirit_small_keys:2,[spirit_small_keys:7]",
          "@Spirit Temple MQ/Adult,$has_age|adult,bow",
          "@Spirit Temple MQ/Shared,bow,sling"
        ],
        "chest_unopened_img": "images/chest_brown_compass.png",
        "item_count": 1
      },
      {
        "name": "Sun Block Room Chest",
        "short_name": "Sun Block",
        "access_rules": [
          "@Spirit Temple MQ/Shared,ocarina,time",
          "@Spirit Temple MQ/Adult"
        ],
        "item_count": 1
      },
      {
        "name": "GS Sun Block Room",
        "short_name": "Sun Block",
        "access_rules": [
          "@Spirit Temple MQ/Shared,[logic_spirit_mq_sun_block_gs],ocarina,time,boomerang",
          "@Spirit Temple MQ/Adult"
        ],
        "visibility_rules": [
          "setting_tokens_dungeons"
        ],
        "chest_unopened_img": "images/skulltula.png",
        "chest_opened_img": "images/skulltula_token.png",
        "item_count": 1
      },
      {
        "name": "Silver Gauntlets Chest",
        "short_name": "Right Hand",
        "access_rules": [          
          "@Spirit Temple MQ/Shared,spirit_small_keys:3,[spirit_small_keys:7],ocarina,time",
          "@Spirit Temple MQ/Adult,spirit_small_keys:1,[spirit_small_keys:7],$has_age|adult",
          "@Spirit Temple MQ/Adult,spirit_small_keys:1,[spirit_small_keys:4],ocarina,time,[logic_lens_spirit_mq]",
          "@Spirit Temple MQ/Adult,spirit_small_keys:1,[spirit_small_keys:4],ocarina,time,$can_use_lens"
        ],
        "item_count": 1
      },
      {
        "name": "Child Climb North Chest",
        "short_name": "Child Climb Ground",
        "access_rules": [
          "@Spirit Temple MQ/Shared,spirit_small_keys:1,[spirit_small_keys:6]"
        ],
        "item_count": 1
      },
      {
        "name": "Child Climb South Chest",
        "short_name": "Child Climb Ledge",
        "access_rules": [
          "@Spirit Temple MQ/Adult,spirit_small_keys:1,[spirit_small_keys:7]"
        ],
        "chest_unopened_img": "images/chest_brown_small_key.png",
        "item_count": 1
      },
      {
        "name": "Statue Room Lullaby Chest",
        "short_name": "Statue Boxes",
        "access_rules": [
          "@Spirit Temple MQ/Adult,ocarina,lullaby"
        ],
        "item_count": 1
      },
      {
        "name": "Statue Room Invisible Chest",
        "short_name": "Statue Ledge",
        "access_rules": [
          "@Spirit Temple MQ/Adult,[logic_lens_spirit_mq]",
          "@Spirit Temple MQ/Adult,$can_use_lens"
        ],
        "item_count": 1
      },
      {
        "name": "Leever Room Chest",
        "short_name": "Leever",
        "access_rules": [
          "@Spirit Temple MQ/Lower Adult"
        ],
        "item_count": 1
      },
      {
        "name": "GS Leever Room",
        "short_name": "Leever",
        "access_rules": [
          "@Spirit Temple MQ/Lower Adult"
        ],
        "visibility_rules": [
          "setting_tokens_dungeons"
        ],
        "chest_unopened_img": "images/skulltula.png",
        "chest_opened_img": "images/skulltula_token.png",
        "item_count": 1
      },
      {
        "name": "Symphony Room Chest",
        "short_name": "Symphony",
        "access_rules": [
          "@Spirit Temple MQ/Lower Adult,spirit_small_keys:1,[spirit_small_keys:7],hammer,ocarina,time,epona,sun,storm,lullaby",
          "{$hintable}"
        ],
        "capture_item": true,
        "item_count": 1
      },
      {
        "name": "GS Symphony Room",
        "short_name": "Symphony",
        "access_rules": [
          "@Spirit Temple MQ/Lower Adult,spirit_small_keys:1,[spirit_small_keys:7],hammer,ocarina,time,epona,sun,storm,lullaby",
          "{$hintable}"
        ],
        "visibility_rules": [
          "setting_tokens_dungeons"
        ],
        "capture_item": true,
        "chest_unopened_img": "images/skulltula.png",
        "chest_opened_img": "images/skulltula_token.png",
        "item_count": 1
      },
      {
        "name": "Entrance Front Right Chest",
        "short_name": "Entry Front Right",
        "access_rules": [
          "@Spirit Temple MQ/Lower Adult,hammer"
        ],
        "chest_unopened_img": "images/chest_brown_small_key.png",
        "item_count": 1
      },
      {
        "name": "Beamos Room Chest",
        "short_name": "Beamos",
        "access_rules": [
          "@Spirit Temple MQ/Adult,spirit_small_keys:1,[spirit_small_keys:5]"
        ],
        "item_count": 1
      },
      {
        "name": "Chest Switch Chest",
        "short_name": "Chest Switch",
        "access_rules": [
          "@Spirit Temple MQ/Adult,spirit_small_keys:1,[spirit_small_keys:5],ocarina,time"
        ],
        "item_count": 1
      },
      {
        "name": "Boss Key Chest",
        "short_name": "Boss Key",
        "access_rules": [
          "@Spirit Temple MQ/Adult,spirit_small_keys:1,[spirit_small_keys:5],ocarina,time,shield3"
        ],
        "chest_unopened_img": "images/chest_golden_closed.png",
        "chest_opened_img": "images/chest_golden_open.png",
        "item_count": 1
      },
      {
        "name": "Mirror Shield Chest",
        "short_name": "Left Hand",
        "access_rules": [
          "@Spirit Temple MQ/Adult,spirit_small_keys:1,[spirit_small_keys:5],ocarina,time,[logic_lens_spirit_mq]",
          "@Spirit Temple MQ/Adult,spirit_small_keys:1,[spirit_small_keys:5],ocarina,time,$can_use_lens"
        ],
        "item_count": 1
      },
      {
        "name": "GS Nine Thrones Room North",
        "short_name": "Iron Knuckle 1",
        "access_rules": [
          "@Spirit Temple MQ/Adult,spirit_small_keys:3,[spirit_small_keys:7]"
        ],
        "visibility_rules": [
          "setting_tokens_dungeons"
        ],
        "chest_unopened_img": "images/skulltula.png",
        "chest_opened_img": "images/skulltula_token.png",
        "item_count": 1
      },
      {
        "name": "GS Nine Thrones Room West",
        "short_name": "Iron Knuckle 2",
        "access_rules": [
          "@Spirit Temple MQ/Adult,spirit_small_keys:3,[spirit_small_keys:7]"
        ],
        "visibility_rules": [
          "setting_tokens_dungeons"
        ],
        "chest_unopened_img": "images/skulltula.png",
        "chest_opened_img": "images/skulltula_token.png",
        "item_count": 1
      },
      {
        "name": "Mirror Puzzle Invisible Chest",
        "short_name": "Mirror Puzzle",
        "access_rules": [
          "@Spirit Temple MQ/Boss Area,[logic_lens_spirit_mq]",
          "@Spirit Temple MQ/Boss Area,$can_use_lens"
        ],
        "chest_unopened_img": "images/chest_brown_small_key.png",
        "item_count": 1
      },
      {
        "name": "Twinrova",
        "access_rules": [
          "@Spirit Temple MQ/Boss Area,shield3,spirit_boss_key"
        ],
        "hosted_item": "spirit",
        "chest_unopened_img": "images/HC.png",
        "chest_opened_img": "images/HC_grey.png",
        "item_count": 1
      }
    ],
    "map_locations": [
      {
        "map": "child",
        "force_invisibility_rules": [
          "spirit_reg"
        ],
        "size": 50,
        "x": 65,
        "y": 300
      },
      {
        "map": "adult",
        "force_invisibility_rules": [
          "spirit_reg"
        ],
        "size": 50,
        "x": 65,
        "y": 300
      }
    ]
  },
  {
    "name": "Bottom of the Well MQ",
    "parent": "Kakariko Village",
    "access_rules": [
      "botw_mq,$has_age|child,ocarina,storm"
    ],
    "sections": [
      {
        "name": "Map Chest",
        "short_name": "Map",
        "access_rules": [
          "$has_explosives",
          "ocarina,lullaby"
        ],
        "chest_unopened_img": "images/chest_brown_map.png",
        "item_count": 1
      },
      {
        "name": "GS West Inner Room",
        "short_name": "West Inner",
        "access_rules": [
          "$can_child_attack,ocarina,lullaby",
          "$can_child_attack,$has_explosives"
        ],
        "visibility_rules": [
          "setting_tokens_dungeons"
        ],
        "chest_unopened_img": "images/skulltula.png",
        "chest_opened_img": "images/skulltula_token.png",
        "item_count": 1
      },
      {
        "name": "East Inner Room Freestanding Key",
        "short_name": "East Inner",
        "access_rules": [
          "$has_explosives",
          "ocarina,lullaby"
        ],
        "chest_unopened_img": "images/small_key.png",
        "chest_opened_img": "images/small_key_check.png",
        "item_count": 1
      },
      {
        "name": "Compass Chest",
        "short_name": "Dead Hand",
        "access_rules": [
          "sword1",
          "sticks,[logic_child_deadhand]",
          "{$hintable}"
        ],
        "capture_item": true,
        "chest_unopened_img": "images/chest_brown_compass.png",
        "item_count": 1
      },
      {
        "name": "Dead Hand Freestanding Key",
        "short_name": "Dead Hand Key",
        "access_rules": [
          "$has_explosives",
          "[logic_botw_mq_dead_hand_key],boomerang"
        ],
        "chest_unopened_img": "images/small_key.png",
        "chest_opened_img": "images/small_key_check.png",
        "item_count": 1
      },
      {
        "name": "Lens of Truth Chest",
        "short_name": "Lens",
        "access_rules": [
          "$has_explosives,botw_small_keys:1,[botw_small_keys:2]"
        ],
        "item_count": 1
      },
      {
        "name": "GS Basement",
        "short_name": "Basement",
        "access_rules": [
          "$can_child_attack"
        ],
        "visibility_rules": [
          "setting_tokens_dungeons"
        ],
        "chest_unopened_img": "images/skulltula.png",
        "chest_opened_img": "images/skulltula_token.png",
        "item_count": 1
      },
      {
        "name": "GS Coffin Room",
        "short_name": "Coffin",
        "access_rules": [
          "$can_child_attack,botw_small_keys:1,[botw_small_keys:2]"
        ],
        "visibility_rules": [
          "setting_tokens_dungeons"
        ],
        "chest_unopened_img": "images/skulltula.png",
        "chest_opened_img": "images/skulltula_token.png",
        "item_count": 1
      }
    ],
    "map_locations": [
      {
        "map": "child",
        "force_invisibility_rules": [
          "botw_reg"
        ],
        "size": 50,
        "x": 1940,
        "y": 385
      }
    ]
  },
  {
    "name": "Ganons Castle MQ",
    "parent": "Ganons Castle Grounds",
    "access_rules": [
      "gc_mq,$has_age|adult,$can_spawn_rainbow_bridge"
    ],
    "sections": [
      {
        "name": "Forest Trial Freestanding Key",
        "short_name": "Forest Trial Key",
        "access_rules": [
          "hookshot",
          "{}"
        ],
        "capture_item": true,
        "chest_unopened_img": "images/small_key.png",
        "chest_opened_img": "images/small_key_check.png",
        "item_count": 1
      },
      {
        "name": "Forest Trial Eye Switch Chest",
        "short_name": "Forest Trial 1",
        "access_rules": [
          "bow"
        ],
        "item_count": 1
      },
      {
        "name": "Forest Trial Frozen Eye Switch Chest",
        "short_name": "Forest Trial 2",
        "access_rules": [
          "$has_fire"
        ],
        "item_count": 1
      },
      {
        "name": "Forest Trial Clear",
        "short_name": "Forest Trial",
        "access_rules": [
          "$can_LA,ocarina,time"
        ],
        "visibility_rules": [
          "setting_trials:1"
        ],
        "hosted_item": "trial_forest"
      },
      {
        "name": "Water Trial Chest",
        "short_name": "Water Trial",
        "access_rules": [
          "$has_bottle"
        ],
        "item_count": 1
      },
      {
        "name": "Water Trial Clear",
        "short_name": "Water Trial",
        "access_rules": [
          "$has_bottle,$can_LA,gc_small_keys:1,[gc_small_keys:3]"
        ],
        "visibility_rules": [
          "setting_trials:1"
        ],
        "hosted_item": "trial_water"
      },
      {
        "name": "Shadow Trial Bomb Flower Chest",
        "short_name": "Shadow Trial 1",
        "access_rules": [
          "bow,hookshot",
          "bow,hoverboots",
          "hoverboots,[logic_lens_castle_mq],$has_explosives",
          "hoverboots,[logic_lens_castle_mq],lift1",
          "hoverboots,[logic_lens_castle_mq],dinsfire,magic",
          "hoverboots,$can_use_lens,$has_explosives",
          "hoverboots,$can_use_lens,lift1",
          "hoverboots,$can_use_lens,dinsfire,magic"
        ],
        "item_count": 1
      },
      {
        "name": "Shadow Trial Eye Switch Chest",
        "short_name": "Shadow Trial 2",
        "access_rules": [
          "bow,[logic_lens_castle_mq],hoverboots",
          "bow,[logic_lens_castle_mq],hookshot,$has_fire",
          "bow,[logic_lens_castle_mq],hookshot,[logic_shadow_trial_mq]",
          "bow,$can_use_lens,hoverboots",
          "bow,$can_use_lens,hookshot,$has_fire",
          "bow,$can_use_lens,hookshot,[logic_shadow_trial_mq]"
        ],
        "chest_unopened_img": "images/chest_brown_small_key.png",
        "item_count": 1
      },
      {
        "name": "Shadow Trial Clear",
        "short_name": "Shadow Trial",
        "access_rules": [
          "$can_LA,[logic_lens_castle_mq],hoverboots",
          "$can_LA,[logic_lens_castle_mq],hookshot,$has_fire",
          "$can_LA,[logic_lens_castle_mq],hookshot,[logic_shadow_trial_mq]",
          "$can_LA,$can_use_lens,hoverboots",
          "$can_LA,$can_use_lens,hookshot,$has_fire",
          "$can_LA,$can_use_lens,hookshot,[logic_shadow_trial_mq]"
        ],
        "visibility_rules": [
          "setting_trials:1"
        ],
        "hosted_item": "trial_shadow"
      },
      {
        "name": "Fire Trial Clear",
        "short_name": "Fire Trial",
        "access_rules": [
          "[$goron_tunic],lift3,$can_LA,longshot",
          "[$goron_tunic],lift3,$can_LA,hoverboots"
        ],
        "visibility_rules": [
          "setting_trials:1"
        ],
        "hosted_item": "trial_fire"
      },
      {
        "name": "Light Trial Lullaby Chest",
        "short_name": "Light Trial",
        "access_rules": [
          "lift3,ocarina,lullaby"
        ],
        "item_count": 1
      },
      {
        "name": "Light Trial Clear",
        "short_name": "Light Trial",
        "access_rules": [
          "lift3,$can_LA,gc_small_keys:2,[gc_small_keys:3],[logic_lens_castle_mq],hookshot",
          "lift3,$can_LA,gc_small_keys:2,[gc_small_keys:3],[logic_lens_castle_mq],[logic_light_trial_mq],$damage_single_instance_ohko",
          "lift3,$can_LA,gc_small_keys:2,[gc_small_keys:3],$can_use_lens,hookshot",
          "lift3,$can_LA,gc_small_keys:2,[gc_small_keys:3],$can_use_lens,[logic_light_trial_mq],$damage_single_instance_ohko"
        ],
        "visibility_rules": [
          "setting_trials:1"
        ],
        "hosted_item": "trial_light"
      },
      {
        "name": "Spirit Trial First Chest",
        "short_name": "Spirit Trial 1",
        "access_rules": [
          "bow,hammer",
          "[logic_rusted_switches],hammer"
        ],
        "item_count": 1
      },
      {
        "name": "Spirit Trial Invisible Chest",
        "short_name": "Spirit Trial 2",
        "access_rules": [
          "@Ganons Castle MQ/Spirit Trial First Chest,$has_bombchus,[logic_lens_castle_mq]",
          "@Ganons Castle MQ/Spirit Trial First Chest,$has_bombchus,$can_use_lens"
        ],
        "item_count": 1
      },
      {
        "name": "Spirit Trial Sun Chests",
        "short_name": "Spirit Trial Sun",
        "access_rules": [
          "hammer,$has_bombchus,bow,firearrow,magic,shield3"
        ],
        "chest_unopened_img": "images/chest_brown_small_key.png",
        "item_count": 4
      },
      {
        "name": "Spirit Trial Clear",
        "short_name": "Spirit Trial",
        "access_rules": [
          "$can_LA,hammer,$has_bombchus,firearrow,shield3"
        ],
        "visibility_rules": [
          "setting_trials:1"
        ],
        "hosted_item": "trial_spirit"
      },
      {
        "name": "Deku Scrubs",
        "access_rules": [
          "[logic_lens_castle_mq]",
          "$can_use_lens"
        ],
        "visibility_rules": [
          "setting_scrub_shuffle_yes"
        ],
        "chest_unopened_img": "images/deku_scrub.png",
        "chest_opened_img": "images/deku_scrub_grey.png",
        "clear_as_group": false,
        "item_count": 5
      },
      {
        "name": "Ganons Tower Boss Key Chest",
        "short_name": "Boss Key",
        "access_rules": [
          "$trials_barrier_dispelled"
        ],
        "chest_unopened_img": "images/chest_golden_closed.png",
        "chest_opened_img": "images/chest_golden_open.png",
        "item_count": 1
      }
    ],
    "map_locations": [
      {
        "map": "adult",
        "force_invisibility_rules": [
          "gc_reg"
        ],
        "size": 50,
        "x": 1385,
        "y": 205
      }
    ]
  },
  {
    "name": "Gerudo Training Grounds MQ",
    "parent": "Gerudo Fortress",
    "access_rules": [
      "gtg_mq,$has_age|adult,$gerudo_card"
    ],
    "sections": [
      {
        "name": "Left Side",
        "access_rules": [
          "$has_fire"
        ],
        "visibility_rules": [
          "hidden_region"
        ],
        "item_count": 1
      },
      {
        "name": "Stalfos Room",
        "access_rules": [
          "@Gerudo Training Grounds MQ/Left Side,longshot",
          "@Gerudo Training Grounds MQ/Left Side,[logic_gtg_mq_without_hookshot]",
          "@Gerudo Training Grounds MQ/Left Side,[logic_gtg_mq_with_hookshot],hookshot"
        ],
        "visibility_rules": [
          "hidden_region"
        ],
        "item_count": 1
      },
      {
        "name": "Back Areas",
        "access_rules": [
          "@Gerudo Training Grounds MQ/Stalfos Room,[logic_lens_gtg_mq],$has_bottle,ocarina,time",
          "@Gerudo Training Grounds MQ/Stalfos Room,[logic_lens_gtg_mq],$has_bottle,[logic_gtg_fake_wall],hoverboots",
          "@Gerudo Training Grounds MQ/Stalfos Room,[logic_lens_gtg_mq],$has_bottle,[ocarina],[time],bombs,shield2",
          "@Gerudo Training Grounds MQ/Stalfos Room,[logic_lens_gtg_mq],$has_bottle,[ocarina],[time],bombs,shield3",
          "@Gerudo Training Grounds MQ/Stalfos Room,$can_use_lens,$has_bottle,ocarina,time",
          "@Gerudo Training Grounds MQ/Stalfos Room,$can_use_lens,$has_bottle,[logic_gtg_fake_wall],hoverboots",
          "@Gerudo Training Grounds MQ/Stalfos Room,$can_use_lens,$has_bottle,[ocarina],[time],bombs,shield2",
          "@Gerudo Training Grounds MQ/Stalfos Room,$can_use_lens,$has_bottle,[ocarina],[time],bombs,shield3"
        ],
        "visibility_rules": [
          "hidden_region"
        ],
        "item_count": 1
      },
      {
        "name": "Central Maze Right",
        "access_rules": [
          "@Gerudo Training Grounds MQ/Back Areas,hammer"
        ],
        "visibility_rules": [
          "hidden_region"
        ],
        "item_count": 1
      },
      {
        "name": "Right Side",
        "access_rules": [
          "$has_age|adult,bow",
          "@Gerudo Training Grounds MQ/Back Areas,longshot",
          "@Gerudo Training Grounds MQ/Central Maze Right,hookshot"
        ],
        "visibility_rules": [
          "hidden_region"
        ],
        "item_count": 1
      },
      {
        "name": "Underwater",
        "access_rules": [
          "@Gerudo Training Grounds MQ/Right Side,bow,hoverboots",
          "@Gerudo Training Grounds MQ/Right Side,longshot,hoverboots",
          "@Gerudo Training Grounds MQ/Central Maze Right,longshot",
          "@Gerudo Training Grounds MQ/Central Maze Right,hookshot,bow"
        ],
        "visibility_rules": [
          "hidden_region"
        ],
        "item_count": 1
      },
      {
        "name": "Lobby Chests",
        "short_name": "Lobby",
        "item_count": 2
      },
      {
        "name": "First Iron Knuckle Chest",
        "short_name": "Knuckle 1",
        "access_rules": [
          "@Gerudo Training Grounds MQ/Left Side,$has_age|adult",
          "@Gerudo Training Grounds MQ/Left Side,$has_explosives"
        ],
        "item_count": 1
      },
      {
        "name": "Before Heavy Block Chest",
        "short_name": "Stalfos",
        "access_rules": [
          "@Gerudo Training Grounds MQ/Stalfos Room,$has_age|adult"
        ],
        "item_count": 1
      },
      {
        "name": "Heavy Block Chest",
        "short_name": "Freezards",
        "access_rules": [
          "@Gerudo Training Grounds MQ/Stalfos Room,$has_age|adult,lift2"
        ],
        "item_count": 1
      },
      {
        "name": "Eye Statue Chest",
        "short_name": "Eye Statue",
        "access_rules": [
          "@Gerudo Training Grounds MQ/Back Areas,bow"
        ],
        "item_count": 1
      },
      {
        "name": "Second Iron Knuckle Chest",
        "short_name": "Knuckle 2",
        "access_rules": [
          "@Gerudo Training Grounds MQ/Back Areas"
        ],
        "item_count": 1
      },
      {
        "name": "Flame Circle Chest",
        "short_name": "Flame Circle",
        "access_rules": [
          "@Gerudo Training Grounds MQ/Back Areas,hookshot",
          "@Gerudo Training Grounds MQ/Back Areas,bow",
          "@Gerudo Training Grounds MQ/Back Areas,$has_explosives"
        ],
        "chest_unopened_img": "images/chest_brown_small_key.png",
        "item_count": 1
      },
      {
        "name": "Maze Right Chests",
        "short_name": "Maze Right",
        "access_rules": [
          "@Gerudo Training Grounds MQ/Central Maze Right"
        ],
        "item_count": 2
      },
      {
        "name": "Dinolfos Chest",
        "short_name": "Dinolfos",
        "access_rules": [
          "@Gerudo Training Grounds MQ/Right Side,$has_age|adult"
        ],
        "chest_unopened_img": "images/chest_brown_small_key.png",
        "item_count": 1
      },
      {
        "name": "Underwater Silver Rupee Chest",
        "short_name": "Toilet",
        "access_rules": [
          "@Gerudo Training Grounds MQ/Underwater,$has_fire,ironboots,$FTR_or_zora,$damage_single_instance_ohko",
          "{$hintable}"
        ],
        "capture_item": true,
        "chest_unopened_img": "images/chest_brown_small_key.png",
        "item_count": 1
      },
      {
        "name": "Hidden Ceiling Chest",
        "short_name": "Hidden Ceiling",
        "access_rules": [
          "[logic_lens_gtg_mq]",
          "$can_use_lens"
        ],
        "item_count": 1
      },
      {
        "name": "Maze Path First Chest",
        "short_name": "Maze 1",
        "item_count": 1
      },
      {
        "name": "Maze Path Second Chest",
        "short_name": "Maze 2",
        "item_count": 1
      },
      {
        "name": "Maze Path Third Chest",
        "short_name": "Maze 3",
        "access_rules": [
          "gtg_small_keys:1"
        ],
        "item_count": 1
      },
      {
        "name": "Ice Arrows Chest",
        "short_name": "Ice Arrows",
        "access_rules": [
          "@Gerudo Training Grounds MQ/Central Maze Right,gtg_small_keys:3",
          "{$hintable}"
        ],
        "capture_item": true,
        "item_count": 1
      }
    ],
    "map_locations": [
      {
        "map": "adult",
        "force_invisibility_rules": [
          "gtg_reg"
        ],
        "size": 50,
        "x": 520,
        "y": 445
      }
    ]
  }
]