[
  {
    "name": "Deku Tree MQ",
    "parent": "Kokiri Forest",
    "access_rules": [
      "deku_mq,open_forest",
      "deku_mq,sword1,shield1"
    ],
    "sections": [
      {
        "name": "Map Chest",
        "item_count": 1
      },
      {
        "name": "Slingshot Chest",
        "short_name": "Slingshot",
        "access_rules": [
          "$can_child_attack"
        ],
        "item_count": 1
      },
      {
        "name": "Slingshot Room Back",
        "short_name": "Slingshot Back",
        "access_rules": [
          "sticks",
          "dinsfire,magic"
        ],
        "item_count": 1
      },
      {
        "name": "Compass Chest",
        "short_name": "Compass",
        "access_rules": [
          "sling,sticks",
          "sling,dinsfire,magic"
        ],
        "item_count": 1
      },
      {
        "name": "Basement",
        "access_rules": [
          "@Deku Tree MQ/Slingshot Room Back"
        ],
        "item_count": 1
      },
      {
        "name": "Before Spinning Log",
        "short_name": "Before Log",
        "access_rules": [
          "@Deku Tree MQ/Compass Chest"
        ],
        "item_count": 1
      },
      {
        "name": "After Spinning Log",
        "short_name": "After Log",
        "access_rules": [
          "@Deku Tree MQ/Compass Chest,ocarina,time",
          "{$hintable}"
        ],
        "capture_item": true,
        "item_count": 1
      },
      {
        "name": "Queen Gohma",
        "access_rules": [
          "[sling],sticks,shield1",
          "[sling],dinsfire,magic,sword1,shield1"
        ],
        "hosted_item": "deku",
        "chest_unopened_img": "images/HC.png",
        "chest_opened_img": "images/HC_grey.png",
        "item_count": 1
      }
    ],
    "map_locations": [
      {
        "map": "child",
        "visibility_rules": [
          "deku_mq"
        ],
        "x": 2426,
        "y": 860
      }
    ],
    "children": [
      {
        "name": "Deku Tree MQ Skulltulas",
        "access_rules": [
          "setting_skulltulas_dungeons"
        ],
        "sections": [
          {
            "name": "GS8 - Crate Near Map",
            "short_name": "Near Map",
            "access_rules": [
              "$can_child_attack"
            ],
            "chest_unopened_img": "images/skulltula.png",
            "chest_opened_img": "images/skulltula_token.png",
            "item_count": 1
          },
          {
            "name": "GS9 - Compass Room",
            "short_name": "Compass",
            "access_rules": [
              "@Deku Tree MQ/Compass Chest,boomerang,bombs,ocarina,time",
              "@Deku Tree MQ/Compass Chest,boomerang,bombchu",
              "{@Deku Tree MQ/Compass Chest,bombs,ocarina,time}",
              "{@Deku Tree MQ/Compass Chest,bombchu}"
            ],
            "capture_item": true,
            "chest_unopened_img": "images/skulltula.png",
            "chest_opened_img": "images/skulltula_token.png",
            "item_count": 1
          },
          {
            "name": "GS10 - Basement Ceiling",
            "short_name": "Ceiling",
            "access_rules": [
              "@Deku Tree MQ/Compass Chest,boomerang,ocarina,time",
              "{@Deku Tree MQ/Compass Chest,sling}",
              "{$hintable}"
            ],
            "capture_item": true,
            "chest_unopened_img": "images/skulltula.png",
            "chest_opened_img": "images/skulltula_token.png",
            "item_count": 1
          },
          {
            "name": "GS11 - Basement Back Room",
            "short_name": "Back Room",
            "access_rules": [
              "@Deku Tree MQ/Compass Chest,boomerang",
              "{@Deku Tree MQ/Compass Chest,sling}"
            ],
            "capture_item": true,
            "chest_unopened_img": "images/skulltula.png",
            "chest_opened_img": "images/skulltula_token.png",
            "item_count": 1
          }
        ],
        "map_locations": [
          {
            "map": "child",
            "visibility_rules": [
              "deku_mq,setting_skulltulas_dungeons"
            ],
            "x": 2460,
            "y": 860
          }
        ]
      },
      {
        "name": "Deku Tree MQ Scrubs",
        "access_rules": [
          "setting_scrub_shuffle_yes"
        ],
        "sections": [
          {
            "name": "Upper Basement",
            "short_name": "Basement",
            "access_rules": [
              "@Deku Tree MQ/Compass Chest"
            ],
            "chest_unopened_img": "images/deku_scrub.png",
            "chest_opened_img": "images/deku_scrub_grey.png",
            "item_count": 1
          },
        ],
        "map_locations": [
          {
            "map": "child",
            "visibility_rules": [
              "deku_mq,setting_scrub_shuffle_yes"
            ],
            "x": 2426,
            "y": 890
          }
        ]
      }
    ]
  },
  {
    "name": "Dodongos Cavern MQ",
    "parent": "Death Mountain",
    "access_rules": [
      "dodongo_mq,$can_blast",
      "dodongo_mq,lift1"
    ],
    "sections": [
      {
        "name": "Map Chest",
        "short_name": "Map",
        "item_count": 1
      },
      {
        "name": "Compass Chest",
        "short_name": "Compass",
        "access_rules": [
          "sword2",
          "$can_child_attack",
          "nuts"
        ],
        "item_count": 1
      },
      {
        "name": "Larva Room",
        "short_name": "Larva",
        "access_rules": [
          "$has_fire",
          "sticks,$has_explosives",
          "sticks,lift1"
        ],
        "item_count": 1
      },
      {
        "name": "Torch Puzzle Room",
        "short_name": "Platform",
        "access_rules": [
          "$can_blast",
          "sticks",
          "dinsfire,magic",
          "sword2,[hoverboots]",
          "sword2,[hookshot]"
        ],
        "item_count": 1
      },
      {
        "name": "Bomb Bag Chest",
        "short_name": "Bomb Bag",
        "access_rules": [
          "sword2",
          "sling,sticks",
          "sling,dinsfire,magic",
          "sling,$has_explosives"
        ],
        "item_count": 1
      },
      {
        "name": "Under Grave",
        "access_rules": [
          "bombs",
          "bombchu,[bombs]"
        ],
        "item_count": 1
      },
      {
        "name": "Above Boss",
        "access_rules": [
          "@Dodongos Cavern MQ/Under Grave"
        ],
        "item_count": 1
      },
      {
        "name": "King Dodongo",
        "access_rules": [
          "@Dodongos Cavern MQ/Under Grave,bombs,sword2",
          "@Dodongos Cavern MQ/Under Grave,lift1,sword2",
          "@Dodongos Cavern MQ/Under Grave,bombs,sticks",
          "@Dodongos Cavern MQ/Under Grave,lift1,sticks",
          "@Dodongos Cavern MQ/Under Grave,bombs,sword1",
          "@Dodongos Cavern MQ/Under Grave,lift1,sword1"
        ],
        "hosted_item": "dodongo",
        "chest_unopened_img": "images/HC.png",
        "chest_opened_img": "images/HC_grey.png",
        "item_count": 1
      }
    ],
    "map_locations": [
      {
        "map": "child",
        "visibility_rules": [
          "dodongo_mq"
        ],
        "x": 1684,
        "y": 250
      },
      {
        "map": "adult",
        "visibility_rules": [
          "dodongo_mq"
        ],
        "x": 1684,
        "y": 250
      }
    ],
    "children": [
      {
        "name": "Dodongos Cavern MQ Skulltulas",
        "access_rules": [
          "setting_skulltulas_dungeons"
        ],
        "sections": [
          {
            "name": "GS38 - Song of Time Block Room",
            "short_name": "Song of Time",
            "access_rules": [
              "ocarina,time,$can_child_attack",
              "ocarina,time,sword2"
            ],
            "chest_unopened_img": "images/skulltula.png",
            "chest_opened_img": "images/skulltula_token.png",
            "item_count": 1
          },
          {
            "name": "GS39 - Larva Room",
            "short_name": "Larva",
            "access_rules": [
              "@Dodongos Cavern MQ/Larva Room"
            ],
            "chest_unopened_img": "images/skulltula.png",
            "chest_opened_img": "images/skulltula_token.png",
            "item_count": 1
          },
          {
            "name": "GS40 - Lizalfos Room",
            "short_name": "Lizalfos",
            "access_rules": [
              "$can_blast"
            ],
            "chest_unopened_img": "images/skulltula.png",
            "chest_opened_img": "images/skulltula_token.png",
            "item_count": 1
          },
          {
            "name": "GS41 - Scrub Room",
            "short_name": "Scrub",
            "access_rules": [
              "boomerang,sling,$has_explosives",
              "boomerang,sword2,$has_explosives",
              "boomerang,sling,lift1,sticks",
              "boomerang,sling,lift1,dinsfire,magic",
              "boomerang,sling,lift1,sword2,[hoverboots]",
              "boomerang,sling,lift1,sword2,[hammer]",
              "sword2,hookshot,$has_explosives",
              "sword2,hookshot,lift1",
              "sword2,hookshot,bow",
              "sword2,hookshot,dinsfire,magic"
            ],
            "chest_unopened_img": "images/skulltula.png",
            "chest_opened_img": "images/skulltula_token.png",
            "item_count": 1
          },
          {
            "name": "GS42 - Back Area",
            "short_name": "Back Area",
            "access_rules": [
              "@Dodongos Cavern MQ/Under Grave"
            ],
            "chest_unopened_img": "images/skulltula.png",
            "chest_opened_img": "images/skulltula_token.png",
            "item_count": 1
          }
        ],
        "map_locations": [
          {
            "map": "child",
            "visibility_rules": [
              "dodongo_mq,setting_skulltulas_dungeons"
            ],
            "x": 1654,
            "y": 250
          },
          {
            "map": "adult",
            "visibility_rules": [
              "dodongo_mq,setting_skulltulas_dungeons"
            ],
            "x": 1654,
            "y": 250
          }
        ]
      },
      {
        "name": "Dodongos Cavern MQ Scrubs",
        "access_rules": [
          "setting_scrub_shuffle_yes"
        ],
        "sections": [
          {
            "name": "Deku Sticks / Deku Seeds",
            "short_name": "Main Room",
            "access_rules": [
              "$can_stun_deku"
            ],
            "chest_unopened_img": "images/deku_scrub.png",
            "chest_opened_img": "images/deku_scrub_grey.png",
            "clear_as_group": false,
            "item_count": 2
          },
          {
            "name": "Red Potion",
            "short_name": "East Side",
            "access_rules": [
              "sword2",
              "sticks",
              "dinsfire,magic",
              "$has_explosives"
            ],
            "chest_unopened_img": "images/deku_scrub.png",
            "chest_opened_img": "images/deku_scrub_grey.png",
            "item_count": 1
          },
          {
            "name": "Deku Shield",
            "short_name": "Above Stairs",
            "access_rules": [
              "$can_stun_deku"
            ],
            "chest_unopened_img": "images/deku_scrub.png",
            "chest_opened_img": "images/deku_scrub_grey.png",
            "item_count": 1
          }
        ],
        "map_locations": [
          {
            "map": "child",
            "visibility_rules": [
              "dodongo_mq,setting_scrub_shuffle_yes"
            ],
            "x": 1624,
            "y": 250
          },
          {
            "map": "adult",
            "visibility_rules": [
              "dodongo_mq,setting_scrub_shuffle_yes"
            ],
            "x": 1624,
            "y": 250
          }
        ]
      }
    ]
  },
  {
    "name": "Jabu Jabus Belly MQ",
    "parent": "Zoras Fountain",
    "access_rules": [
      "jabu_mq,$child_fountain,bottle"
    ],
    "sections": [
      {
        "name": "Map Chest",
        "short_name": "Map",
        "access_rules": [
          "$has_explosives"
        ],
        "item_count": 1
      },
      {
        "name": "Entry Side Chest",
        "short_name": "Entry",
        "access_rules": [
          "sling"
        ],
        "item_count": 1
      },
      {
        "name": "Second Room Lower Chest",
        "short_name": "Second Room Lower",
        "access_rules": [
          "@Jabu Jabus Belly MQ/Entry Side Chest"
        ],
        "item_count": 1
      },
      {
        "name": "Compass Chest",
        "short_name": "Compass",
        "access_rules": [
          "@Jabu Jabus Belly MQ/Entry Side Chest"
        ],
        "item_count": 1
      },
      {
        "name": "Basement South Chest",
        "short_name": "Basement South",
        "access_rules": [
          "@Jabu Jabus Belly MQ/Entry Side Chest"
        ],
        "item_count": 1
      },
      {
        "name": "Basement North Chest",
        "short_name": "Basement North",
        "access_rules": [
          "@Jabu Jabus Belly MQ/Entry Side Chest"
        ],
        "item_count": 1
      },
      {
        "name": "Boomerang Chest",
        "short_name": "Boomerang",
        "access_rules": [
          "@Jabu Jabus Belly MQ/Entry Side Chest"
        ],
        "item_count": 1
      },
      {
        "name": "Boomerang Room Small Chest",
        "short_name": "Boomerang Small",
        "access_rules": [
          "@Jabu Jabus Belly MQ/Entry Side Chest"
        ],
        "item_count": 1
      },
      {
        "name": "Falling Like Like Room Chest",
        "short_name": "Like Like",
        "access_rules": [
          "@Jabu Jabus Belly MQ/Entry Side Chest,boomerang,$has_explosives"
        ],
        "item_count": 1
      },
      {
        "name": "Second Room Upper Chest",
        "short_name": "Second Room Upper",
        "access_rules": [
          "@Jabu Jabus Belly MQ/Falling Like Like Room Chest,sticks",
          "@Jabu Jabus Belly MQ/Falling Like Like Room Chest,sword1,dinsfire,magic"
        ],
        "item_count": 1
      },
      {
        "name": "Near Boss Chest",
        "short_name": "Near Boss",
        "access_rules": [
          "@Jabu Jabus Belly MQ/Second Room Upper Chest"
        ],
        "item_count": 1
      },
      {
        "name": "Barinade",
        "access_rules": [
          "@Jabu Jabus Belly MQ/Second Room Upper Chest"
        ],
        "hosted_item": "jabu",
        "chest_unopened_img": "images/HC.png",
        "chest_opened_img": "images/HC_grey.png",
        "item_count": 1
      }
    ],
    "map_locations": [
      {
        "map": "child",
        "visibility_rules": [
          "jabu_mq"
        ],
        "x": 2458,
        "y": 328
      }
    ],
    "children": [
      {
        "name": "Jabu Jabus Belly MQ Skulltulas",
        "access_rules": [
          "setting_skulltulas_dungeons"
        ],
        "sections": [
          {
            "name": "GS51 - Boomerang Room",
            "short_name": "Boomerang",
            "access_rules": [
              "@Jabu Jabus Belly MQ/Boomerang Chest,ocarina,time",
              "@Jabu Jabus Belly MQ/Boomerang Chest,boomerang,[ocarina],[time]"
            ],
            "chest_unopened_img": "images/skulltula.png",
            "chest_opened_img": "images/skulltula_token.png",
            "item_count": 1
          },
          {
            "name": "GS52 - Tailpasaran Room",
            "short_name": "Tailpasaran",
            "access_rules": [
              "@Jabu Jabus Belly MQ/Falling Like Like Room Chest,sticks",
              "@Jabu Jabus Belly MQ/Falling Like Like Room Chest,dinsfire,magic"
            ],
            "chest_unopened_img": "images/skulltula.png",
            "chest_opened_img": "images/skulltula_token.png",
            "item_count": 1
          },
          {
            "name": "GS53 - Invisible Enemies Room",
            "short_name": "Invisible Enemies",
            "access_rules": [
              "@Jabu Jabus Belly MQ/Falling Like Like Room Chest,$can_see_with_lens",
              "{$hintable}"
            ],
            "capture_item": true,
            "chest_unopened_img": "images/skulltula.png",
            "chest_opened_img": "images/skulltula_token.png",
            "item_count": 1
          },
          {
            "name": "GS54 - Near Boss",
            "short_name": "Near Boss",
            "access_rules": [
              "@Jabu Jabus Belly MQ/Second Room Upper Chest"
            ],
            "chest_unopened_img": "images/skulltula.png",
            "chest_opened_img": "images/skulltula_token.png",
            "item_count": 1
          }
        ],
        "map_locations": [
          {
            "map": "child",
            "visibility_rules": [
              "jabu_mq,setting_skulltulas_dungeons"
            ],
            "x": 2458,
            "y": 298
          }
        ]
      },
      {
        "name": "Jabu Jabus Belly MQ Cow",
        "sections": [
          {
            "name": "Cow",
            "access_rules": [
              "@Jabu Jabus Belly MQ/Second Room Upper Chest,ocarina,epona,setting_cowsanity_yes"
            ],
            "chest_unopened_img": "images/cow.png",
            "chest_opened_img": "images/bottle_milk.png",
            "item_count": 1
          }
        ],
        "map_locations": [
          {
            "map": "child",
            "visibility_rules": [
              "jabu_mq,setting_cowsanity_yes"
            ],
            "x": 2458,
            "y": 358
          }
        ]
      }
    ]
  },
  {
    "name": "Ice Cavern MQ",
    "parent": "Zoras Fountain",
    "access_rules": [
      "ice_mq,$adult_fountain,$has_bottle"
    ],
    "sections": [
      {
        "name": "Map Chest",
        "short_name": "Map",
        "item_count": 1
      },
      {
        "name": "Compass Chest",
        "short_name": "Compass",
        "item_count": 1
      },
      {
        "name": "Freestanding HP",
        "short_name": "Frozen HP",
        "access_rules": [
          "$has_explosives",
          "{}"
        ],
        "capture_item": true,
        "chest_unopened_img": "images/HP.png",
        "chest_opened_img": "images/HP_grey.png",
        "item_count": 1
      },
      {
        "name": "Iron Boots Chest",
        "short_name": "Iron Boots",
        "item_count": 1
      },
      {
        "name": "Sheik in Ice Cavern",
        "short_name": "Sheik",
        "access_rules": [
          "$has_bottle",
          "{$hintable}"
        ],
        "capture_item": true,
        "chest_unopened_img": "images/grey_note.png",
        "chest_opened_img": "images/grey_note_check.png",
        "item_count": 1
      }
    ],
    "map_locations": [
      {
        "map": "adult",
        "visibility_rules": [
          "ice_mq"
        ],
        "x": 2471,
        "y": 276
      }
    ],
    "children": [
      {
        "name": "Ice Cavern MQ Skulltulas",
        "access_rules": [
          "setting_skulltulas_dungeons"
        ],
        "sections": [
          {
            "name": "GS70 - Red Ice",
            "short_name": "Red Ice",
            "access_rules": [
              "ocarina,time"
            ],
            "chest_unopened_img": "images/skulltula.png",
            "chest_opened_img": "images/skulltula_token.png",
            "item_count": 1
          },
          {
            "name": "GS71 - Scarecrow",
            "short_name": "Scarecrow",
            "access_rules": [
              "hookshot,ocarina,[scarecrow]",
              "longshot,hoverboots"
            ],
            "chest_unopened_img": "images/skulltula.png",
            "chest_opened_img": "images/skulltula_token.png",
            "item_count": 1
          },
          {
            "name": "GS72 - Ice Block",
            "short_name": "Ice Block",
            "chest_unopened_img": "images/skulltula.png",
            "chest_opened_img": "images/skulltula_token.png",
            "item_count": 1
          }
        ],
        "map_locations": [
          {
            "map": "adult",
            "visibility_rules": [
              "ice_mq,setting_skulltulas_dungeons"
            ],
            "x": 2471,
            "y": 246
          }
        ]
      }
    ]
  }
]