[
  {
    "name": "Deku Tree MQ",
    "parent": "Forest C",
    "access_rules": [
      "deku_mq,open_forest",
      "deku_mq,sword1,shield1"
    ],
    "sections": [
      {
        "name": "Map Chest",
        "item_count": 1
      },
      {
        "name": "Slingshot Chest",
        "access_rules": [
          "@logic/can child attack"
        ],
        "item_count": 1
      },
      {
        "name": "Slingshot Room Back",
        "access_rules": [
          "sticks",
          "dinsfire,magic"
        ],
        "item_count": 1
      },
      {
        "name": "Compass Chest",
        "access_rules": [
          "sling,sticks",
          "sling,dinsfire,magic"
        ],
        "item_count": 1
      },
      {
        "name": "Basement",
        "access_rules": [
          "sticks",
          "dinsfire,magic"
        ],
        "item_count": 1
      },
      {
        "name": "Before Spinning Log",
        "access_rules": [
          "@Deku Tree MQ/Compass Chest"
        ],
        "item_count": 1
      },
      {
        "name": "After Spinning Log",
        "access_rules": [
          "@Deku Tree MQ/Compass Chest,ocarina,time"
        ],
        "capture_item": true,
        "item_count": 1
      },
      {
        "name": "Queen Gohma",
        "access_rules": [
          "sling,sticks,shield1",
          "sling,dinsfire,magic,sword1,shield1"
        ],
        "hosted_item": "deku",
        "chest_unopened_img": "images/HC.png",
        "chest_opened_img": "images/HC_grey.png",
        "item_count": 1
      }
    ],
    "map_locations": [
      {
        "map": "child",
        "x": 2426,
        "y": 860
      }
    ],
    "children": [
      {
        "name": "Deku Tree MQ Skulltulas",
        "access_rules": [
          "dungeon_skulltulas"
        ],
        "sections": [
          {
            "name": "GS8 - Crate Near Map",
            "short_name": "Crate Near Map",
            "access_rules": [
              "@logic/can child attack"
            ],
            "chest_unopened_img": "images/skulltula.png",
            "chest_opened_img": "images/skulltula_token.png",
            "item_count": 1
          },
          {
            "name": "GS9 - Compass Room",
            "short_name": "Compass Room",
            "access_rules": [
              "@Deku Tree MQ/Compass Chest,boomerang,bombs,ocarina,time",
              "@Deku Tree MQ/Compass Chest,boomerang,bombchu"
            ],
            "chest_unopened_img": "images/skulltula.png",
            "chest_opened_img": "images/skulltula_token.png",
            "item_count": 1
          },
          {
            "name": "GS10 - Basement Ceiling",
            "short_name": "Basement Ceiling",
            "access_rules": [
              "@Deku Tree MQ/Compass Chest,boomerang,ocarina,time"
            ],
            "chest_unopened_img": "images/skulltula.png",
            "chest_opened_img": "images/skulltula_token.png",
            "item_count": 1
          },
          {
            "name": "GS11 - Basement Back Room",
            "short_name": "Back Room",
            "access_rules": [
              "@Deku Tree MQ/Compass Chest,boomerang"
            ],
            "chest_unopened_img": "images/skulltula.png",
            "chest_opened_img": "images/skulltula_token.png",
            "item_count": 1
          }
        ],
        "map_locations": [
          {
            "map": "child",
            "x": 2460,
            "y": 860
          }
        ]
      },
      {
        "name": "Deku Tree MQ Scrubs",
        "access_rules": [
          "scrub_shuffle_yes"
        ],
        "sections": [
          {
            "name": "Upper Basement",
            "short_name": "Basement",
            "access_rules": [
              "@Deku Tree MQ/Compass Chest"
            ],
            "chest_unopened_img": "images/deku_scrub.png",
            "chest_opened_img": "images/deku_scrub_grey.png",
            "item_count": 1
          },
        ],
        "map_locations": [
          {
            "map": "child",
            "x": 2426,
            "y": 890
          }
        ]
      }
    ]
  },
  {
    "name": "Dodongos Cavern MQ",
    "parent": "Death Mountain C",
    "access_rules": [
      "dodongo_mq,@logic/can blast",
      "dodongo_mq,lift1"
    ],
    "sections": [
      {
        "name": "Map Chest",
        "item_count": 1
      },
      {
        "name": "Compass Chest",
        "access_rules": [
          "sword2",
          "@logic/can child attack",
          "nuts"
        ],
        "item_count": 1
      },
      {
        "name": "Larva Room",
        "access_rules": [
          "@logic/has fire",
          "sticks,@logic/explosives",
          "sticks,lift1"
        ],
        "item_count": 1
      },
      {
        "name": "Torch Puzzle Room",
        "access_rules": [
          "@logic/can blast",
          "sticks",
          "dinsfire,magic",
          "sword2,[hoverboots]",
          "sword2,[hookshot]"
        ],
        "item_count": 1
      },
      {
        "name": "Bomb Bag Chest",
        "access_rules": [
          "sword2",
          "sling,sticks",
          "sling,dinsfire,magic",
          "sling,@logic/explosives"
        ],
        "item_count": 1
      },
      {
        "name": "Under Grave",
        "access_rules": [
          "@logic/explosives"
        ],
        "item_count": 1
      },
      {
        "name": "Above Boss",
        "access_rules": [
          "@Dodongos Cavern MQ/Under Grave",
          "{agony}"
        ],
        "item_count": 1
      },
      {
        "name": "King Dodongo",
        "access_rules": [
          "@Dodongos Cavern MQ/Under Grave,bombs,sword2",
          "@Dodongos Cavern MQ/Under Grave,lift1,sword2",
          "@Dodongos Cavern MQ/Under Grave,bombs,sticks",
          "@Dodongos Cavern MQ/Under Grave,lift1,sticks",
          "@Dodongos Cavern MQ/Under Grave,bombs,sword1",
          "@Dodongos Cavern MQ/Under Grave,lift1,sword1"
        ],
        "hosted_item": "dodongo",
        "chest_unopened_img": "images/HC.png",
        "chest_opened_img": "images/HC_grey.png",
        "item_count": 1
      }
    ],
    "map_locations": [
      {
        "map": "child",
        "visibility_rules": [
          "@logic/explosives",
          "lift1"
        ],
        "x": 1684,
        "y": 220
      },
      {
        "map": "adult",
        "visibility_rules": [
          "sword2"
        ],
        "x": 1684,
        "y": 220
      }
    ],
    "children": [
      {
        "name": "Dodongos Cavern MQ Skulltulas",
        "access_rules": [
          "dungeon_skulltulas"
        ],
        "sections": [
          {
            "name": "GS38 - Song of Time Block Room",
            "short_name": "Song of Time Block Room",
            "access_rules": [
              "ocarina,time,@logic/can child attack",
              "ocarina,time,sword2"
            ],
            "chest_unopened_img": "images/skulltula.png",
            "chest_opened_img": "images/skulltula_token.png",
            "item_count": 1
          },
          {
            "name": "GS39 - Larva Room",
            "short_name": "Larva Room",
            "access_rules": [
              "@Dodongos Cavern MQ/Larva Room"
            ],
            "chest_unopened_img": "images/skulltula.png",
            "chest_opened_img": "images/skulltula_token.png",
            "item_count": 1
          },
          {
            "name": "GS40 - Lizalfos Room",
            "short_name": "Lizalfos Room",
            "access_rules": [
              "@logic/can blast"
            ],
            "chest_unopened_img": "images/skulltula.png",
            "chest_opened_img": "images/skulltula_token.png",
            "item_count": 1
          },
          {
            "name": "GS41 - Scrub/Poe Room",
            "short_name": "Scrub/Poe Room",
            "access_rules": [
              "boomerang,sling,@logic/explosives",
              "boomerang,sword2,@logic/explosives",
              "boomerang,sling,lift1,sticks",
              "boomerang,sling,lift1,dinsfire,magic",
              "boomerang,sling,lift1,sword2,[hoverboots]",
              "boomerang,sling,lift1,sword2,[hammer]",
              "sword2,hookshot,@logic/explosives",
              "sword2,hookshot,lift1",
              "sword2,hookshot,bow",
              "sword2,hookshot,dinsfire,magic"
            ],
            "chest_unopened_img": "images/skulltula.png",
            "chest_opened_img": "images/skulltula_token.png",
            "item_count": 1
          },
          {
            "name": "GS42 - Back Area",
            "short_name": "Back Area",
            "access_rules": [
              "@logic/explosives"
            ],
            "chest_unopened_img": "images/skulltula.png",
            "chest_opened_img": "images/skulltula_token.png",
            "item_count": 1
          }
        ],
        "map_locations": [
          {
            "map": "child",
            "visibility_rules": [
              "@logic/explosives",
              "lift1"
            ],
            "x": 1650,
            "y": 220
          },
          {
            "map": "adult",
            "visibility_rules": [
              "sword2"
            ],
            "x": 1650,
            "y": 220
          }
        ]
      },
      {
        "name": "Dodongos Cavern MQ Scrubs",
        "access_rules": [
          "scrub_shuffle_yes"
        ],
        "sections": [
          {
            "name": "Main Room",
            "short_name": "Main Room",
            "access_rules": [
              "@logic/can stun deku"
            ],
            "chest_unopened_img": "images/deku_scrub.png",
            "chest_opened_img": "images/deku_scrub_grey.png",
            "item_count": 2
          },
          {
            "name": "1F Right - Red Potion",
            "short_name": "1F Right",
            "access_rules": [
              "sword2",
              "sticks",
              "dinsfire,magic",
              "@logic/explosives"
            ],
            "chest_unopened_img": "images/deku_scrub.png",
            "chest_opened_img": "images/deku_scrub_grey.png",
            "item_count": 1
          },
          {
            "name": "Above Stairs",
            "short_name": "Above Stairs",
            "access_rules": [
              "@logic/can stun deku"
            ],
            "chest_unopened_img": "images/deku_scrub.png",
            "chest_opened_img": "images/deku_scrub_grey.png",
            "item_count": 1
          }
        ],
        "map_locations": [
          {
            "map": "child",
            "visibility_rules": [
              "@logic/explosives",
              "lift1"
            ],
            "x": 1650,
            "y": 252
          },
          {
            "map": "adult",
            "visibility_rules": [
              "sword2"
            ],
            "x": 1650,
            "y": 252
          }
        ]
      }
    ]
  },
  {
    "name": "Jabu Jabus Belly MQ",
    "parent": "Zoras Fountain C",
    "access_rules": [
      "jabu_mq"
    ],
    "sections": [
      {
        "name": "Map Chest",
        "access_rules": [
          "@logic/explosives"
        ],
        "item_count": 1
      },
      {
        "name": "Entry Side Chest",
        "access_rules": [
          "sling"
        ],
        "item_count": 1
      },
      {
        "name": "Second Room Lower Chest",
        "access_rules": [
          "@Jabu Jabus Belly MQ/Entry Side Chest"
        ],
        "item_count": 1
      },
      {
        "name": "Compass Chest",
        "access_rules": [
          "@Jabu Jabus Belly MQ/Entry Side Chest"
        ],
        "item_count": 1
      },
      {
        "name": "Basement South Chest",
        "access_rules": [
          "@Jabu Jabus Belly MQ/Entry Side Chest"
        ],
        "item_count": 1
      },
      {
        "name": "Basement North Chest",
        "access_rules": [
          "@Jabu Jabus Belly MQ/Entry Side Chest"
        ],
        "item_count": 1
      },
      {
        "name": "Boomerang Room Small Chest",
        "access_rules": [
          "@Jabu Jabus Belly MQ/Entry Side Chest"
        ],
        "item_count": 1
      },
      {
        "name": "Boomerang Chest",
        "access_rules": [
          "@Jabu Jabus Belly MQ/Entry Side Chest"
        ],
        "item_count": 1
      },
      {
        "name": "Falling Like Like Room Chest",
        "access_rules": [
          "@Jabu Jabus Belly MQ/Entry Side Chest,boomerang,@logic/explosives"
        ],
        "item_count": 1
      },
      {
        "name": "Second Room Upper Chest",
        "access_rules": [
          "@Jabu Jabus Belly MQ/Falling Like Like Room Chest,sticks",
          "@Jabu Jabus Belly MQ/Falling Like Like Room Chest,sword1,dinsfire,magic"
        ],
        "item_count": 1
      },
      {
        "name": "Near Boss Chest",
        "access_rules": [
          "@Jabu Jabus Belly MQ/Second Room Upper Chest"
        ],
        "item_count": 1
      },
      {
        "name": "Barinade",
        "access_rules": [
          "@Jabu Jabus Belly MQ/Second Room Upper Chest"
        ],
        "hosted_item": "jabu",
        "chest_unopened_img": "images/HC.png",
        "chest_opened_img": "images/HC_grey.png",
        "item_count": 1
      }
    ],
    "map_locations": [
      {
        "map": "child",
        "x": 2488,
        "y": 328
      }
    ],
    "children": [
      {
        "name": "Jabu Jabus Belly MQ Skulltulas",
        "access_rules": [
          "dungeon_skulltulas"
        ],
        "sections": [
          {
            "name": "GS51 - Boomerang Room",
            "short_name": "Boomerang Room",
            "access_rules": [
              "@Jabu Jabus Belly MQ/Boomerang Chest,ocarina,time",
              "@Jabu Jabus Belly MQ/Boomerang Chest,boomerang,[ocarina],[time]"
            ],
            "chest_unopened_img": "images/skulltula.png",
            "chest_opened_img": "images/skulltula_token.png",
            "item_count": 1
          },
          {
            "name": "GS52 - Tailpasaran Room",
            "short_name": "Tailpasaran Room",
            "access_rules": [
              "@Jabu Jabus Belly MQ/Falling Like Like Room Chest,sticks",
              "@Jabu Jabus Belly MQ/Falling Like Like Room Chest,dinsfire,magic"
            ],
            "chest_unopened_img": "images/skulltula.png",
            "chest_opened_img": "images/skulltula_token.png",
            "item_count": 1
          },
          {
            "name": "GS53 - Invisible Enemies Room",
            "short_name": "Invisible Enemies Room",
            "access_rules": [
              "@Jabu Jabus Belly MQ/Falling Like Like Room Chest,@logic/lens"
            ],
            "capture_item": true,
            "chest_unopened_img": "images/skulltula.png",
            "chest_opened_img": "images/skulltula_token.png",
            "item_count": 1
          },
          {
            "name": "GS54 - Near Boss",
            "short_name": "Near Boss",
            "access_rules": [
              "@Jabu Jabus Belly MQ/Second Room Upper Chest"
            ],
            "chest_unopened_img": "images/skulltula.png",
            "chest_opened_img": "images/skulltula_token.png",
            "item_count": 1
          }
        ],
        "map_locations": [
          {
            "map": "child",
            "x": 2476,
            "y": 293
          }
        ]
      }
    ]
  },
  {
    "name": "Forest Temple MQ",
    "parent": "Sacred Forest Meadow A",
    "access_rules": [
      "forest_mq,hookshot"
    ],
    "sections": [
      {
        "name": "First Chest",
        "item_count": 1
      },
      {
        "name": "Boss Key Chest",
        "access_rules": [
          "lift1",
          "bombchu,[lift1]"
        ],
        "chest_unopened_img": "images/chest_golden_closed.png",
        "chest_opened_img": "images/chest_golden_open.png",
        "item_count": 1
      },
      {
        "name": "Redead Chest",
        "access_rules": [
          "[lift1]",
          "[bombchu]"
        ],
        "item_count": 1
      },
      {
        "name": "Well Chest",
        "access_rules": [
          "bow",
          "@Forest Temple MQ/Redead Chest,ironboots,[bow]"
        ],
        "item_count": 1
      },
      {
        "name": "NE Outdoors Upper Chest",
        "access_rules": [
          "bow,[firearrow]",
          "bow,[ocarina],[time]",
          "bow,[longshot]",
        ],
        "item_count": 1
      },
      {
        "name": "Bow Chest",
        "access_rules": [
          "@Forest Temple MQ/Boss Key Chest"
        ],
        "item_count": 1
      },
      {
        "name": "Chest Behind Lobby",
        "access_rules": [
          "ocarina,time",
          "@Forest Temple MQ/Bow Chest"
        ],
        "item_count": 1
      },
      {
        "name": "Map Chest",
        "access_rules": [
          "@Forest Temple MQ/Bow Chest,bow"
        ],
        "item_count": 1
      },
      {
        "name": "Compass Chest",
        "access_rules": [
          "@Forest Temple MQ/Bow Chest,bow"
        ],
        "item_count": 1
      },
      {
        "name": "Falling Room Chest",
        "access_rules": [
          "@Forest Temple MQ/Bow Chest,bow",
          "@Forest Temple MQ/Bow Chest,dinsfire,magic",
        ],
        "item_count": 1
      },
      {
        "name": "NE Outdoors Lower Chest",
        "access_rules": [
          "bow,longshot",
          "@Forest Temple MQ/Falling Room Chest"
        ],
        "item_count": 1
      },
      {
        "name": "Near Boss Chest",
        "access_rules": [
          "@Forest Temple MQ/Falling Room Chest,bow"
        ],
        "item_count": 1
      },
      {
        "name": "Phantom Ganon",
        "access_rules": [
          "@Forest Temple MQ/Near Boss Chest"
        ],
        "hosted_item": "forest",
        "chest_unopened_img": "images/HC.png",
        "chest_opened_img": "images/HC_grey.png",
        "item_count": 1
      }
    ],
    "map_locations": [
      {
        "map": "adult",
        "x": 2148,
        "y": 586
      }
    ],
    "children": [
      {
        "name": "Forest Temple MQ Skulltulas",
        "access_rules": [
          "dungeon_skulltulas"
        ],
        "sections": [
          {
            "name": "GS60 - First Hallway",
            "short_name": "First Hallway",
            "chest_unopened_img": "images/skulltula.png",
            "chest_opened_img": "images/skulltula_token.png",
            "item_count": 1
          },
          {
            "name": "GS61 - Block Push Room",
            "short_name": "Block Push Room",
            "chest_unopened_img": "images/skulltula.png",
            "chest_opened_img": "images/skulltula_token.png",
            "item_count": 1
          },
          {
            "name": "GS62 - Outdoor West",
            "short_name": "Outdoor West",
            "access_rules": [
              "@Forest Temple MQ/Redead Chest",
              "bow"
            ],
            "chest_unopened_img": "images/skulltula.png",
            "chest_opened_img": "images/skulltula_token.png",
            "item_count": 1
          },
          {
            "name": "GS63 - Outdoor East",
            "short_name": "Outdoor East",
            "access_rules": [
              "@Forest Temple MQ/Redead Chest,ironboots",
              "@Forest Temple MQ/Redead Chest,scale2",
              "bow"
            ],
            "chest_unopened_img": "images/skulltula.png",
            "chest_opened_img": "images/skulltula_token.png",
            "item_count": 1
          },
          {
            "name": "GS64 - Well",
            "short_name": "Well",
            "access_rules": [
              "@Forest Temple MQ/Redead Chest,ironboots",
              "bow"
            ],
            "chest_unopened_img": "images/skulltula.png",
            "chest_opened_img": "images/skulltula_token.png",
            "item_count": 1
          }
        ],
        "map_locations": [
          {
            "map": "adult",
            "x": 2180,
            "y": 586
          }
        ]
      }
    ]
  },
  {
    "name": "Fire Temple MQ",
    "parent": "Death Mountain Crater A",
    "access_rules": [
      "fire_mq,@Sheik in Crater,@logic/redtunic"
    ],
    "sections": [
      {
        "name": "Entrance Hallway Small Chest",
        "item_count": 1
      },
      {
        "name": "Chest Near Boss",
        "access_rules": [
          "hoverboots,@logic/has fire",
          "hookshot,bow,firearrow,magic",
          "hookshot,dinsfire,magic"
        ],
        "item_count": 1
      },
      {
        "name": "Megaton Hammer Chest",
        "item_count": 1
      },
      {
        "name": "Map Chest",
        "access_rules": [
          "@Fire Temple MQ/Megaton Hammer Chest,hammer"
        ],
        "item_count": 1
      },
      {
        "name": "Boss Key Chest",
        "access_rules": [
          "hammer,hookshot,@logic/has fire,[bow]"
        ],
        "chest_unopened_img": "images/chest_golden_closed.png",
        "chest_opened_img": "images/chest_golden_open.png",
        "item_count": 1
      },
      {
        "name": "Big Lava Room Bombable Chest",
        "access_rules": [
          "hammer,hookshot,@logic/has fire,@logic/explosives"
        ],
        "item_count": 1
      },
      {
        "name": "Maze Lower Chest",
        "access_rules": [
          "hammer,@logic/has fire,[redtunic]"
        ],
        "item_count": 1
      },
      {
        "name": "Maze Upper Chest",
        "access_rules": [
          "@Fire Temple MQ/Maze Lower Chest,hookshot,[@logic/explosives]"
        ],
        "item_count": 1
      },
      {
        "name": "Maze Side Room",
        "access_rules": [
          "@Fire Temple MQ/Maze Upper Chest,@logic/explosives"
        ],
        "item_count": 1
      },
      {
        "name": "Compass Chest",
        "access_rules": [
          "@Fire Temple MQ/Maze Upper Chest,@logic/explosives"
        ],
        "item_count": 1
      },
      {
        "name": "Freestanding Key",
        "access_rules": [
          "@Fire Temple MQ/Maze Upper Chest,bow"
        ],
        "item_count": 1
      },
      {
        "name": "West Tower Top Chest",
        "access_rules": [
          "@Fire Temple MQ/Freestanding Key"
        ],
        "capture_item": true,
        "item_count": 1
      },
      {
        "name": "Volvagia",
        "access_rules": [
          "@Fire Temple MQ/Freestanding Key,hammer,@logic/has fire",
          "hoverboots,hammer,@logic/has fire,[redtunic]"
        ],
        "hosted_item": "fire",
        "chest_unopened_img": "images/HC.png",
        "chest_opened_img": "images/HC_grey.png",
        "item_count": 1
      }
    ],
    "map_locations": [
      {
        "map": "adult",
        "x": 1912,
        "y": 80
      }
    ],
    "children": [
      {
        "name": "Fire Temple MQ Skulltulas",
        "access_rules": [
          "dungeon_skulltulas"
        ],
        "sections": [
          {
            "name": "GS65 - Big Lava Room",
            "short_name": "Big Lava Room",
            "access_rules": [
              "hammer"
            ],
            "chest_unopened_img": "images/skulltula.png",
            "chest_opened_img": "images/skulltula_token.png",
            "item_count": 1
          },
          {
            "name": "GS66 - East Tower Top",
            "short_name": "East Tower Top",
            "access_rules": [
              "@Fire Temple MQ/Maze Upper Chest,ocarina,time",
              "@Fire Temple MQ/Maze Upper Chest,longshot"
            ],
            "chest_unopened_img": "images/skulltula.png",
            "chest_opened_img": "images/skulltula_token.png",
            "item_count": 1
          },
          {
            "name": "GS67 - Fire Wall Maze Side Room",
            "short_name": "Fire Wall Maze Side Room",
            "access_rules": [
              "@Fire Temple MQ/Freestanding Key,ocarina,time",
              "@Fire Temple MQ/Freestanding Key,hoverboots"
            ],
            "chest_unopened_img": "images/skulltula.png",
            "chest_opened_img": "images/skulltula_token.png",
            "item_count": 1
          },
          {
            "name": "GS68 - Above Fire Wall Maze",
            "short_name": "Above Fire Wall Maze",
            "access_rules": [
              "@Fire Temple MQ/West Tower Top Chest"
            ],
            "chest_unopened_img": "images/skulltula.png",
            "chest_opened_img": "images/skulltula_token.png",
            "item_count": 1
          },
          {
            "name": "GS69 - Fire Wall Maze Center",
            "short_name": "Fire Wall Maze Center",
            "access_rules": [
              "@Fire Temple MQ/Freestanding Key,@logic/explosives"
            ],
            "chest_unopened_img": "images/skulltula.png",
            "chest_opened_img": "images/skulltula_token.png",
            "item_count": 1
          }
        ],
        "map_locations": [
          {
            "map": "adult",
            "x": 1912,
            "y": 115
          }
        ]
      }
    ]
  },
  {
    "name": "Water Temple MQ",
    "parent": "Lake Hylia A",
    "access_rules": [
      "water_mq,ironboots,hookshot,@logic/bluetunic",
      "water_mq,scale2,hookshot,@logic/bluetunic"
    ],
    "sections": [
      {
        "name": "Map Chest",
        "access_rules": [
          "ironboots,@logic/has fire",
          "longshot,[ironboots],@logic/has fire"
        ],
        "item_count": 1
      },
      {
        "name": "Longshot Chest",
        "access_rules": [
          "[ocarina],[lullaby],ironboots"
        ],
        "item_count": 1
      },
      {
        "name": "Compass Chest",
        "access_rules": [
          "ocarina,lullaby,ironboots,bow",
          "ocarina,lullaby,ironboots,dinsfire,magic",
          "ocarina,lullaby,longshot,[ironboots],bow",
          "ocarina,lullaby,longshot,[ironboots],dinsfire,magic"
        ],
        "item_count": 1
      },
      {
        "name": "Central Pillar Chest",
        "access_rules": [
          "ironboots,bow,firearrow,magic,[bluetunic]",
          "ironboots,dinsfire,magic,ocarina,time,[bluetunic]"
        ],
        "item_count": 1
      },
      {
        "name": "Boss Key Chest",
        "access_rules": [
          "longshot,ironboots,dinsfire,magic"
        ],
        "capture_item": true,
        "chest_unopened_img": "images/chest_golden_closed.png",
        "chest_opened_img": "images/chest_golden_open.png",
        "item_count": 1
      },
      {
        "name": "Freestanding Key",
        "access_rules": [
          "@Water Temple MQ/Boss Key Chest,hoverboots",
          "@Water Temple MQ/Boss Key Chest,ocarina,[scarecrow]"
        ],
        "capture_item": true,
        "item_count": 1
      },
      {
        "name": "Morpha",
        "access_rules": [
          "longshot"
        ],
        "hosted_item": "water",
        "chest_unopened_img": "images/HC.png",
        "chest_opened_img": "images/HC_grey.png",
        "item_count": 1
      }
    ],
    "map_locations": [
      {
        "map": "adult",
        "x": 1015,
        "y": 1380
      }
    ],
    "children": [
      {
        "name": "Water Temple MQ Skulltulas",
        "access_rules": [
          "dungeon_skulltulas"
        ],
        "sections": [
          {
            "name": "GS73 - South Basement",
            "short_name": "South Basement",
            "access_rules": [
              "@Water Temple MQ/Freestanding Key,bow,firearrow,magic"
            ],
            "chest_unopened_img": "images/skulltula.png",
            "chest_opened_img": "images/skulltula_token.png",
            "item_count": 1
          },
          {
            "name": "GS74 - North Basement",
            "short_name": "North Basement",
            "access_rules": [
              "@Water Temple MQ/Freestanding Key"
            ],
            "capture_item": true,
            "chest_unopened_img": "images/skulltula.png",
            "chest_opened_img": "images/skulltula_token.png",
            "item_count": 1
          },
          {
            "name": "GS75 - Serpent River",
            "short_name": "Serpent River",
            "access_rules": [
              "longshot,ironboots"
            ],
            "chest_unopened_img": "images/skulltula.png",
            "chest_opened_img": "images/skulltula_token.png",
            "item_count": 1
          },
          {
            "name": "GS76 - Lizalfos Hallway",
            "short_name": "Lizalfos Hallway",
            "access_rules": [
              "@Water Temple MQ/Longshot Chest,dinsfire,magic"
            ],
            "chest_unopened_img": "images/skulltula.png",
            "chest_opened_img": "images/skulltula_token.png",
            "item_count": 1
          },
          {
            "name": "GS77 - Before Upper Water Switch",
            "short_name": "Before Upper Water Switch",
            "access_rules": [
              "@Water Temple MQ/Longshot Chest,longshot"
            ],
            "chest_unopened_img": "images/skulltula.png",
            "chest_opened_img": "images/skulltula_token.png",
            "item_count": 1
          }
        ],
        "map_locations": [
          {
            "map": "adult",
            "x": 980,
            "y": 1380
          }
        ]
      }
    ]
  },
  {
    "name": "Shadow Temple MQ",
    "parent": "Kakariko A",
    "access_rules": [
      "shadow_mq,ocarina,nocturne,dinsfire,magic,@logic/lens,sword2,hoverboots",
      "shadow_mq,ocarina,nocturne,dinsfire,magic,@logic/lens,sword2,hookshot"
    ],
    "sections": [
      {
        "name": "Compass Chest",
        "access_rules": [
          "@logic/explosives"
        ],
        "item_count": 1
      },
      {
        "name": "Hover Boots Chest",
        "access_rules": [
          "@Shadow Temple MQ/Compass Chest,ocarina,time,bow"
        ],
        "item_count": 1
      },
      {
        "name": "Map Chest",
        "access_rules": [
          "hoverboots",
          "bow,firearrow,magic"
        ],
        "item_count": 1
      },
      {
        "name": "Near Ship Invisible Chest",
        "access_rules": [
          "@Shadow Temple MQ/Map Chest"
        ],
        "item_count": 1
      },
      {
        "name": "Early Gibdos Chest",
        "access_rules": [
          "@Shadow Temple MQ/Map Chest"
        ],
        "item_count": 1
      },
      {
        "name": "Falling Spikes Lower Chest",
        "access_rules": [
          "@Shadow Temple MQ/Map Chest,@logic/explosives"
        ],
        "item_count": 1
      },
      {
        "name": "Falling Spikes Upper Chest",
        "access_rules": [
          "@Shadow Temple MQ/Falling Spikes Lower Chest,lift1"
        ],
        "item_count": 1
      },
      {
        "name": "Falling Spikes Switch Chest",
        "access_rules": [
          "@Shadow Temple MQ/Falling Spikes Upper Chest"
        ],
        "item_count": 1
      },
      {
        "name": "Invisible Blades Visible Chest",
        "access_rules": [
          "@Shadow Temple MQ/Falling Spikes Lower Chest,ocarina,time"
        ],
        "item_count": 1
      },
      {
        "name": "Invisible Blades Invisible Chest",
        "access_rules": [
          "@Shadow Temple MQ/Invisible Blades Visible Chest"
        ],
        "item_count": 1
      },
      {
        "name": "Beamos Silver Rupees Chest",
        "access_rules": [
          "@Shadow Temple MQ/Falling Spikes Lower Chest,longshot"
        ],
        "item_count": 1
      },
      {
        "name": "Invisible Spikes Chest",
        "access_rules": [
          "@Shadow Temple MQ/Falling Spikes Lower Chest,hoverboots"
        ],
        "item_count": 1
      },
      {
        "name": "Stalfos Room Chest",
        "access_rules": [
          "@Shadow Temple MQ/Invisible Spikes Chest,longshot"
        ],
        "item_count": 1
      },
      {
        "name": "Wind Hint Chest",
        "access_rules": [
          "@Shadow Temple MQ/Falling Spikes Lower Chest,hoverboots,hookshot"
        ],
        "item_count": 1
      },
      {
        "name": "After Wind Enemy Chest",
        "access_rules": [
          "@Shadow Temple MQ/Wind Hint Chest"
        ],
        "item_count": 1
      },
      {
        "name": "After Wind Hidden Chest",
        "access_rules": [
          "@Shadow Temple MQ/Wind Hint Chest"
        ],
        "item_count": 1
      },
      {
        "name": "Bomb Flower Chest",
        "access_rules": [
          "@Shadow Temple MQ/Wind Hint Chest,ocarina,lullaby,bow,time,longshot"
        ],
        "capture_item": true,
        "item_count": 1
      },
      {
        "name": "Freestanding Key",
        "access_rules": [
          "@Shadow Temple MQ/Bomb Flower Chest"
        ],
        "item_count": 1
      },
      {
        "name": "Spike Walls Left Chest",
        "access_rules": [
          "@Shadow Temple MQ/Bomb Flower Chest"
        ],
        "item_count": 1
      },
      {
        "name": "Boss Key Chest",
        "access_rules": [
          "@Shadow Temple MQ/Spike Walls Left Chest"
        ],
        "chest_unopened_img": "images/chest_golden_closed.png",
        "chest_opened_img": "images/chest_golden_open.png",
        "item_count": 1
      },
      {
        "name": "Bongo Bongo",
        "access_rules": [
          "@Shadow Temple MQ/Wind Hint Chest,ocarina,lullaby"
        ],
        "hosted_item": "shadow",
        "chest_unopened_img": "images/HC.png",
        "chest_opened_img": "images/HC_grey.png",
        "item_count": 1
      }
    ],
    "map_locations": [
      {
        "map": "adult",
        "x": 2144,
        "y": 326
      }
    ],
    "children": [
      {
        "name": "Shadow Temple MQ Skulltulas",
        "access_rules": [
          "dungeon_skulltulas"
        ],
        "sections": [
          {
            "name": "GS81 - Crusher Room",
            "short_name": "Crusher Room",
            "access_rules": [
              "@Shadow Temple MQ/Falling Spikes Lower Chest,hookshot"
            ],
            "chest_unopened_img": "images/skulltula.png",
            "chest_opened_img": "images/skulltula_token.png",
            "item_count": 1
          },
          {
            "name": "GS82 - Wind Hint Room",
            "short_name": "Wind Hint Room",
            "access_rules": [
              "@Shadow Temple MQ/Wind Hint Chest"
            ],
            "chest_unopened_img": "images/skulltula.png",
            "chest_opened_img": "images/skulltula_token.png",
            "item_count": 1
          },
          {
            "name": "GS83 - After Wind",
            "short_name": "After Wind",
            "access_rules": [
              "@Shadow Temple MQ/Wind Hint Chest"
            ],
            "chest_unopened_img": "images/skulltula.png",
            "chest_opened_img": "images/skulltula_token.png",
            "item_count": 1
          },
          {
            "name": "GS84 - After Ship",
            "short_name": "After Ship",
            "access_rules": [
              "@Shadow Temple MQ/Wind Hint Chest,ocarina,lullaby"
            ],
            "chest_unopened_img": "images/skulltula.png",
            "chest_opened_img": "images/skulltula_token.png",
            "item_count": 1
          },
          {
            "name": "GS85 - Near Boss",
            "short_name": "Near Boss",
            "access_rules": [
              "@Shadow Temple MQ Skulltulas/GS84 - After Ship,bow"
            ],
            "chest_unopened_img": "images/skulltula.png",
            "chest_opened_img": "images/skulltula_token.png",
            "item_count": 1
          }
        ],
        "map_locations": [
          {
            "map": "adult",
            "x": 2106,
            "y": 310
          }
        ]
      }
    ]
  },
  {
    "name": "Spirit Temple MQ",
    "parent": "Colossus",
    "access_rules": [
      "spirit_mq,@logic/colossus"
    ],
    "sections": [
      {
        "name": "Entrance Front Left Chest",
        "item_count": 1
      },
      {
        "name": "Entrance Back Left Chest",
        "access_rules": [
          "@logic/can blast,ocarina,requiem,sling",
          "@logic/can blast,sword2,bow"
        ],
        "item_count": 1
      },
      {
        "name": "Entrance Back Right Chest",
        "access_rules": [
          "bombchu",
          "sword2,bow",
          "sword2,hookshot",
          "ocarina,requiem,sling",
          "ocarina,requiem,boomerang"
        ],
        "item_count": 1
      },
      {
        "name": "Child Left Chest",
        "access_rules": [
          "ocarina,requiem,bombchu,sling,dinsfire,magic,sticks",
          "ocarina,requiem,bombchu,sling,dinsfire,magic,sword1"
        ],
        "item_count": 1
      },
      {
        "name": "Map Chest",
        "access_rules": [
          "ocarina,requiem,sticks",
          "ocarina,requiem,sword1",
          "ocarina,requiem,@logic/explosives"
        ],
        "item_count": 1
      },
      {
        "name": "Silver Block Hallway Chest",
        "access_rules": [
          "ocarina,requiem,bombchu,sling,dinsfire,magic",
          "ocarina,requiem,bombchu,sling,sword2,longshot,lift2,bow,firearrow,magic",
          "ocarina,requiem,bombchu,sling,sword2,longshot,lift2,bow,[firearrow],[magic],time"
        ],
        "item_count": 1
      },
      {
        "name": "Child Center Chest",
        "access_rules": [
          "sword2,lift2,longshot,bombchu,ocarina,requiem,hammer"
        ],
        "capture_item": true,
        "item_count": 1
      },
      {
        "name": "Child Climb South Chest",
        "access_rules": [
          "sword2,lift2,longshot,bombchu"
        ],
        "item_count": 1
      },
      {
        "name": "Lower NE Main Room Chest",
        "access_rules": [
          "sword2,lift2,longshot,bombchu,ocarina,lullaby"
        ],
        "item_count": 1
      },
      {
        "name": "Upper NE Main Room Chest",
        "access_rules": [
          "sword2,lift2,longshot,bombchu,@logic/lens"
        ],
        "item_count": 1
      },
      {
        "name": "Beamos Room Chest",
        "access_rules": [
          "sword2,lift2,longshot,bombchu"
        ],
        "item_count": 1
      },
      {
        "name": "Ice Trap Chest",
        "access_rules": [
          "@Spirit Temple MQ/Beamos Room Chest,ocarina,time"
        ],
        "item_count": 1
      },
      {
        "name": "Boss Key Chest",
        "access_rules": [
          "@Spirit Temple MQ/Ice Trap Chest,shield3"
        ],
        "chest_unopened_img": "images/chest_golden_closed.png",
        "chest_opened_img": "images/chest_golden_open.png",
        "item_count": 1
      },
      {
        "name": "Child Climb North Chest",
        "access_rules": [
          "sword2,lift2,longshot,bombchu",
          "ocarina,requiem,bombchu"
        ],
        "item_count": 1
      },
      {
        "name": "Compass Chest",
        "access_rules": [
          "sword2,lift2,longshot,bombchu,bow",
          "ocarina,requiem,bombchu,sling"
        ],
        "item_count": 1
      },
      {
        "name": "Sun Block Room Chest",
        "access_rules": [
          "sword2,lift2,longshot,bombchu,ocarina,time"
        ],
        "item_count": 1
      },
      {
        "name": "Lower Adult Left Chest",
        "access_rules": [
          "sword2,lift2,longshot,bombchu,bow,firearrow,magic,shield3"
        ],
        "item_count": 1
      },
      {
        "name": "Lower Adult Right Chest",
        "access_rules": [
          "@Spirit Temple MQ/Lower Adult Left Chest,hammer,ocarina,time,epona,sun,storm,lullaby"
        ],
        "capture_item": true,
        "item_count": 1
      },
      {
        "name": "Entrance Front Right Chest",
        "access_rules": [
          "@Spirit Temple MQ/Lower Adult Left Chest,hammer"
        ],
        "item_count": 1
      },
      {
        "name": "Mirror Puzzle Invisible Chest",
        "access_rules": [
          "sword2,lift2,longshot,bombchu,ocarina,lullaby,hammer,@logic/lens"
        ],
        "item_count": 1
      },
      {
        "name": "Mirror Shield Chest",
        "access_rules": [
          "sword2,lift2,longshot,bombchu,ocarina,time,@logic/lens"
        ],
        "item_count": 1
      },
      {
        "name": "Silver Gauntlets Chest",
        "access_rules": [
          "sword2,lift2,longshot,bombchu",
          "sword2,lift2,longshot,bombchu,ocarina,time,@logic/lens",
          "ocarina,requiem,bombchu,time",
          "ocarina,requiem,bombchu,time,@logic/lens" //TODO
        ],
        "item_count": 1
      },
      {
        "name": "Twinrova",
        "access_rules": [
          "sword2,lift2,longshot,bombchu,ocarina,lullaby,hammer,shield3"
        ],
        "hosted_item": "spirit",
        "chest_unopened_img": "images/HC.png",
        "chest_opened_img": "images/HC_grey.png",
        "item_count": 1
      }
    ],
    "map_locations": [
      {
        "map": "child",
        "visibility_rules": [
          "ocarina,requiem"
        ],
        "x": 85,
        "y": 301
      },
      {
        "map": "adult",
        "visibility_rules": [
          "sword2"
        ],
        "x": 85,
        "y": 301
      }
    ],
    "children": [
      {
        "name": "Spirit Temple MQ Skulltulas",
        "access_rules": [
          "dungeon_skulltulas"
        ],
        "sections": [
          {
            "name": "GS96 - Sun Block Room",
            "short_name": "Sun Block Room",
            "access_rules": [
              "sword2,lift2,longshot,bombchu"
            ],
            "chest_unopened_img": "images/skulltula.png",
            "chest_opened_img": "images/skulltula_token.png",
            "item_count": 1
          },
          {
            "name": "GS97 - Lower Adult Left",
            "short_name": "Lower Adult Left",
            "access_rules": [
              "@Spirit Temple MQ/Lower Adult Left Chest"
            ],
            "chest_unopened_img": "images/skulltula.png",
            "chest_opened_img": "images/skulltula_token.png",
            "item_count": 1
          },
          {
            "name": "GS98 - Lower Adult Right",
            "short_name": "Lower Adult Right",
            "access_rules": [
              "@Spirit Temple MQ/Lower Adult Right Chest"
            ],
            "capture_item": true,
            "chest_unopened_img": "images/skulltula.png",
            "chest_opened_img": "images/skulltula_token.png",
            "item_count": 1
          },
          {
            "name": "GS99 - Iron Knuckle North",
            "short_name": "Iron Knuckle North",
            "access_rules": [
              "sword2,lift2,longshot,bombchu"
            ],
            "chest_unopened_img": "images/skulltula.png",
            "chest_opened_img": "images/skulltula_token.png",
            "item_count": 1
          },
          {
            "name": "GS100 - Iron Knuckle West",
            "short_name": "Iron Knuckle West",
            "access_rules": [
              "sword2,lift2,longshot,bombchu"
            ],
            "chest_unopened_img": "images/skulltula.png",
            "chest_opened_img": "images/skulltula_token.png",
            "item_count": 1
          }
        ],
        "map_locations": [
          {
            "map": "child",
            "x": 82,
            "y": 246
          },
          {
            "map": "adult",
            "visibility_rules": [
              "sword2"
            ],
            "x": 82,
            "y": 246
          }
        ]
      }
    ]
  },
  {
    "name": "Bottom of the Well MQ",
    "parent": "Kakariko C",
    "access_rules": [
      "botw_mq,ocarina,storm"
    ],
    "sections": [
      {
        "name": "Compass Chest",
        "access_rules": [
          "sword1",
          "sticks,[sword1]"
        ],
        "capture_item": true,
        "item_count": 1
      },
      {
        "name": "Map Chest",
        "access_rules": [
          "@logic/explosives",
          "ocarina,lullaby"
        ],
        "item_count": 1
      },
      {
        "name": "Lens Chest",
        "access_rules": [
          "@logic/explosives"
        ],
        "item_count": 1
      },
      {
        "name": "Dead Hand Freestanding Key",
        "access_rules": [
          "@logic/explosives"
        ],
        "item_count": 1
      },
      {
        "name": "East Inner Room Freestanding Key",
        "access_rules": [
          "@logic/explosives",
          "ocarina,lullaby"
        ],
        "item_count": 1
      },
    ],
    "map_locations": [
      {
        "map": "child",
        "x": 1884,
        "y": 383
      }
    ],
    "children": [
      {
        "name": "Bottom of the Well MQ Skulltulas",
        "access_rules": [
          "dungeon_skulltulas"
        ],
        "sections": [
          {
            "name": "GS78 - West Inner Room",
            "short_name": "West Inner Room",
            "access_rules": [
              "@logic/can child attack,@logic/lens,ocarina,lullaby",
              "@logic/can child attack,@logic/lens,@logic/explosives"
            ],
            "chest_unopened_img": "images/skulltula.png",
            "chest_opened_img": "images/skulltula_token.png",
            "item_count": 1
          },
          {
            "name": "GS79 - Basement",
            "short_name": "Basement",
            "access_rules": [
              "@logic/can child attack"
            ],
            "chest_unopened_img": "images/skulltula.png",
            "chest_opened_img": "images/skulltula_token.png",
            "item_count": 1
          },
          {
            "name": "GS80 - Coffin Room",
            "short_name": "Coffin Room",
            "access_rules": [
              "@logic/can child attack"
            ],
            "chest_unopened_img": "images/skulltula.png",
            "chest_opened_img": "images/skulltula_token.png",
            "item_count": 1
          }
        ],
        "map_locations": [
          {
            "map": "child",
            "x": 1900,
            "y": 414
          }
        ]
      }
    ]
  },
  {
    "name": "Ganons Castle MQ",
    "parent": "Ganons Castle Grounds",
    "access_rules": [
      "gc_mq,bridge_medallions,sword2,forestmed,noct_meds:2,lacs_meds:2,lightmed",
      "gc_mq,bridge_vanilla,sword2,lacs_meds:2,lightarrow",
      "gc_mq,bridge_dungeons,sword2,forestmed,noct_meds:2,lacs_meds:2,lightmed,stones:3",
      "gc_mq,bridge_open,sword2"
    ],
    "sections": [
      {
        "name": "Forest Trial First Chest",
        "access_rules": [
          "bow"
        ],
        "item_count": 1
      },
      {
        "name": "Forest Trial Second Chest",
        "access_rules": [
          "@logic/has fire"
        ],
        "item_count": 1
      },
      {
        "name": "Forest Trial Freestanding Key",
        "access_rules": [
          "hookshot"
        ],
        "item_count": 1
      },
      {
        "name": "Water Trial Chest",
        "access_rules": [
          "bottle"
        ],
        "item_count": 1
      },
      {
        "name": "Shadow Trial First Chest",
        "access_rules": [
          "bow,hookshot",
          "bow,hoverboots",
          "hoverboots,@logic/lens,@logic/explosives",
          "hoverboots,@logic/lens,lift1",
          "hoverboots,@logic/lens,dinsfire,magic"
        ],
        "item_count": 1
      },
      {
        "name": "Shadow Trial Second Chest",
        "access_rules": [
          "bow,@logic/lens,hoverboots",
          "bow,@logic/lens,hookshot,@logic/has fire"
        ],
        "item_count": 1
      },
      {
        "name": "Spirit Trial First Chest",
        "access_rules": [
          "[bow],hammer"
        ],
        "item_count": 1
      },
      {
        "name": "Spirit Trial Second Chest",
        "access_rules": [
          "@Ganons Castle MQ/Spirit Trial First Chest,bombchu,@logic/lens"
        ],
        "item_count": 1
      },
      {
        "name": "Spirit Trial Sun Front Left Chest",
        "access_rules": [
          "hammer,bombchu,bow,firearrow,magic,shield3"
        ],
        "item_count": 1
      },
      {
        "name": "Spirit Trial Sun Back Left Chest",
        "access_rules": [
          "@Ganons Castle MQ/Spirit Trial Sun Front Left Chest"
        ],
        "item_count": 1
      },
      {
        "name": "Spirit Trial Golden Gauntlets Chest",
        "access_rules": [
          "@Ganons Castle MQ/Spirit Trial Sun Front Left Chest"
        ],
        "item_count": 1
      },
      {
        "name": "Spirit Trial Sun Back Right Chest",
        "access_rules": [
          "@Ganons Castle MQ/Spirit Trial Sun Front Left Chest"
        ],
        "item_count": 1
      },
      {
        "name": "Light Trial Lullaby Chest",
        "access_rules": [
          "lift3,ocarina,lullaby"
        ],
        "item_count": 1
      },
      {
        "name": "Castle Tower",
        "access_rules": [
          "@logic/can LA,lift3,ocarina,time,@logic/redtunic,bottle,@logic/lens,hammer,bombchu,shield3,firearrow,longshot",
          "@logic/can LA,lift3,ocarina,time,@logic/redtunic,bottle,@logic/lens,hammer,bombchu,shield3,firearrow,hookshot,hoverboots"
        ],
        "chest_unopened_img": "images/chest_golden_closed.png",
        "chest_opened_img": "images/chest_golden_open.png",
        "item_count": 1
      }
    ],
    "map_locations": [
      {
        "map": "adult",
        "x": 1439,
        "y": 206
      }
    ],
    "children": [
      {
        "name": "Ganons Castle MQ Scrubs",
        "access_rules": [
          "scrub_shuffle_yes"
        ],
        "sections": [
          {
            "name": "Hidden Room",
            "short_name": "Hidden Room",
            "chest_unopened_img": "images/deku_scrub.png",
            "chest_opened_img": "images/deku_scrub_grey.png",
            "item_count": 5
          }
        ],
        "map_locations": [
          {
            "map": "adult",
            "x": 1400,
            "y": 206
          }
        ]
      }
    ]
  },
  {
    "name": "Ice Cavern MQ",
    "parent": "Zoras Fountain A",
    "access_rules": [
      "ice_mq,@logic/ice cavern"
    ],
    "sections": [
      {
        "name": "Map Chest",
        "item_count": 1
      },
      {
        "name": "Compass Chest",
        "item_count": 1
      },
      {
        "name": "Freestanding HP",
        "access_rules": [
          "@logic/explosives"
        ],
        "chest_unopened_img": "images/HP.png",
        "chest_opened_img": "images/HP_grey.png",
        "item_count": 1
      },
      {
        "name": "Iron Boots Chest",
        "item_count": 1
      },
      {
        "name": "Sheik in Ice Cavern",
        "access_rules": [
          "@logic/ice cavern",
          "{agony}"
        ],
        "capture_item": true,
        "chest_unopened_img": "images/grey_note.png",
        "chest_opened_img": "images/grey_note_check.png",
        "item_count": 1
      }
    ],
    "map_locations": [
      {
        "map": "adult",
        "x": 2501,
        "y": 276
      }
    ],
    "children": [
      {
        "name": "Ice Cavern MQ Skulltulas",
        "access_rules": [
          "dungeon_skulltulas"
        ],
        "sections": [
          {
            "name": "GS70 - Red Ice",
            "short_name": "Red Ice",
            "access_rules": [
              "ocarina,time"
            ],
            "chest_unopened_img": "images/skulltula.png",
            "chest_opened_img": "images/skulltula_token.png",
            "item_count": 1
          },
          {
            "name": "GS71 - Scarecrow",
            "short_name": "Scarecrow",
            "access_rules": [
              "hookshot,ocarina,[scarecrow]",
              "longshot,hoverboots"
            ],
            "chest_unopened_img": "images/skulltula.png",
            "chest_opened_img": "images/skulltula_token.png",
            "item_count": 1
          },
          {
            "name": "GS72 - Ice Block",
            "short_name": "Ice Block",
            "chest_unopened_img": "images/skulltula.png",
            "chest_opened_img": "images/skulltula_token.png",
            "item_count": 1
          }
        ],
        "map_locations": [
          {
            "map": "adult",
            "x": 2465,
            "y": 276
          }
        ]
      }
    ]
  },
  {
    "name": "Gerudo Training Grounds MQ",
    "parent": "Gerudo Fortress",
    "access_rules": [
      "gtg_mq,carpenter,card"
    ],
    "sections": [
      {
        "name": "Lobby Left Chest",
        "item_count": 1
      },
      {
        "name": "Lobby Right Chest",
        "item_count": 1
      },
      {
        "name": "Hidden Ceiling Chest",
        "access_rules": [
          "@logic/lens"
        ],
        "item_count": 1
      },
      {
        "name": "Maze Path First Chest",
        "item_count": 1
      },
      {
        "name": "Maze Path Second Chest",
        "item_count": 1
      },
      {
        "name": "Maze Path Third Chest",
        "item_count": 1
      },
      {
        "name": "Dinolfos Chest",
        "access_rules": [
          "bow",
          "@Gerudo Training Grounds MQ/Second Iron Knuckle Chest"
        ],
        "item_count": 1
      },
      {
        "name": "Underwater Silver Rupee Chest",
        "access_rules": [
          "@Gerudo Training Grounds MQ/Dinolfos Chest,hoverboots,@logic/has fire,ironboots,@logic/bluetunic",
          "@Gerudo Training Grounds MQ/Maze Right Central Chest,@logic/has fire,ironboots,@logic/bluetunic"
        ],
        "capture_item": true,
        "item_count": 1
      },
      {
        "name": "First Iron Knuckle Chest",
        "access_rules": [
          "@logic/has fire"
        ],
        "item_count": 1
      },
      {
        "name": "Before Heavy Block Chest",
        "access_rules": [
          "@Gerudo Training Grounds MQ/First Iron Knuckle Chest,longshot"
        ],
        "item_count": 1
      },
      {
        "name": "Heavy Block Chest",
        "access_rules": [
          "@Gerudo Training Grounds MQ/Before Heavy Block Chest,lift2"
        ],
        "item_count": 1
      },
      {
        "name": "Eye Statue Chest",
        "access_rules": [
          "@Gerudo Training Grounds MQ/Second Iron Knuckle Chest,bow"
        ],
        "item_count": 1
      },
      {
        "name": "Second Iron Knuckle Chest",
        "access_rules": [
          "@Gerudo Training Grounds MQ/Before Heavy Block Chest,ocarina,time,@logic/lens,bottle"
        ],
        "item_count": 1
      },
      {
        "name": "Flame Circle Chest",
        "access_rules": [
          "@Gerudo Training Grounds MQ/Second Iron Knuckle Chest"
        ],
        "item_count": 1
      },
      {
        "name": "Maze Right Central Chest",
        "access_rules": [
          "@Gerudo Training Grounds MQ/Second Iron Knuckle Chest,hammer"
        ],
        "item_count": 1
      },
      {
        "name": "Maze Right Side Chest",
        "access_rules": [
          "@Gerudo Training Grounds MQ/Maze Right Central Chest"
        ],
        "item_count": 1
      },
      {
        "name": "Ice Arrows Chest",
        "access_rules": [
          "@Gerudo Training Grounds MQ/Maze Right Central Chest"
        ],
        "capture_item": true,
        "item_count": 1
      }
    ],
    "map_locations": [
      {
        "map": "adult",
        "x": 481,
        "y": 444
      }
    ]
  }
]