[
  {
    "name": "World",
    "chest_unopened_img": "images/chest_brown_closed.png",
    "chest_opened_img": "images/chest_brown_open.png",
    "children": [
      {
        "name": "Kokiri Forest",
        "color": "#18a50e",
        "children": [
          {
            "name": "Kokiri Forest -> KF Storms Grotto",
            "short_name": "KF Storms Grotto",
            "sections": [
              {
                "name": "Grotto",
                "capture_item": true,
                "capture_item_layout": "tracker_capture_grottos",
                "item_count": 1
              }
            ],
            "map_locations": [
              {
                "map": "entrances",
                "x": 2120,
                "y": 845
              }
            ]
          },
          {
            "name": "Kokiri Forest -> KF House of Twins",
            "short_name": "KF House of Twins",
            "sections": [
              {
                "name": "House",
                "visibility_rules": [
                  "setting_entrance_interiors_simple"
                ],
                "capture_item": true,
                "capture_item_layout": "tracker_capture_houses",
                "item_count": 1
              }
            ],
            "map_locations": [
              {
                "map": "entrances",
                "x": 2265,
                "y": 975
              }
            ]
          },
          {
            "name": "Kokiri Forest -> KF Know It All House",
            "short_name": "KF Know It All House",
            "sections": [
              {
                "name": "House",
                "visibility_rules": [
                  "setting_entrance_interiors_simple"
                ],
                "capture_item": true,
                "capture_item_layout": "tracker_capture_houses",
                "item_count": 1
              }
            ],
            "map_locations": [
              {
                "map": "entrances",
                "x": 2070,
                "y": 960
              }
            ]
          },
          {
            "name": "Kokiri Forest -> KF Kokiri Shop",
            "short_name": "KF Kokiri Shop",
            "sections": [
              {
                "name": "House",
                "capture_item": true,
                "capture_item_layout": "tracker_capture_houses",
                "item_count": 1
              }
            ],
            "map_locations": [
              {
                "map": "entrances",
                "x": 2220,
                "y": 915
              }
            ]
          },
          {
            "name": "Kokiri Forest -> KF Links House",
            "short_name": "KF Links House",
            "sections": [
              {
                "name": "House",
                "capture_item": true,
                "capture_item_layout": "tracker_capture_houses",
                "item_count": 1
              }
            ],
            "map_locations": [
              {
                "map": "entrances",
                "x": 2170,
                "y": 1000
              }
            ]
          },
          {
            "name": "Kokiri Forest -> KF Midos House",
            "short_name": "KF Midos House",
            "sections": [
              {
                "name": "House",
                "capture_item": true,
                "capture_item_layout": "tracker_capture_houses",
                "item_count": 1
              }
            ],
            "map_locations": [
              {
                "map": "entrances",
                "x": 2135,
                "y": 900
              }
            ]
          },
          {
            "name": "Kokiri Forest -> KF Sarias House",
            "short_name": "KF Sarias House",
            "sections": [
              {
                "name": "House",
                "visibility_rules": [
                  "setting_entrance_interiors_simple"
                ],
                "capture_item": true,
                "capture_item_layout": "tracker_capture_houses",
                "item_count": 1
              }
            ],
            "map_locations": [
              {
                "map": "entrances",
                "x": 2220,
                "y": 990
              }
            ]
          },
          {
            "name": "KF Outside Deku Tree -> Deku Tree Lobby",
            "short_name": "Deku Tree",
            "sections": [
              {
                "name": "Dungeon",
                "capture_item": true,
                "capture_item_layout": "tracker_capture_dungeons",
                "item_count": 1
              }
            ],
            "map_locations": [
              {
                "map": "entrances",
                "size": 50,
                "x": 2420,
                "y": 875
              }
            ]
          },
          {
            "name": "Kokiri Forest -> Lost Woods",
            "short_name": "KF -> LW",
            "sections": [
              {
                "name": "Overworld",
                "capture_item": true,
                "capture_item_layout": "tracker_capture_overworld",
                "item_count": 1
              }
            ],
            "map_locations": [
              {
                "map": "connectors",
                "x": 2140,
                "y": 845
              }
            ]
          },
          {
            "name": "Kokiri Forest -> LW Bridge From Forest",
            "short_name": "KF -> Bridge",
            "sections": [
              {
                "name": "Overworld",
                "capture_item": true,
                "capture_item_layout": "tracker_capture_overworld",
                "item_count": 1
              }
            ],
            "map_locations": [
              {
                "map": "connectors",
                "x": 2050,
                "y": 900
              }
            ]
          }
        ]
      },
      {
        "name": "Lost Woods",
        "color": "#18a50e",
        "children": [
          {
            "name": "Lost Woods -> LW Near Shortcuts Grotto",
            "short_name": "LW Near Shortcuts Grotto",
            "sections": [
              {
                "name": "Grotto",
                "capture_item": true,
                "capture_item_layout": "tracker_capture_grottos",
                "item_count": 1
              }
            ],
            "map_locations": [
              {
                "map": "entrances",
                "x": 2150,
                "y": 775
              }
            ]
          },
          {
            "name": "LW Beyond Mido -> Deku Theater",
            "short_name": "Deku Theater",
            "sections": [
              {
                "name": "Grotto",
                "capture_item": true,
                "capture_item_layout": "tracker_capture_grottos",
                "item_count": 1
              }
            ],
            "map_locations": [
              {
                "map": "entrances",
                "x": 2115,
                "y": 740
              }
            ]
          },
          {
            "name": "LW Beyond Mido -> LW Scrubs Grotto",
            "short_name": "LW Scrubs Grotto",
            "sections": [
              {
                "name": "Grotto",
                "capture_item": true,
                "capture_item_layout": "tracker_capture_grottos",
                "item_count": 1
              }
            ],
            "map_locations": [
              {
                "map": "entrances",
                "x": 2190,
                "y": 725
              }
            ]
          },
          {
            "name": "Lost Woods -> GC Woods Warp",
            "short_name": "LW -> GC",
            "sections": [
              {
                "name": "Overworld",
                "capture_item": true,
                "capture_item_layout": "tracker_capture_overworld",
                "item_count": 1
              }
            ],
            "map_locations": [
              {
                "map": "connectors",
                "x": 2150,
                "y": 775
              }
            ]
          },
          {
            "name": "Lost Woods -> Zora River",
            "short_name": "LW -> ZR",
            "sections": [
              {
                "name": "Overworld",
                "capture_item": true,
                "capture_item_layout": "tracker_capture_overworld",
                "item_count": 1
              }
            ],
            "map_locations": [
              {
                "map": "connectors",
                "x": 2185,
                "y": 775
              }
            ]
          },
          {
            "name": "LW Beyond Mido -> SFM Entryway",
            "short_name": "LW -> SFM",
            "sections": [
              {
                "name": "Overworld",
                "capture_item": true,
                "capture_item_layout": "tracker_capture_overworld",
                "item_count": 1
              }
            ],
            "map_locations": [
              {
                "map": "connectors",
                "x": 2190,
                "y": 725
              }
            ]
          },
          {
            "name": "LW Forest Exit -> Kokiri Forest",
            "short_name": "LW -> KF",
            "sections": [
              {
                "name": "Overworld",
                "capture_item": true,
                "capture_item_layout": "tracker_capture_overworld",
                "item_count": 1
              }
            ],
            "map_locations": [
              {
                "map": "connectors",
                "x": 2140,
                "y": 810
              }
            ]
          },
          {
            "name": "LW Bridge -> Kokiri Forest",
            "short_name": "Bridge -> KF",
            "sections": [
              {
                "name": "Overworld",
                "capture_item": true,
                "capture_item_layout": "tracker_capture_overworld",
                "item_count": 1
              }
            ],
            "map_locations": [
              {
                "map": "connectors",
                "x": 2000,
                "y": 885
              }
            ]
          },
          {
            "name": "LW Bridge -> Hyrule Field",
            "short_name": "Bridge -> HF",
            "sections": [
              {
                "name": "Overworld",
                "capture_item": true,
                "capture_item_layout": "tracker_capture_overworld",
                "item_count": 1
              }
            ],
            "map_locations": [
              {
                "map": "connectors",
                "x": 1950,
                "y": 885
              }
            ]
          }
        ]
      },
      {
        "name": "Sacred Forest Meadow",
        "color": "#18a50e",
        "children": [
          {
            "name": "Sacred Forest Meadow -> SFM Fairy Grotto",
            "short_name": "SFM Fairy Grotto",
            "sections": [
              {
                "name": "Grotto",
                "capture_item": true,
                "capture_item_layout": "tracker_capture_grottos",
                "item_count": 1
              }
            ],
            "map_locations": [
              {
                "map": "entrances",
                "x": 2165,
                "y": 650
              }
            ]
          },
          {
            "name": "Sacred Forest Meadow -> SFM Storms Grotto",
            "short_name": "SFM Storms Grotto",
            "sections": [
              {
                "name": "Grotto",
                "capture_item": true,
                "capture_item_layout": "tracker_capture_grottos",
                "item_count": 1
              }
            ],
            "map_locations": [
              {
                "map": "entrances",
                "x": 2185,
                "y": 615
              }
            ]
          },
          {
            "name": "SFM Entryway -> SFM Wolfos Grotto",
            "short_name": "SFM Wolfos Grotto",
            "sections": [
              {
                "name": "Grotto",
                "capture_item": true,
                "capture_item_layout": "tracker_capture_grottos",
                "item_count": 1
              }
            ],
            "map_locations": [
              {
                "map": "entrances",
                "x": 2185,
                "y": 685
              }
            ]
          },
          {
            "name": "Sacred Forest Meadow -> Forest Temple Lobby",
            "short_name": "Forest Temple",
            "sections": [
              {
                "name": "Dungeon",
                "capture_item": true,
                "capture_item_layout": "tracker_capture_dungeons",
                "item_count": 1
              }
            ],
            "map_locations": [
              {
                "map": "entrances",
                "size": 50,
                "x": 2140,
                "y": 600
              }
            ]
          },
          {
            "name": "SFM Entryway -> LW Beyond Mido",
            "short_name": "SFM -> LW",
            "sections": [
              {
                "name": "Overworld",
                "capture_item": true,
                "capture_item_layout": "tracker_capture_overworld",
                "item_count": 1
              }
            ],
            "map_locations": [
              {
                "map": "connectors",
                "x": 2190,
                "y": 690
              }
            ]
          }
        ]
      },
      {
        "name": "Hyrule Field",
        "color": "#09a09d",
        "children": [
          {
            "name": "Hyrule Field -> HF Fairy Grotto",
            "short_name": "HF Fairy Grotto",
            "sections": [
              {
                "name": "Grotto",
                "capture_item": true,
                "capture_item_layout": "tracker_capture_grottos",
                "item_count": 1
              }
            ],
            "map_locations": [
              {
                "map": "entrances",
                "x": 1200,
                "y": 395
              }
            ]
          },
          {
            "name": "Hyrule Field -> HF Near Kak Grotto",
            "short_name": "HF Near Kak Grotto",
            "sections": [
              {
                "name": "Grotto",
                "capture_item": true,
                "capture_item_layout": "tracker_capture_grottos",
                "item_count": 1
              }
            ],
            "map_locations": [
              {
                "map": "entrances",
                "x": 1550,
                "y": 405
              }
            ]
          },
          {
            "name": "Hyrule Field -> HF Inside Fence Grotto",
            "short_name": "HF Inside Fence Grotto",
            "sections": [
              {
                "name": "Grotto",
                "capture_item": true,
                "capture_item_layout": "tracker_capture_grottos",
                "item_count": 1
              }
            ],
            "map_locations": [
              {
                "map": "entrances",
                "x": 1140,
                "y": 1000
              }
            ]
          },
          {
            "name": "Hyrule Field -> HF Open Grotto",
            "short_name": "HF Open Grotto",
            "sections": [
              {
                "name": "Grotto",
                "capture_item": true,
                "capture_item_layout": "tracker_capture_grottos",
                "item_count": 1
              }
            ],
            "map_locations": [
              {
                "map": "entrances",
                "x": 1205,
                "y": 995
              }
            ]
          },
          {
            "name": "Hyrule Field -> HF Tektite Grotto",
            "short_name": "HF Tektite Grotto",
            "sections": [
              {
                "name": "Grotto",
                "capture_item": true,
                "capture_item_layout": "tracker_capture_grottos",
                "item_count": 1
              }
            ],
            "map_locations": [
              {
                "map": "entrances",
                "x": 1150,
                "y": 480
              }
            ]
          },
          {
            "name": "Hyrule Field -> HF Cow Grotto",
            "short_name": "HF Cow Grotto",
            "sections": [
              {
                "name": "Grotto",
                "capture_item": true,
                "capture_item_layout": "tracker_capture_grottos",
                "item_count": 1
              }
            ],
            "map_locations": [
              {
                "map": "entrances",
                "x": 970,
                "y": 660
              }
            ]
          },
          {
            "name": "Hyrule Field -> HF Near Market Grotto",
            "short_name": "HF Near Market Grotto",
            "sections": [
              {
                "name": "Grotto",
                "capture_item": true,
                "capture_item_layout": "tracker_capture_grottos",
                "item_count": 1
              }
            ],
            "map_locations": [
              {
                "map": "entrances",
                "x": 1370,
                "y": 440
              }
            ]
          },
          {
            "name": "Hyrule Field -> HF Southeast Grotto",
            "short_name": "HF Southeast Grotto",
            "sections": [
              {
                "name": "Grotto",
                "capture_item": true,
                "capture_item_layout": "tracker_capture_grottos",
                "item_count": 1
              }
            ],
            "map_locations": [
              {
                "map": "entrances",
                "x": 1430,
                "y": 925
              }
            ]
          },
          {
            "name": "Hyrule Field -> Market Entrance",
            "short_name": "HF -> CTE",
            "sections": [
              {
                "name": "Overworld",
                "capture_item": true,
                "capture_item_layout": "tracker_capture_overworld",
                "item_count": 1
              }
            ],
            "map_locations": [
              {
                "map": "connectors",
                "x": 1430,
                "y": 460
              }
            ]
          },
          {
            "name": "Hyrule Field -> Gerudo Valley",
            "short_name": "HF -> GV",
            "sections": [
              {
                "name": "Overworld",
                "capture_item": true,
                "capture_item_layout": "tracker_capture_overworld",
                "item_count": 1
              }
            ],
            "map_locations": [
              {
                "map": "connectors",
                "x": 895,
                "y": 670
              }
            ]
          },
          {
            "name": "Hyrule Field -> Kakariko Village",
            "short_name": "HF -> Kak",
            "sections": [
              {
                "name": "Overworld",
                "capture_item": true,
                "capture_item_layout": "tracker_capture_overworld",
                "item_count": 1
              }
            ],
            "map_locations": [
              {
                "map": "connectors",
                "x": 1645,
                "y": 420
              }
            ]
          },
          {
            "name": "Hyrule Field -> Lake Hylia",
            "short_name": "HF -> LH",
            "sections": [
              {
                "name": "Overworld",
                "capture_item": true,
                "capture_item_layout": "tracker_capture_overworld",
                "item_count": 1
              }
            ],
            "map_locations": [
              {
                "map": "connectors",
                "x": 1090,
                "y": 1045
              }
            ]
          },
          {
            "name": "Hyrule Field -> Lon Lon Ranch",
            "short_name": "HF -> LLR",
            "sections": [
              {
                "name": "Overworld",
                "capture_item": true,
                "capture_item_layout": "tracker_capture_overworld",
                "item_count": 1
              }
            ],
            "map_locations": [
              {
                "map": "connectors",
                "x": 1335,
                "y": 545
              }
            ]
          },
          {
            "name": "Hyrule Field -> LW Bridge",
            "short_name": "HF -> Bridge",
            "sections": [
              {
                "name": "Overworld",
                "capture_item": true,
                "capture_item_layout": "tracker_capture_overworld",
                "item_count": 1
              }
            ],
            "map_locations": [
              {
                "map": "connectors",
                "x": 1860,
                "y": 725
              }
            ]
          },
          {
            "name": "Hyrule Field -> ZR Front",
            "short_name": "HF -> ZR",
            "sections": [
              {
                "name": "Overworld",
                "capture_item": true,
                "capture_item_layout": "tracker_capture_overworld",
                "item_count": 1
              }
            ],
            "map_locations": [
              {
                "map": "connectors",
                "x": 1840,
                "y": 520
              }
            ]
          }
        ]
      },
      {
        "name": "Lon Lon Ranch",
        "color": "#09a09d",
        "children": [
          {
            "name": "Lon Lon Ranch -> LLR Grotto",
            "short_name": "LLR Grotto",
            "sections": [
              {
                "name": "Grotto",
                "capture_item": true,
                "capture_item_layout": "tracker_capture_grottos",
                "item_count": 1
              }
            ],
            "map_locations": [
              {
                "map": "entrances",
                "x": 1375,
                "y": 690
              }
            ]
          },
          {
            "name": "Lon Lon Ranch -> LLR Stables",
            "short_name": "LLR Stables",
            "sections": [
              {
                "name": "House",
                "capture_item": true,
                "capture_item_layout": "tracker_capture_houses",
                "item_count": 1
              }
            ],
            "map_locations": [
              {
                "map": "entrances",
                "x": 1305,
                "y": 590
              }
            ]
          },
          {
            "name": "Lon Lon Ranch -> LLR Tower",
            "short_name": "LLR Tower",
            "sections": [
              {
                "name": "House",
                "capture_item": true,
                "capture_item_layout": "tracker_capture_houses",
                "item_count": 1
              }
            ],
            "map_locations": [
              {
                "map": "entrances",
                "x": 1225,
                "y": 690
              }
            ]
          },
          {
            "name": "Lon Lon Ranch -> LLR Talons House",
            "short_name": "LLR Talons House",
            "sections": [
              {
                "name": "House",
                "capture_item": true,
                "capture_item_layout": "tracker_capture_houses",
                "item_count": 1
              }
            ],
            "map_locations": [
              {
                "map": "entrances",
                "x": 1345,
                "y": 580
              }
            ]
          },
          {
            "name": "Lon Lon Ranch -> Hyrule Field",
            "short_name": "LLR -> HF",
            "sections": [
              {
                "name": "Overworld",
                "capture_item": true,
                "capture_item_layout": "tracker_capture_overworld",
                "item_count": 1
              }
            ],
            "map_locations": [
              {
                "map": "connectors",
                "x": 1335,
                "y": 585
              }
            ]
          }
        ]
      },
      {
        "name": "Kakariko Village",
        "color": "#6909a0",
        "children": [
          {
            "name": "Kakariko Village -> Kak Redead Grotto",
            "short_name": "Kak Redead Grotto",
            "sections": [
              {
                "name": "Grotto",
                "capture_item": true,
                "capture_item_layout": "tracker_capture_grottos",
                "item_count": 1
              }
            ],
            "map_locations": [
              {
                "map": "entrances",
                "x": 1780,
                "y": 380
              }
            ]
          },
          {
            "name": "Kak Backyard -> Kak Open Grotto",
            "short_name": "Kak Open Grotto",
            "sections": [
              {
                "name": "Grotto",
                "capture_item": true,
                "capture_item_layout": "tracker_capture_grottos",
                "item_count": 1
              }
            ],
            "map_locations": [
              {
                "map": "entrances",
                "x": 1870,
                "y": 325
              }
            ]
          },
          {
            "name": "Kakariko Village -> Kak Carpenter Boss House",
            "short_name": "Kak Carpenter Boss House",
            "sections": [
              {
                "name": "House",
                "capture_item": true,
                "capture_item_layout": "tracker_capture_houses",
                "item_count": 1
              }
            ],
            "map_locations": [
              {
                "map": "entrances",
                "x": 1820,
                "y": 360
              }
            ]
          },
          {
            "name": "Kakariko Village -> Kak House of Skulltula",
            "short_name": "Kak House of Skulltula",
            "sections": [
              {
                "name": "House",
                "capture_item": true,
                "capture_item_layout": "tracker_capture_houses",
                "item_count": 1
              }
            ],
            "map_locations": [
              {
                "map": "entrances",
                "x": 1765,
                "y": 420
              }
            ]
          },
          {
            "name": "Kakariko Village -> Kak Impas House",
            "short_name": "Kak Impas House",
            "sections": [
              {
                "name": "House",
                "capture_item": true,
                "capture_item_layout": "tracker_capture_houses",
                "item_count": 1
              }
            ],
            "map_locations": [
              {
                "map": "entrances",
                "x": 1805,
                "y": 430
              }
            ]
          },
          {
            "name": "Kak Impas Ledge -> Kak Impas House Back",
            "short_name": "Kak Impas House Back",
            "sections": [
              {
                "name": "House",
                "capture_item": true,
                "capture_item_layout": "tracker_capture_houses",
                "item_count": 1
              }
            ],
            "map_locations": [
              {
                "map": "entrances",
                "x": 1840,
                "y": 430
              }
            ]
          },
          {
            "name": "Kakariko Village -> Kak Bazaar",
            "short_name": "Kak Bazaar",
            "sections": [
              {
                "name": "House",
                "capture_item": true,
                "capture_item_layout": "tracker_capture_houses",
                "item_count": 1
              }
            ],
            "map_locations": [
              {
                "map": "entrances",
                "x": 1770,
                "y": 330
              }
            ]
          },
          {
            "name": "Kakariko Village -> Kak Potion Shop Front",
            "short_name": "Kak Potion Shop Front",
            "sections": [
              {
                "name": "House",
                "capture_item": true,
                "capture_item_layout": "tracker_capture_houses",
                "item_count": 1
              }
            ],
            "map_locations": [
              {
                "map": "entrances",
                "x": 1805,
                "y": 325
              }
            ]
          },
          {
            "name": "Kakariko Village -> Kak Shooting Gallery",
            "short_name": "Kak Shooting Gallery",
            "sections": [
              {
                "name": "House",
                "capture_item": true,
                "capture_item_layout": "tracker_capture_houses",
                "item_count": 1
              }
            ],
            "map_locations": [
              {
                "map": "entrances",
                "x": 1840,
                "y": 395
              }
            ]
          },
          {
            "name": "Kakariko Village -> Kak Windmill",
            "short_name": "Kak Windmill",
            "sections": [
              {
                "name": "House",
                "capture_item": true,
                "capture_item_layout": "tracker_capture_houses",
                "item_count": 1
              }
            ],
            "map_locations": [
              {
                "map": "entrances",
                "x": 1905,
                "y": 360
              }
            ]
          },
          {
            "name": "Kak Backyard -> Kak Potion Shop Back",
            "short_name": "Kak Potion Shop Back",
            "sections": [
              {
                "name": "House",
                "capture_item": true,
                "capture_item_layout": "tracker_capture_houses",
                "item_count": 1
              }
            ],
            "map_locations": [
              {
                "map": "entrances",
                "x": 1835,
                "y": 325
              }
            ]
          },
          {
            "name": "Kak Backyard -> Kak Odd Medicine Building",
            "short_name": "Kak Odd Medicine Building",
            "sections": [
              {
                "name": "House",
                "capture_item": true,
                "capture_item_layout": "tracker_capture_houses",
                "item_count": 1
              }
            ],
            "map_locations": [
              {
                "map": "entrances",
                "x": 1860,
                "y": 360
              }
            ]
          },
          {
            "name": "Kakariko Village -> Bottom of the Well",
            "short_name": "Bottom of the Well",
            "sections": [
              {
                "name": "Dungeon",
                "capture_item": true,
                "capture_item_layout": "tracker_capture_dungeons",
                "item_count": 1
              }
            ],
            "map_locations": [
              {
                "map": "entrances",
                "size": 50,
                "x": 1885,
                "y": 405
              }
            ]
          },
          {
            "name": "Kakariko Village -> Graveyard",
            "short_name": "Kak -> GY",
            "sections": [
              {
                "name": "Overworld",
                "capture_item": true,
                "capture_item_layout": "tracker_capture_overworld",
                "item_count": 1
              }
            ],
            "map_locations": [
              {
                "map": "connectors",
                "x": 1930,
                "y": 415
              }
            ]
          },
          {
            "name": "Kakariko Village -> Hyrule Field",
            "short_name": "Kak -> HF",
            "sections": [
              {
                "name": "Overworld",
                "capture_item": true,
                "capture_item_layout": "tracker_capture_overworld",
                "item_count": 1
              }
            ],
            "map_locations": [
              {
                "map": "connectors",
                "x": 1695,
                "y": 385
              }
            ]
          },
          {
            "name": "Kak Behind Gate -> Death Mountain",
            "short_name": "Kak -> DMT",
            "sections": [
              {
                "name": "Overworld",
                "capture_item": true,
                "capture_item_layout": "tracker_capture_overworld",
                "item_count": 1
              }
            ],
            "map_locations": [
              {
                "map": "connectors",
                "x": 1770,
                "y": 300
              }
            ]
          }
        ]
      },
      {
        "name": "Graveyard",
        "color": "#6909a0",
        "children": [
          {
            "name": "Graveyard -> Graveyard Composers Grave",
            "short_name": "Composer Grave",
            "sections": [
              {
                "name": "Grotto",
                "capture_item": true,
                "capture_item_layout": "tracker_capture_grottos",
                "item_count": 1
              }
            ],
            "map_locations": [
              {
                "map": "entrances",
                "x": 2100,
                "y": 355
              }
            ]
          },
          {
            "name": "Graveyard -> Graveyard Dampes Grave",
            "short_name": "Dampes Grave",
            "sections": [
              {
                "name": "Grotto",
                "capture_item": true,
                "capture_item_layout": "tracker_capture_grottos",
                "item_count": 1
              }
            ],
            "map_locations": [
              {
                "map": "entrances",
                "x": 2030,
                "y": 340
              }
            ]
          },
          {
            "name": "Graveyard -> Graveyard Heart Piece Grave",
            "short_name": "Heart Piece Grave",
            "sections": [
              {
                "name": "Grotto",
                "capture_item": true,
                "capture_item_layout": "tracker_capture_grottos",
                "item_count": 1
              }
            ],
            "map_locations": [
              {
                "map": "entrances",
                "x": 2065,
                "y": 360
              }
            ]
          },
          {
            "name": "Graveyard -> Graveyard Shield Grave",
            "short_name": "Shield Grave",
            "sections": [
              {
                "name": "Grotto",
                "capture_item": true,
                "capture_item_layout": "tracker_capture_grottos",
                "item_count": 1
              }
            ],
            "map_locations": [
              {
                "map": "entrances",
                "x": 2030,
                "y": 370
              }
            ]
          },
          {
            "name": "Graveyard -> Graveyard Dampes House",
            "short_name": "Dampes House",
            "sections": [
              {
                "name": "House",
                "visibility_rules": [
                  "setting_entrance_interiors_simple"
                ],
                "capture_item": true,
                "capture_item_layout": "tracker_capture_houses",
                "item_count": 1
              }
            ],
            "map_locations": [
              {
                "map": "entrances",
                "x": 2020,
                "y": 400
              }
            ]
          },
          {
            "name": "Graveyard Warp Pad Region -> Shadow Temple Entryway",
            "short_name": "Shadow Temple",
            "sections": [
              {
                "name": "Dungeon",
                "capture_item": true,
                "capture_item_layout": "tracker_capture_dungeons",
                "item_count": 1
              }
            ],
            "map_locations": [
              {
                "map": "entrances",
                "size": 50,
                "x": 2145,
                "y": 325
              }
            ]
          },
          {
            "name": "Graveyard -> Kakariko Village",
            "short_name": "GY -> Kak",
            "sections": [
              {
                "name": "Overworld",
                "capture_item": true,
                "capture_item_layout": "tracker_capture_overworld",
                "item_count": 1
              }
            ],
            "map_locations": [
              {
                "map": "connectors",
                "x": 1980,
                "y": 370
              }
            ]
          }
        ]
      },
      {
        "name": "Market",
        "color": "#09a09d",
        "children": [
          {
            "name": "Market -> Market Bazaar",
            "short_name": "Market Bazaar",
            "sections": [
              {
                "name": "House",
                "capture_item": true,
                "capture_item_layout": "tracker_capture_houses",
                "item_count": 1
              }
            ],
            "map_locations": [
              {
                "map": "entrances",
                "x": 1495,
                "y": 355
              }
            ]
          },
          {
            "name": "Market -> Market Bombchu Bowling",
            "short_name": "Market Bombchu Bowling",
            "sections": [
              {
                "name": "House",
                "capture_item": true,
                "capture_item_layout": "tracker_capture_houses",
                "item_count": 1
              }
            ],
            "map_locations": [
              {
                "map": "entrances",
                "x": 1415,
                "y": 325
              }
            ]
          },
          {
            "name": "Market -> Market Bombchu Shop",
            "short_name": "Market Bombchu Shop",
            "sections": [
              {
                "name": "House",
                "capture_item": true,
                "capture_item_layout": "tracker_capture_houses",
                "item_count": 1
              }
            ],
            "map_locations": [
              {
                "map": "entrances",
                "x": 1380,
                "y": 365
              }
            ]
          },
          {
            "name": "Market -> Market Man in Green House",
            "short_name": "Market Man in Green House",
            "sections": [
              {
                "name": "House",
                "visibility_rules": [
                  "setting_entrance_interiors_simple"
                ],
                "capture_item": true,
                "capture_item_layout": "tracker_capture_houses",
                "item_count": 1
              }
            ],
            "map_locations": [
              {
                "map": "entrances",
                "x": 1380,
                "y": 290
              }
            ]
          },
          {
            "name": "Market -> Market Mask Shop",
            "short_name": "Market Mask Shop",
            "sections": [
              {
                "name": "House",
                "capture_item": true,
                "capture_item_layout": "tracker_capture_houses",
                "item_count": 1
              }
            ],
            "map_locations": [
              {
                "map": "entrances",
                "x": 1465,
                "y": 290
              }
            ]
          },
          {
            "name": "Market -> Market Potion Shop",
            "short_name": "Market Potion Shop",
            "sections": [
              {
                "name": "House",
                "capture_item": true,
                "capture_item_layout": "tracker_capture_houses",
                "item_count": 1
              }
            ],
            "map_locations": [
              {
                "map": "entrances",
                "x": 1495,
                "y": 325
              }
            ]
          },
          {
            "name": "Market -> Market Shooting Gallery",
            "short_name": "Market Shooting Gallery",
            "sections": [
              {
                "name": "House",
                "capture_item": true,
                "capture_item_layout": "tracker_capture_houses",
                "item_count": 1
              }
            ],
            "map_locations": [
              {
                "map": "entrances",
                "x": 1425,
                "y": 290
              }
            ]
          },
          {
            "name": "Market -> Market Treasure Chest Game",
            "short_name": "Market Treasure Chest Game",
            "sections": [
              {
                "name": "House",
                "capture_item": true,
                "capture_item_layout": "tracker_capture_houses",
                "item_count": 1
              }
            ],
            "map_locations": [
              {
                "map": "entrances",
                "x": 1415,
                "y": 365
              }
            ]
          },
          {
            "name": "Market Entrance -> Market Guard House",
            "short_name": "Market Guard House",
            "sections": [
              {
                "name": "House",
                "capture_item": true,
                "capture_item_layout": "tracker_capture_houses",
                "item_count": 1
              }
            ],
            "map_locations": [
              {
                "map": "entrances",
                "x": 1465,
                "y": 405
              }
            ]
          },
          {
            "name": "ToT Entrance -> Temple of Time",
            "short_name": "Temple of Time",
            "sections": [
              {
                "name": "House",
                "capture_item": true,
                "capture_item_layout": "tracker_capture_houses",
                "item_count": 1
              }
            ],
            "map_locations": [
              {
                "map": "entrances",
                "x": 1535,
                "y": 275
              }
            ]
          },
          {
            "name": "Market -> Castle Grounds",
            "short_name": "CT -> CG",
            "sections": [
              {
                "name": "Overworld",
                "capture_item": true,
                "capture_item_layout": "tracker_capture_overworld",
                "item_count": 1
              }
            ],
            "map_locations": [
              {
                "map": "connectors",
                "x": 1440,
                "y": 295
              }
            ]
          },
          {
            "name": "Market -> Market Entrance",
            "short_name": "CT -> CTE",
            "sections": [
              {
                "name": "Overworld",
                "capture_item": true,
                "capture_item_layout": "tracker_capture_overworld",
                "item_count": 1
              }
            ],
            "map_locations": [
              {
                "map": "connectors",
                "x": 1440,
                "y": 355
              }
            ]
          },
          {
            "name": "Market -> ToT Entrance",
            "short_name": "CT -> ToT",
            "sections": [
              {
                "name": "Overworld",
                "capture_item": true,
                "capture_item_layout": "tracker_capture_overworld",
                "item_count": 1
              }
            ],
            "map_locations": [
              {
                "map": "connectors",
                "x": 1490,
                "y": 310
              }
            ]
          },
          {
            "name": "Market Entrance -> Market",
            "short_name": "CTE -> CT",
            "sections": [
              {
                "name": "Overworld",
                "capture_item": true,
                "capture_item_layout": "tracker_capture_overworld",
                "item_count": 1
              }
            ],
            "map_locations": [
              {
                "map": "connectors",
                "x": 1435,
                "y": 390
              }
            ]
          },
          {
            "name": "Market Entrance -> Hyrule Field",
            "short_name": "CTE -> HF",
            "sections": [
              {
                "name": "Overworld",
                "capture_item": true,
                "capture_item_layout": "tracker_capture_overworld",
                "item_count": 1
              }
            ],
            "map_locations": [
              {
                "map": "connectors",
                "x": 1435,
                "y": 425
              }
            ]
          },
          {
            "name": "ToT Entrance -> Market",
            "short_name": "ToT -> CT",
            "sections": [
              {
                "name": "Overworld",
                "capture_item": true,
                "capture_item_layout": "tracker_capture_overworld",
                "item_count": 1
              }
            ],
            "map_locations": [
              {
                "map": "connectors",
                "x": 1525,
                "y": 310
              }
            ]
          }
        ]
      },
      {
        "name": "Castle Grounds",
        "color": "#09a09d",
        "children": [
          {
            "name": "Hyrule Castle Grounds -> HC Storms Grotto",
            "short_name": "HC Storms Grotto",
            "sections": [
              {
                "name": "Grotto",
                "capture_item": true,
                "capture_item_layout": "tracker_capture_grottos",
                "item_count": 1
              }
            ],
            "map_locations": [
              {
                "map": "entrances",
                "x": 1480,
                "y": 205
              }
            ]
          },
          {
            "name": "Ganons Castle Grounds -> OGC Great Fairy Fountain",
            "short_name": "OGC Great Fairy Fountain",
            "sections": [
              {
                "name": "House",
                "capture_item": true,
                "capture_item_layout": "tracker_capture_houses",
                "item_count": 1
              }
            ],
            "map_locations": [
              {
                "map": "entrances",
                "x": 1530,
                "y": 205
              }
            ]
          },
          {
            "name": "Hyrule Castle Grounds -> HC Great Fairy Fountain",
            "short_name": "HC Great Fairy Fountain",
            "sections": [
              {
                "name": "House",
                "capture_item": true,
                "capture_item_layout": "tracker_capture_houses",
                "item_count": 1
              }
            ],
            "map_locations": [
              {
                "map": "entrances",
                "x": 1490,
                "y": 240
              }
            ]
          },
          {
            "name": "Castle Grounds -> Market",
            "short_name": "CG -> CT",
            "sections": [
              {
                "name": "Overworld",
                "capture_item": true,
                "capture_item_layout": "tracker_capture_overworld",
                "item_count": 1
              }
            ],
            "map_locations": [
              {
                "map": "connectors",
                "x": 1440,
                "y": 260
              }
            ]
          }
        ]
      },
      {
        "name": "Death Mountain Trail",
        "color": "#a01009",
        "children": [
          {
            "name": "Death Mountain Summit -> DMT Cow Grotto",
            "short_name": "DMT Cow Grotto",
            "sections": [
              {
                "name": "Grotto",
                "capture_item": true,
                "capture_item_layout": "tracker_capture_grottos",
                "item_count": 1
              }
            ],
            "map_locations": [
              {
                "map": "entrances",
                "x": 1750,
                "y": 170
              }
            ]
          },
          {
            "name": "Death Mountain -> DMT Storms Grotto",
            "short_name": "DMT Storms Grotto",
            "sections": [
              {
                "name": "Grotto",
                "capture_item": true,
                "capture_item_layout": "tracker_capture_grottos",
                "item_count": 1
              }
            ],
            "map_locations": [
              {
                "map": "entrances",
                "x": 1705,
                "y": 160
              }
            ]
          },
          {
            "name": "Death Mountain Summit -> DMT Great Fairy Fountain",
            "short_name": "DMT Great Fairy Fountain",
            "sections": [
              {
                "name": "House",
                "capture_item": true,
                "capture_item_layout": "tracker_capture_houses",
                "item_count": 1
              }
            ],
            "map_locations": [
              {
                "map": "entrances",
                "x": 1765,
                "y": 90
              }
            ]
          },
          {
            "name": "Dodongos Cavern Entryway -> Dodongos Cavern Beginning",
            "short_name": "Dodongos Cavern",
            "sections": [
              {
                "name": "Dungeon",
                "capture_item": true,
                "capture_item_layout": "tracker_capture_dungeons",
                "item_count": 1
              }
            ],
            "map_locations": [
              {
                "map": "entrances",
                "size": 50,
                "x": 1685,
                "y": 220
              }
            ]
          },
          {
            "name": "Death Mountain -> Goron City",
            "short_name": "DMT -> GC",
            "sections": [
              {
                "name": "Overworld",
                "capture_item": true,
                "capture_item_layout": "tracker_capture_overworld",
                "item_count": 1
              }
            ],
            "map_locations": [
              {
                "map": "connectors",
                "x": 1675,
                "y": 165
              }
            ]
          },
          {
            "name": "Death Mountain -> Kak Behind Gate",
            "short_name": "DMT -> Kak",
            "sections": [
              {
                "name": "Overworld",
                "capture_item": true,
                "capture_item_layout": "tracker_capture_overworld",
                "item_count": 1
              }
            ],
            "map_locations": [
              {
                "map": "connectors",
                "x": 1720,
                "y": 280
              }
            ]
          },
          {
            "name": "Death Mountain Summit -> DMC Upper Local",
            "short_name": "DMT -> DMC",
            "sections": [
              {
                "name": "Overworld",
                "capture_item": true,
                "capture_item_layout": "tracker_capture_overworld",
                "item_count": 1
              }
            ],
            "map_locations": [
              {
                "map": "connectors",
                "x": 1815,
                "y": 90
              }
            ]
          },
          {
            "name": "DMT Owl Flight -> Kak Impas Ledge",
            "short_name": "DMT Owl Flight",
            "sections": [
              {
                "name": "Overworld",
                "capture_item": true,
                "capture_item_layout": "tracker_capture_overworld",
                "item_count": 1
              }
            ],
            "map_locations": [
              {
                "map": "connectors",
                "x": 1780,
                "y": 100
              }
            ]
          }
        ]
      },
      {
        "name": "Death Mountain Crater",
        "color": "#a01009",
        "children": [
          {
            "name": "DMC Upper Nearby -> DMC Upper Grotto",
            "short_name": "DMC Upper Grotto",
            "sections": [
              {
                "name": "Grotto",
                "capture_item": true,
                "capture_item_layout": "tracker_capture_grottos",
                "item_count": 1
              }
            ],
            "map_locations": [
              {
                "map": "entrances",
                "x": 1765,
                "y": 45
              }
            ]
          },
          {
            "name": "DMC Lower Nearby -> DMC Hammer Grotto",
            "short_name": "DMC Hammer Grotto",
            "sections": [
              {
                "name": "Grotto",
                "capture_item": true,
                "capture_item_layout": "tracker_capture_grottos",
                "item_count": 1
              }
            ],
            "map_locations": [
              {
                "map": "entrances",
                "x": 1845,
                "y": 30
              }
            ]
          },
          {
            "name": "DMC Lower Nearby -> DMC Great Fairy Fountain",
            "short_name": "DMC Great Fairy Fountain",
            "sections": [
              {
                "name": "House",
                "capture_item": true,
                "capture_item_layout": "tracker_capture_houses",
                "item_count": 1
              }
            ],
            "map_locations": [
              {
                "map": "entrances",
                "x": 1805,
                "y": 30
              }
            ]
          },
          {
            "name": "Fire Temple Entrance -> Fire Temple Lower",
            "short_name": "Fire Temple",
            "sections": [
              {
                "name": "Dungeon",
                "capture_item": true,
                "capture_item_layout": "tracker_capture_dungeons",
                "item_count": 1
              }
            ],
            "map_locations": [
              {
                "map": "entrances",
                "size": 50,
                "x": 1910,
                "y": 80
              }
            ]
          },
          {
            "name": "DMC Lower Nearby -> GC Darunias Chamber",
            "short_name": "DMC -> GC",
            "sections": [
              {
                "name": "Overworld",
                "capture_item": true,
                "capture_item_layout": "tracker_capture_overworld",
                "item_count": 1
              }
            ],
            "map_locations": [
              {
                "map": "connectors",
                "x": 1765,
                "y": 45
              }
            ]
          },
          {
            "name": "DMC Upper Nearby -> Death Mountain Summit",
            "short_name": "DMC -> DMT",
            "sections": [
              {
                "name": "Overworld",
                "capture_item": true,
                "capture_item_layout": "tracker_capture_overworld",
                "item_count": 1
              }
            ],
            "map_locations": [
              {
                "map": "connectors",
                "x": 1815,
                "y": 55
              }
            ]
          }
        ]
      },
      {
        "name": "Goron City",
        "color": "#a01009",
        "children": [
          {
            "name": "Goron City -> GC Grotto",
            "short_name": "GC Grotto",
            "sections": [
              {
                "name": "Grotto",
                "capture_item": true,
                "capture_item_layout": "tracker_capture_grottos",
                "item_count": 1
              }
            ],
            "map_locations": [
              {
                "map": "entrances",
                "x": 1705,
                "y": 90
              }
            ]
          },
          {
            "name": "Goron City -> GC Shop",
            "short_name": "GC Shop",
            "sections": [
              {
                "name": "House",
                "capture_item": true,
                "capture_item_layout": "tracker_capture_houses",
                "item_count": 1
              }
            ],
            "map_locations": [
              {
                "map": "entrances",
                "x": 1645,
                "y": 120
              }
            ]
          },
          {
            "name": "GC Darunias Chamber -> DMC Lower Local",
            "short_name": "GC -> DMC",
            "sections": [
              {
                "name": "Overworld",
                "capture_item": true,
                "capture_item_layout": "tracker_capture_overworld",
                "item_count": 1
              }
            ],
            "map_locations": [
              {
                "map": "connectors",
                "x": 1640,
                "y": 80
              }
            ]
          },
          {
            "name": "Goron City -> Death Mountain",
            "short_name": "GC -> DMT",
            "sections": [
              {
                "name": "Overworld",
                "capture_item": true,
                "capture_item_layout": "tracker_capture_overworld",
                "item_count": 1
              }
            ],
            "map_locations": [
              {
                "map": "connectors",
                "x": 1675,
                "y": 130
              }
            ]
          },
          {
            "name": "GC Woods Warp -> Lost Woods",
            "short_name": "GC -> LW",
            "sections": [
              {
                "name": "Overworld",
                "capture_item": true,
                "capture_item_layout": "tracker_capture_overworld",
                "item_count": 1
              }
            ],
            "map_locations": [
              {
                "map": "connectors",
                "x": 1710,
                "y": 115
              }
            ]
          }
        ]
      },
      {
        "name": "Lake Hylia",
        "color": "#0936a0",
        "children": [
          {
            "name": "Lake Hylia -> LH Grotto",
            "short_name": "LH Grotto",
            "sections": [
              {
                "name": "Grotto",
                "capture_item": true,
                "capture_item_layout": "tracker_capture_grottos",
                "item_count": 1
              }
            ],
            "map_locations": [
              {
                "map": "entrances",
                "x": 870,
                "y": 1310
              }
            ]
          },
          {
            "name": "Lake Hylia -> LH Fishing Hole",
            "short_name": "LH Fishing Hole",
            "sections": [
              {
                "name": "House",
                "capture_item": true,
                "capture_item_layout": "tracker_capture_houses",
                "item_count": 1
              }
            ],
            "map_locations": [
              {
                "map": "entrances",
                "x": 1270,
                "y": 1215
              }
            ]
          },
          {
            "name": "Lake Hylia -> LH Lab",
            "short_name": "LH Lab",
            "sections": [
              {
                "name": "House",
                "capture_item": true,
                "capture_item_layout": "tracker_capture_houses",
                "item_count": 1
              }
            ],
            "map_locations": [
              {
                "map": "entrances",
                "x": 960,
                "y": 1200
              }
            ]
          },
          {
            "name": "Lake Hylia -> Water Temple Lobby",
            "short_name": "Water Temple",
            "sections": [
              {
                "name": "Dungeon",
                "capture_item": true,
                "capture_item_layout": "tracker_capture_dungeons",
                "item_count": 1
              }
            ],
            "map_locations": [
              {
                "map": "entrances",
                "size": 50,
                "x": 1015,
                "y": 1380
              }
            ]
          },
          {
            "name": "Lake Hylia -> Hyrule Field",
            "short_name": "LH -> HF",
            "sections": [
              {
                "name": "Overworld",
                "capture_item": true,
                "capture_item_layout": "tracker_capture_overworld",
                "item_count": 1
              }
            ],
            "map_locations": [
              {
                "map": "connectors",
                "x": 1045,
                "y": 1110
              }
            ]
          },
          {
            "name": "Lake Hylia -> Zoras Domain",
            "short_name": "LH -> ZD",
            "sections": [
              {
                "name": "Overworld",
                "capture_item": true,
                "capture_item_layout": "tracker_capture_overworld",
                "item_count": 1
              }
            ],
            "map_locations": [
              {
                "map": "connectors",
                "x": 1070,
                "y": 1205
              }
            ]
          },
          {
            "name": "LH Owl Flight -> Hyrule Field",
            "short_name": "LH Owl Flight",
            "sections": [
              {
                "name": "Overworld",
                "capture_item": true,
                "capture_item_layout": "tracker_capture_overworld",
                "item_count": 1
              }
            ],
            "map_locations": [
              {
                "map": "connectors",
                "x": 870,
                "y": 1310
              }
            ]
          }
        ]
      },
      {
        "name": "Zora River",
        "color": "#0936a0",
        "children": [
          {
            "name": "Zora River -> ZR Fairy Grotto",
            "short_name": "ZR Fairy Grotto",
            "sections": [
              {
                "name": "Grotto",
                "capture_item": true,
                "capture_item_layout": "tracker_capture_grottos",
                "item_count": 1
              }
            ],
            "map_locations": [
              {
                "map": "entrances",
                "x": 2105,
                "y": 505
              }
            ]
          },
          {
            "name": "Zora River -> ZR Open Grotto",
            "short_name": "ZR Open Grotto",
            "sections": [
              {
                "name": "Grotto",
                "capture_item": true,
                "capture_item_layout": "tracker_capture_grottos",
                "item_count": 1
              }
            ],
            "map_locations": [
              {
                "map": "entrances",
                "x": 2090,
                "y": 540
              }
            ]
          },
          {
            "name": "Zora River -> ZR Storms Grotto",
            "short_name": "ZR Storms Grotto",
            "sections": [
              {
                "name": "Grotto",
                "capture_item": true,
                "capture_item_layout": "tracker_capture_grottos",
                "item_count": 1
              }
            ],
            "map_locations": [
              {
                "map": "entrances",
                "x": 1940,
                "y": 520
              }
            ]
          },
          {
            "name": "Zora River -> Lost Woods",
            "short_name": "ZR -> LW",
            "sections": [
              {
                "name": "Overworld",
                "capture_item": true,
                "capture_item_layout": "tracker_capture_overworld",
                "item_count": 1
              }
            ],
            "map_locations": [
              {
                "map": "connectors",
                "x": 2395,
                "y": 475
              }
            ]
          },
          {
            "name": "ZR Behind Waterfall -> Zoras Domain",
            "short_name": "ZR -> ZD",
            "sections": [
              {
                "name": "Overworld",
                "capture_item": true,
                "capture_item_layout": "tracker_capture_overworld",
                "item_count": 1
              }
            ],
            "map_locations": [
              {
                "map": "connectors",
                "x": 2405,
                "y": 430
              }
            ]
          },
          {
            "name": "ZR Front -> Hyrule Field",
            "short_name": "ZR -> HF",
            "sections": [
              {
                "name": "Overworld",
                "capture_item": true,
                "capture_item_layout": "tracker_capture_overworld",
                "item_count": 1
              }
            ],
            "map_locations": [
              {
                "map": "connectors",
                "x": 1925,
                "y": 560
              }
            ]
          }
        ]
      },
      {
        "name": "Zoras Domain",
        "color": "#0936a0",
        "children": [
          {
            "name": "Zoras Domain -> ZD Storms Grotto",
            "short_name": "ZD Storms Grotto",
            "sections": [
              {
                "name": "Grotto",
                "capture_item": true,
                "capture_item_layout": "tracker_capture_grottos",
                "item_count": 1
              }
            ],
            "map_locations": [
              {
                "map": "entrances",
                "x": 2535,
                "y": 470
              }
            ]
          },
          {
            "name": "Zoras Domain -> ZD Shop",
            "short_name": "ZD Shop",
            "sections": [
              {
                "name": "House",
                "capture_item": true,
                "capture_item_layout": "tracker_capture_houses",
                "item_count": 1
              }
            ],
            "map_locations": [
              {
                "map": "entrances",
                "x": 2625,
                "y": 500
              }
            ]
          },
          {
            "name": "Zoras Domain -> Lake Hylia",
            "short_name": "ZD -> LH",
            "sections": [
              {
                "name": "Overworld",
                "capture_item": true,
                "capture_item_layout": "tracker_capture_overworld",
                "item_count": 1
              }
            ],
            "map_locations": [
              {
                "map": "connectors",
                "x": 2570,
                "y": 490
              }
            ]
          },
          {
            "name": "Zoras Domain -> ZR Behind Waterfall",
            "short_name": "ZD -> ZR",
            "sections": [
              {
                "name": "Overworld",
                "capture_item": true,
                "capture_item_layout": "tracker_capture_overworld",
                "item_count": 1
              }
            ],
            "map_locations": [
              {
                "map": "connectors",
                "x": 2485,
                "y": 450
              }
            ]
          },
          {
            "name": "ZD Behind King Zora -> Zoras Fountain",
            "short_name": "ZD -> ZF",
            "sections": [
              {
                "name": "Overworld",
                "capture_item": true,
                "capture_item_layout": "tracker_capture_overworld",
                "item_count": 1
              }
            ],
            "map_locations": [
              {
                "map": "connectors",
                "x": 2600,
                "y": 355
              }
            ]
          }
        ]
      },
      {
        "name": "Zoras Fountain",
        "color": "#0936a0",
        "children": [
          {
            "name": "Zoras Fountain -> ZF Great Fairy Fountain",
            "short_name": "ZF Great Fairy Fountain",
            "sections": [
              {
                "name": "House",
                "capture_item": true,
                "capture_item_layout": "tracker_capture_houses",
                "item_count": 1
              }
            ],
            "map_locations": [
              {
                "map": "entrances",
                "x": 2555,
                "y": 335
              }
            ]
          },
          {
            "name": "Zoras Fountain -> Jabu Jabus Belly Beginning",
            "short_name": "Jabu Jabu",
            "sections": [
              {
                "name": "Dungeon",
                "capture_item": true,
                "capture_item_layout": "tracker_capture_dungeons",
                "item_count": 1
              }
            ],
            "map_locations": [
              {
                "map": "entrances",
                "size": 50,
                "x": 2490,
                "y": 330
              }
            ]
          },
          {
            "name": "Zoras Fountain -> Ice Cavern Beginning",
            "short_name": "Ice Cavern",
            "sections": [
              {
                "name": "Dungeon",
                "capture_item": true,
                "capture_item_layout": "tracker_capture_dungeons",
                "item_count": 1
              }
            ],
            "map_locations": [
              {
                "map": "entrances",
                "size": 50,
                "x": 2500,
                "y": 275
              }
            ]
          },
          {
            "name": "Zoras Fountain -> ZD Behind King Zora",
            "short_name": "ZF -> ZD",
            "sections": [
              {
                "name": "Overworld",
                "capture_item": true,
                "capture_item_layout": "tracker_capture_overworld",
                "item_count": 1
              }
            ],
            "map_locations": [
              {
                "map": "connectors",
                "x": 2535,
                "y": 350
              }
            ]
          }
        ]
      },
      {
        "name": "Gerudo Valley",
        "color": "#a09509",
        "children": [
          {
            "name": "Gerudo Valley -> GV Octorok Grotto",
            "short_name": "GV Octorok Grotto",
            "sections": [
              {
                "name": "Grotto",
                "visibility_rules": [
                  "setting_entrance_grottos_shuffle"
                ],
                "capture_item": true,
                "capture_item_layout": "tracker_capture_grottos",
                "item_count": 1
              }
            ],
            "map_locations": [
              {
                "map": "entrances",
                "x": 680,
                "y": 610
              }
            ]
          },
          {
            "name": "GV Fortress Side -> GV Storms Grotto",
            "short_name": "GV Storms Grotto",
            "sections": [
              {
                "name": "Grotto",
                "capture_item": true,
                "capture_item_layout": "tracker_capture_grottos",
                "item_count": 1
              }
            ],
            "map_locations": [
              {
                "map": "entrances",
                "x": 605,
                "y": 530
              }
            ]
          },
          {
            "name": "GV Fortress Side -> GV Carpenter Tent",
            "short_name": "GV Carpenter Tent",
            "sections": [
              {
                "name": "House",
                "visibility_rules": [
                  "setting_entrance_interiors_simple"
                ],
                "capture_item": true,
                "capture_item_layout": "tracker_capture_houses",
                "item_count": 1
              }
            ],
            "map_locations": [
              {
                "map": "entrances",
                "x": 640,
                "y": 545
              }
            ]
          },
          {
            "name": "Gerudo Valley -> Hyrule Field",
            "short_name": "GV -> HF",
            "sections": [
              {
                "name": "Overworld",
                "capture_item": true,
                "capture_item_layout": "tracker_capture_overworld",
                "item_count": 1
              }
            ],
            "map_locations": [
              {
                "map": "connectors",
                "x": 800,
                "y": 565
              }
            ]
          },
          {
            "name": "GV Fortress Side -> Gerudo Fortress",
            "short_name": "GV -> GF",
            "sections": [
              {
                "name": "Overworld",
                "capture_item": true,
                "capture_item_layout": "tracker_capture_overworld",
                "item_count": 1
              }
            ],
            "map_locations": [
              {
                "map": "connectors",
                "x": 555,
                "y": 565
              }
            ]
          }
        ]
      },
      {
        "name": "Gerudo Fortress",
        "color": "#a09509",
        "children": [
          {
            "name": "Gerudo Fortress -> GF Storms Grotto",
            "short_name": "GF Storms Grotto",
            "sections": [
              {
                "name": "Grotto",
                "capture_item": true,
                "capture_item_layout": "tracker_capture_grottos",
                "item_count": 1
              }
            ],
            "map_locations": [
              {
                "map": "entrances",
                "x": 525,
                "y": 395
              }
            ]
          },
          {
            "name": "Gerudo Fortress -> Gerudo Training Grounds Lobby",
            "short_name": "Gerudo Training Grounds",
            "sections": [
              {
                "name": "Dungeon",
                "capture_item": true,
                "capture_item_layout": "tracker_capture_dungeons",
                "item_count": 1
              }
            ],
            "map_locations": [
              {
                "map": "entrances",
                "size": 50,
                "x": 485,
                "y": 435
              }
            ]
          },
          {
            "name": "Gerudo Fortress -> GV Fortress Side",
            "short_name": "GF -> GV",
            "sections": [
              {
                "name": "Overworld",
                "capture_item": true,
                "capture_item_layout": "tracker_capture_overworld",
                "item_count": 1
              }
            ],
            "map_locations": [
              {
                "map": "connectors",
                "x": 490,
                "y": 490
              }
            ]
          },
          {
            "name": "GF Outside Gate -> Wasteland Near Fortress",
            "short_name": "GF -> WL",
            "sections": [
              {
                "name": "Overworld",
                "capture_item": true,
                "capture_item_layout": "tracker_capture_overworld",
                "item_count": 1
              }
            ],
            "map_locations": [
              {
                "map": "connectors",
                "x": 460,
                "y": 320
              }
            ]
          }
        ]
      },
      {
        "name": "Haunted Wasteland",
        "color": "#a09509",
        "children": [
          {
            "name": "Wasteland Near Colossus -> Desert Colossus",
            "short_name": "WL -> Col",
            "sections": [
              {
                "name": "Overworld",
                "capture_item": true,
                "capture_item_layout": "tracker_capture_overworld",
                "item_count": 1
              }
            ],
            "map_locations": [
              {
                "map": "connectors",
                "x": 335,
                "y": 350
              }
            ]
          },
          {
            "name": "Wasteland Near Fortress -> GF Outside Gate",
            "short_name": "WL -> GF",
            "sections": [
              {
                "name": "Overworld",
                "capture_item": true,
                "capture_item_layout": "tracker_capture_overworld",
                "item_count": 1
              }
            ],
            "map_locations": [
              {
                "map": "connectors",
                "x": 425,
                "y": 320
              }
            ]
          }
        ]
      },
      {
        "name": "Desert Colossus",
        "color": "#a09509",
        "children": [
          {
            "name": "Desert Colossus -> Colossus Grotto",
            "short_name": "Colossus Grotto",
            "sections": [
              {
                "name": "Grotto",
                "capture_item": true,
                "capture_item_layout": "tracker_capture_grottos",
                "item_count": 1
              }
            ],
            "map_locations": [
              {
                "map": "entrances",
                "x": 195,
                "y": 300
              }
            ]
          },
          {
            "name": "Desert Colossus -> Colossus Great Fairy Fountain",
            "short_name": "Colossus Great Fairy Fountain",
            "sections": [
              {
                "name": "House",
                "capture_item": true,
                "capture_item_layout": "tracker_capture_houses",
                "item_count": 1
              }
            ],
            "map_locations": [
              {
                "map": "entrances",
                "x": 275,
                "y": 300
              }
            ]
          },
          {
            "name": "Desert Colossus -> Spirit Temple Lobby",
            "short_name": "Spirit Temple",
            "sections": [
              {
                "name": "Dungeon",
                "capture_item": true,
                "capture_item_layout": "tracker_capture_dungeons",
                "item_count": 1
              }
            ],
            "map_locations": [
              {
                "map": "entrances",
                "size": 50,
                "x": 95,
                "y": 315
              }
            ]
          },
          {
            "name": "Desert Colossus -> Wasteland Near Colossus",
            "short_name": "Col -> WL",
            "sections": [
              {
                "name": "Overworld",
                "capture_item": true,
                "capture_item_layout": "tracker_capture_overworld",
                "item_count": 1
              }
            ],
            "map_locations": [
              {
                "map": "connectors",
                "x": 300,
                "y": 350
              }
            ]
          }
        ]
      }
    ]
  }
]