﻿[
  {
    "name": "Open Door",
    "type": "progressive",
    "allow_disabled": false,
    "loop": true,
    "stages": [
      {
        "img": "images/closed_door.png",
        "codes": "type_door,closed_door"
      },
      {
        "img": "images/open_door.png",
        "codes": "type_door,open_door",
        "inherit_codes": false
      }
    ]
  },
  {
    "name": "Open Forest",
    "type": "progressive",
    "allow_disabled": false,
    "loop": true,
    "stages": [
      {
        "img": "images/closed_forest.png",
        "codes": "type_forest,closed_forest"
      },
      {
        "img": "images/open_forest.png",
        "codes": "type_forest,open_forest",
        "inherit_codes": false
      }
    ]
  },
  {
    "name": "Bridge Requirement",
    "type": "progressive",
    "allow_disabled": false,
    "loop": true,
    "stages": [
      {
        "img": "images/bridge_medallions.png",
        "codes": "type_bridge,bridge_medallions",
        "inherit_codes": false
      },
      {
        "img": "images/bridge_vanilla.png",
        "codes": "type_bridge,bridge_vanilla",
        "inherit_codes": false
      },
      {
        "img": "images/bridge_dungeons.png",
        "codes": "type_bridge,bridge_dungeons",
        "inherit_codes": false
      },
      {
        "img": "images/bridge_open.png",
        "codes": "type_bridge,bridge_open",
        "inherit_codes": false
      }
    ]
  },
  {
    "name": "Bow",
    "type": "progressive",
    "allow_disabled": false,
    "stages": [
      {
        "img": "images/bow.png",
        "img_mods": "@disabled"
      },
      {
        "img": "images/bow3.png",
        "codes": "bow"
      },
      {
        "img": "images/bow4.png"
      },
      {
        "img": "images/bow5.png"
      }
    ]
  },
  {
    "name": "Slingshot",
    "type": "progressive",
    "allow_disabled": false,
    "stages": [
      {
        "img": "images/slingshot.png",
        "img_mods": "@disabled"
      },
      {
        "img": "images/sling3.png",
        "codes": "slingshot,sling"
      },
      {
        "img": "images/sling4.png"
      },
      {
        "img": "images/sling5.png"
      }
    ]
  },
  {
    "name": "Deku Nuts",
    "type": "progressive",
    "allow_disabled": false,
    "stages": [
      {
        "img": "images/nut.png",
        "img_mods": "@disabled"
      },
      {
        "img": "images/nut2.png",
        "codes": "nuts,dekunuts"
      },
      {
        "img": "images/nut3.png"
      },
      {
        "img": "images/nut4.png"
      }
    ]
  },
  {
    "name": "Stone of Agony",
    "type": "toggle",
    "img": "images/agony.png",
    "codes": "agony"
  },
  {
    "name": "Gerudo Card",
    "type": "toggle",
    "img": "images/gerudocard.png",
    "codes": "gerudocard,card"
  },
  {
    "name": "Fire Arrows",
    "type": "toggle",
    "img": "images/firearrow.png",
    "codes": "firearrow"
  },
  {
    "name": "Ice Arrows",
    "type": "toggle",
    "img": "images/icearrow.png",
    "codes": "icearrow"
  },
  {
    "name": "Light Arrows",
    "type": "toggle",
    "img": "images/lightarrow.png",
    "codes": "lightarrow"
  },
  {
    "name": "Magic Beans",
    "type": "toggle",
    "img": "images/bean.png",
    "codes": "beans"
  },
  {
    "name": "Deku Sticks",
    "type": "progressive",
    "allow_disabled": false,
    "stages": [
      {
        "img": "images/stick.png",
        "img_mods": "@disabled"
      },
      {
        "img": "images/stick1.png",
        "codes": "sticks"
      },
      {
        "img": "images/stick2.png"
      },
      {
        "img": "images/stick3.png"
      }
    ]
  },
  {
    "name": "Bombs",
    "type": "progressive",
    "allow_disabled": false,
    "stages": [
      {
        "img": "images/bomb.png",
        "img_mods": "@disabled"
      },
      {
        "img": "images/bomb2.png",
        "codes": "bombs"
      },
      {
        "img": "images/bomb3.png"
      },
      {
        "img": "images/bomb4.png"
      }
    ]
  },
  {
    "name": "Boomerang",
    "type": "toggle",
    "img": "images/boomerang.png",
    "codes": "boomerang"
  },
  {
    "name": "Hookshot",
    "type": "progressive",
    "allow_disabled": false,
    "stages": [
      {
        "img": "images/hookshotd.png",
        "img_mods": "@disabled"
      },
      {
        "img": "images/hookshot.png",
        "codes": "hookshot,hs"
      },
      {
        "img": "images/longshot.png",
        "codes": "longshot,ls"
      }
    ]
  },
  {
    "name": "Bombchu",
    "type": "toggle",
    "img": "images/bombchu.png",
    "codes": "bombchu"
  },
  {
    "name": "Lens of Truth",
    "type": "toggle",
    "img": "images/lens.png",
    "codes": "lens,lensoftruth"
  },
  {
    "name": "Din's Fire",
    "type": "toggle",
    "img": "images/din.png",
    "codes": "dinsfire"
  },
  {
    "name": "Farore's Wind",
    "type": "toggle",
    "img": "images/farore.png",
    "codes": "faroreswind"
  },
  {
    "name": "Nayru's Love",
    "type": "toggle",
    "img": "images/nayru.png",
    "codes": "nayruslove"
  },
  {
    "name": "Zelda's Lullaby",
    "type": "progressive_toggle",
    "stages": [
      {
        "img": "images/zelda.png",
        "codes": "lullaby"
      },
      {
        "img": "images/zelda-check.png",
        "disabled_img": "images/zelda-disabledcheck.png",
        "disabled_img_mods": "",
        "codes": "lullaby,lullabycheck"
      }
    ]
  },
  {
    "name": "Saria's Song",
    "type": "progressive_toggle",
    "stages": [
      {
        "img": "images/saria.png",
        "codes": "saria"
      },
      {
        "img": "images/saria-check.png",
        "disabled_img": "images/saria-disabledcheck.png",
        "disabled_img_mods": "",
        "codes": "saria,sariacheck"
      }
    ]
  },
  {
    "name": "Epona's Song",
    "type": "progressive_toggle",
    "stages": [
      {
        "img": "images/epona.png",
        "codes": "epona"
      },
      {
        "img": "images/epona-check.png",
        "disabled_img": "images/epona-disabledcheck.png",
        "disabled_img_mods": "",
        "codes": "epona,eponacheck"
      }
    ]
  },
  {
    "name": "Sun's Song",
    "type": "progressive_toggle",
    "stages": [
      {
        "img": "images/sunsong.png",
        "codes": "sun"
      },
      {
        "img": "images/sunsong-check.png",
        "disabled_img": "images/sunsong-disabledcheck.png",
        "disabled_img_mods": "",
        "codes": "sun,suncheck"
      }
    ]
  },
  {
    "name": "Song of Time",
    "type": "progressive_toggle",
    "stages": [
      {
        "img": "images/songoftime.png",
        "codes": "time"
      },
      {
        "img": "images/songoftime-check.png",
        "disabled_img": "images/songoftime-disabledcheck.png",
        "disabled_img_mods": "",
        "codes": "time,timecheck"
      }
    ]
  },
  {
    "name": "Song of Storms",
    "type": "progressive_toggle",
    "stages": [
      {
        "img": "images/songofstorms.png",
        "codes": "storm"
      },
      {
        "img": "images/songofstorms-check.png",
        "disabled_img": "images/songofstorms-disabledcheck.png",
        "disabled_img_mods": "",
        "codes": "storm,stormcheck"
      }
    ]
  },
  {
    "name": "Minuet of Forest",
    "type": "progressive_toggle",
    "stages": [
      {
        "img": "images/green_note.png",
        "codes": "minuet"
      },
      {
        "img": "images/green_note-check.png",
        "disabled_img": "images/green_note-disabledcheck.png",
        "disabled_img_mods": "",
        "codes": "minuet,minuetcheck"
      }
    ]
  },
  {
    "name": "Bolero of Fire",
    "type": "progressive_toggle",
    "stages": [
      {
        "img": "images/red_note.png",
        "codes": "bolero"
      },
      {
        "img": "images/red_note-check.png",
        "disabled_img": "images/red_note-disabledcheck.png",
        "disabled_img_mods": "",
        "codes": "bolero,bolerocheck"
      }
    ]
  },
  {
    "name": "Serenade of Water",
    "type": "progressive_toggle",
    "stages": [
      {
        "img": "images/blue_note.png",
        "codes": "serenade"
      },
      {
        "img": "images/blue_note-check.png",
        "disabled_img": "images/blue_note-disabledcheck.png",
        "disabled_img_mods": "",
        "codes": "serenade,serenadecheck"
      }
    ]
  },
  {
    "name": "Requiem of Spirit",
    "type": "progressive_toggle",
    "stages": [
      {
        "img": "images/orange_note.png",
        "codes": "requiem"
      },
      {
        "img": "images/orange_note-check.png",
        "disabled_img": "images/orange_note-disabledcheck.png",
        "disabled_img_mods": "",
        "codes": "requiem,requiemcheck"
      }
    ]
  },
  {
    "name": "Nocturne of Shadow",
    "type": "progressive_toggle",
    "stages": [
      {
        "img": "images/purple_note.png",
        "codes": "nocturne"
      },
      {
        "img": "images/purple_note-check.png",
        "disabled_img": "images/purple_note-disabledcheck.png",
        "disabled_img_mods": "",
        "codes": "nocturne,nocturnecheck"
      }
    ]
  },
  {
    "name": "Prelude of Light",
    "type": "progressive_toggle",
    "stages": [
      {
        "img": "images/yellow_note.png",
        "codes": "prelude"
      },
      {
        "img": "images/yellow_note-check.png",
        "disabled_img": "images/yellow_note-disabledcheck.png",
        "disabled_img_mods": "",
        "codes": "prelude,preludecheck"
      }
    ]
  },
  {
    "name": "Forest Medallion",
    "type": "toggle",
    "img": "images/forestmedallion.png",
    "codes": "forestmed"
  },
  {
    "name": "Fire Medallion",
    "type": "toggle",
    "img": "images/firemedallion.png",
    "codes": "firemed"
  },
  {
    "name": "water Medallion",
    "type": "toggle",
    "img": "images/watermedallion.png",
    "codes": "watermed"
  },
  {
    "name": "Spirit Medallion",
    "type": "toggle",
    "img": "images/spiritmedallion.png",
    "codes": "spiritmed"
  },
  {
    "name": "Shadow Medallion",
    "type": "toggle",
    "img": "images/shadowmedallion.png",
    "codes": "shadowmed"
  },
  {
    "name": "Light Medallion",
    "type": "toggle",
    "img": "images/lightmedallion.png",
    "codes": "lightmed"
  },
  {
    "name": "Kokiri's Emerald",
    "type": "toggle",
    "img": "images/emerald.png",
    "codes": "emerald"
  },
  {
    "name": "Goron's Ruby",
    "type": "toggle",
    "img": "images/ruby.png",
    "codes": "ruby"
  },
  {
    "name": "Zora's Sapphire",
    "type": "toggle",
    "img": "images/sapphire.png",
    "codes": "sapphire"
  },
  {
    "name": "Kokiri Sword",
    "type": "toggle",
    "img": "images/sword1.png",
    "codes": "sword1,kokirisword"
  },
  {
    "name": "Master Sword",
    "type": "toggle",
    "img": "images/sword2.png",
    "codes": "sword2,mastersword,ms"
  },
  {
    "name": "Biggoron Sword",
    "type": "toggle",
    "img": "images/sword3.png",
    "codes": "sword3,biggoronsword"
  },
  {
    "name": "Kokiri Shield",
    "type": "toggle",
    "img": "images/shield1.png",
    "codes": "shield1,kokirishield"
  },
  {
    "name": "Hylian Shield",
    "type": "toggle",
    "img": "images/shield2.png",
    "codes": "shield2,hylianshield"
  },
  {
    "name": "Mirror Shield",
    "type": "toggle",
    "img": "images/shield3.png",
    "codes": "shield3,mirrorshield"
  },
  {
    "name": "Kokiri Tunic",
    "type": "static",
    "img": "images/greentunic.png",
    "codes": "greentunic"
  },
  {
    "name": "Goron Tunic",
    "type": "toggle",
    "img": "images/redtunic.png",
    "codes": "gorontunic,redtunic"
  },
  {
    "name": "Zora Tunic",
    "type": "toggle",
    "img": "images/bluetunic.png",
    "codes": "zoratunic,bluetunic"
  },
  {
    "name": "Red and Blue Tunics",
    "type": "composite_toggle",
    "codes": "tunics",
    "item_left": "bluetunic",
    "item_right": "redtunic",
    "images": [
      {
        "left": false,
        "right": false,
        "img": "images/redbluetunic.png",
        "img_mods": "@disabled"
      },
      {
        "left": true,
        "right": false,
        "img": "images/bluetunic-disabled.png"
      },
      {
        "left": false,
        "right": true,
        "img": "images/redtunic-disabled.png"
      },
      {
        "left": true,
        "right": true,
        "img": "images/redbluetunic.png"
      }
    ]
  },
  {
    "name": "Kokiri Boots",
    "type": "static",
    "img": "images/kokiriboots.png",
    "codes": "kokiriboots"
  },
  {
    "name": "Iron Boots",
    "type": "toggle",
    "img": "images/ironboots.png",
    "codes": "ironboots"
  },
  {
    "name": "Hover Boots",
    "type": "toggle",
    "img": "images/hoverboots.png",
    "codes": "hoverboots"
  },
  {
    "name": "Iron and Hover Boots",
    "type": "composite_toggle",
    "codes": "boots",
    "item_left": "ironboots",
    "item_right": "hoverboots",
    "images": [
      {
        "left": false,
        "right": false,
        "img": "images/boots.png",
        "img_mods": "@disabled"
      },
      {
        "left": true,
        "right": false,
        "img": "images/ironboots-disabled.png"
      },
      {
        "left": false,
        "right": true,
        "img": "images/hoverboots-disabled.png"
      },
      {
        "left": true,
        "right": true,
        "img": "images/boots.png"
      }
    ]
  },
  {
    "name": "Child Trade",
    "type": "progressive",
    "allow_disabled": false,
    "stages": [
      {
        "img": "images/egg.png",
        "img_mods": "@disabled",
        "codes": "nokidtrade"
      },
      {
        "img": "images/egg.png",
        "codes": "kidtrade,childegg",
        "inherit_codes": false
      },
      {
        "img": "images/cucco.png",
        "codes": "kidtrade,childcucco",
        "inherit_codes": false
      },
      {
        "img": "images/letter.png",
        "codes": "kidtrade,letter,postzelda",
        "inherit_codes": false
      },
      {
        "img": "images/sold_out.png",
        "codes": "kidtrade,soldout,lettershown,postzelda",
        "inherit_codes": false
      },
      {
        "img": "images/keaton.png",
        "codes": "kidtrade,keaton,keatonmask,postzelda",
        "inherit_codes": false
      },
      {
        "img": "images/sold_out.png",
        "codes": "kidtrade,soldout,keatonsold,postzelda",
        "inherit_codes": false
      },
      {
        "img": "images/skull.png",
        "codes": "kidtrade,skullmask,skull,postzelda",
        "inherit_codes": false
      },
      {
        "img": "images/sold_out.png",
        "codes": "kidtrade,soldout,skullsold,postzelda",
        "inherit_codes": false
      },
      {
        "img": "images/spooky.png",
        "codes": "kidtrade,spooky,spookymask,postzelda",
        "inherit_codes": false
      },
      {
        "img": "images/sold_out.png",
        "codes": "kidtrade,soldout,spookysold,postzelda",
        "inherit_codes": false
      },
      {
        "img": "images/bunny.png",
        "codes": "kidtrade,bunny,bunnyhood,postzelda",
        "inherit_codes": false
      },
      {
        "img": "images/sold_out.png",
        "codes": "kidtrade,soldout,bunnysold,postzelda",
        "inherit_codes": false
      },
      {
        "img": "images/truth.png",
        "codes": "kidtrade,truth,maskoftruth,postzelda",
        "inherit_codes": false
      }
    ]
  },
  {
    "name": "Adult Trade",
    "type": "progressive",
    "allow_disabled": false,
    "stages": [
      {
        "img": "images/egg.png",
        "img_mods": "@disabled",
        "codes": "noadulttrade"
      },
      {
        "img": "images/egg.png",
        "codes": "adulttrade,adultegg",
        "inherit_codes": false
      },
      {
        "img": "images/cucco.png",
        "codes": "adulttrade,adultcucco,pocketcucco",
        "inherit_codes": false
      },
      {
        "img": "images/cojiro.png",
        "codes": "adulttrade,cojiro",
        "inherit_codes": false
      },
      {
        "img": "images/mushroom.png",
        "codes": "adulttrade,mushroom,oddmushroom",
        "inherit_codes": false
      },
      {
        "img": "images/medicine.png",
        "codes": "adulttrade,oddpotion,oddpoultice",
        "inherit_codes": false
      },
      {
        "img": "images/saw.png",
        "codes": "adulttrade,saw,poachersaw",
        "inherit_codes": false
      },
      {
        "img": "images/broken_sword.png",
        "codes": "adulttrade,brokensword",
        "inherit_codes": false
      },
      {
        "img": "images/perscription.png",
        "codes": "adulttrade,prescription",
        "inherit_codes": false
      },
      {
        "img": "images/frog.png",
        "codes": "adulttrade,frog,eyeballfrog,speedfrog",
        "inherit_codes": false
      },
      {
        "img": "images/eyedrops.png",
        "codes": "adulttrade,eyedrops,drops",
        "inherit_codes": false
      },
      {
        "img": "images/claim.png",
        "codes": "adulttrade,claim,claimcheck",
        "inherit_codes": false
      }
    ]
  },
  {
    "name": "Hammer",
    "type": "toggle",
    "img": "images/hammer.png",
    "codes": "hammer"
  },
  {
    "name": "Ocarina",
    "type": "progressive",
    "stages": [
      {
        "img": "images/fairyocarina.png",
        "codes": "ocarina,fairyocarina"
      },
      {
        "img": "images/ocarina.png",
        "codes": "ocarinaoftime,oot"
      }
    ]
  },
  {
    "name": "Bottles",
    "type": "consumable",
    "max_quantity": 4,
    "img": "images/bottle.png",
    "codes": "bottle"
  },
  {
    "name": "Rutos Letter",
    "type": "toggle",
    "img": "images/bottle-letter.png",
    "codes": "ruto"
  },
  {
    "name": "Gauntlets",
    "type": "progressive",
    "stages": [
      {
        "img": "images/lift1.png",
        "codes": "bracelet,lift1"
      },
      {
        "img": "images/lift2.png",
        "codes": "silvergauntlets,lift2"
      },
      {
        "img": "images/lift3.png",
        "codes": "goldgauntlets,lift3"
      }
    ]
  },
  {
    "name": "Gold Skulltula Tokens",
    "type": "consumable",
    "img": "images/skulltula.png",
    "codes": "skulltula,goldskulltula,token",
    "max_quantity": 50
  },
  {
    "name": "Zora Scales",
    "type": "progressive",
    "stages": [
      {
        "img": "images/scale1.png",
        "codes": "silverscale,scale1"
      },
      {
        "img": "images/scale2.png",
        "codes": "goldscale,scale2"
      }
    ]
  },
  {
    "name": "Wallet Upgrades",
    "type": "progressive",
    "allow_disabled": false,
    "stages": [
      {
        "img": "images/wallet.png",
        "img_mods": "@disabled"
      },
      {
        "img": "images/wallet1.png",
        "codes": "adultwallet,wallet1,wallet"
      },
      {
        "img": "images/wallet2.png",
        "codes": "giantswallet,wallet2"
      }
    ]
  },
  {
    "name": "Magic Meter",
    "type": "progressive",
    "stages": [
      {
        "img": "images/magic1.png",
        "codes": "magic,magic1"
      },
      {
        "img": "images/magic2.png",
        "codes": "magic2"
      }
    ]
  },
  {
    "name": "Freebie Label",
    "type": "static",
    "img": "images/freebie.png",
    "codes": "free_label"
  },
  {
    "name": "Free Prize",
    "type": "progressive",
    "loop": true,
    "allow_disabled": false,
    "stages": [
      {
        "img": "images/unknown-small.png",
        "codes": "free"
      },
      {
        "img": "images/lightmedallion.png",
        "codes": "free,lightmed",
        "inherit_codes": false
      },
      {
        "img": "images/shadowmedallion.png",
        "codes": "free,shadowmed",
        "inherit_codes": false
      },
      {
        "img": "images/spiritmedallion.png",
        "codes": "free,spiritmed",
        "inherit_codes": false
      },
      {
        "img": "images/watermedallion.png",
        "codes": "free,watermed",
        "inherit_codes": false
      },
      {
        "img": "images/firemedallion.png",
        "codes": "free,firemed",
        "inherit_codes": false
      },
      {
        "img": "images/forestmedallion.png",
        "codes": "free,forestmed",
        "inherit_codes": false
      },
      {
        "img": "images/sapphire.png",
        "codes": "free,sapphire",
        "inherit_codes": false
      },
      {
        "img": "images/ruby.png",
        "codes": "free,ruby",
        "inherit_codes": false
      },
      {
        "img": "images/emerald.png",
        "codes": "free,emerald",
        "inherit_codes": false
      }
    ]
  },
  {
    "name": "Deku Tree Label",
    "type": "static",
    "img": "images/deku.png",
    "codes": "deku_label"
  },
  {
    "name": "Deku Treasures",
    "type": "consumable",
    "img": "images/chest_brown.png",
    "codes": "deku_treasures",
    "max_quantity": 6
  },
  {
    "name": "Deku Prize",
    "type": "progressive_toggle",
    "loop": true,
    "stages": [
      {
        "img": "images/unknown-small.png",
        "codes": "deku"
      },
      {
        "img": "images/emerald.png",
        "codes": "deku,emerald",
        "inherit_codes": false
      },
      {
        "img": "images/ruby.png",
        "codes": "deku,ruby",
        "inherit_codes": false
      },
      {
        "img": "images/sapphire.png",
        "codes": "deku,sapphire",
        "inherit_codes": false
      },
      {
        "img": "images/forestmedallion.png",
        "codes": "deku,forestmed",
        "inherit_codes": false
      },
      {
        "img": "images/firemedallion.png",
        "codes": "deku,firemed",
        "inherit_codes": false
      },
      {
        "img": "images/watermedallion.png",
        "codes": "deku,watermed",
        "inherit_codes": false
      },
      {
        "img": "images/spiritmedallion.png",
        "codes": "deku,spiritmed",
        "inherit_codes": false
      },
      {
        "img": "images/shadowmedallion.png",
        "codes": "deku,shadowmed",
        "inherit_codes": false
      },
      {
        "img": "images/lightmedallion.png",
        "codes": "deku,lightmed",
        "inherit_codes": false
      }
    ]
  },
  {
    "name": "Dodongo's Cavern Label",
    "type": "static",
    "img": "images/dodongo.png",
    "codes": "dodongo_label"
  },
  {
    "name": "Dodongo Treasures",
    "type": "consumable",
    "img": "images/chest_brown.png",
    "codes": "dodongo_treasures",
    "max_quantity": 6
  },
  {
    "name": "Dodongo Prize",
    "type": "progressive_toggle",
    "loop": true,
    "stages": [
      {
        "img": "images/unknown-small.png",
        "codes": "dodongo,dc"
      },
      {
        "img": "images/emerald.png",
        "codes": "dodongo,dc,emerald",
        "inherit_codes": false
      },
      {
        "img": "images/ruby.png",
        "codes": "dodongo,dc,ruby",
        "inherit_codes": false
      },
      {
        "img": "images/sapphire.png",
        "codes": "dodongo,dc,sapphire",
        "inherit_codes": false
      },
      {
        "img": "images/forestmedallion.png",
        "codes": "dodongo,dc,forestmed",
        "inherit_codes": false
      },
      {
        "img": "images/firemedallion.png",
        "codes": "dodongo,dc,firemed",
        "inherit_codes": false
      },
      {
        "img": "images/watermedallion.png",
        "codes": "dodongo,dc,watermed",
        "inherit_codes": false
      },
      {
        "img": "images/spiritmedallion.png",
        "codes": "dodongo,dc,spiritmed",
        "inherit_codes": false
      },
      {
        "img": "images/shadowmedallion.png",
        "codes": "dodongo,dc,shadowmed",
        "inherit_codes": false
      },
      {
        "img": "images/lightmedallion.png",
        "codes": "dodongo,dc,lightmed",
        "inherit_codes": false
      }
    ]
  },
  {
    "name": "Jabu-Jabu Label",
    "type": "static",
    "img": "images/jabu.png",
    "codes": "jabu_label"
  },
  {
    "name": "Jabu Treasures",
    "type": "consumable",
    "img": "images/chest_brown.png",
    "codes": "jabu_treasures",
    "max_quantity": 3
  },
  {
    "name": "Jabu Prize",
    "type": "progressive_toggle",
    "loop": true,
    "stages": [
      {
        "img": "images/unknown-small.png",
        "codes": "jabu"
      },
      {
        "img": "images/emerald.png",
        "codes": "jabu,emerald",
        "inherit_codes": false
      },
      {
        "img": "images/ruby.png",
        "codes": "jabu,ruby",
        "inherit_codes": false
      },
      {
        "img": "images/sapphire.png",
        "codes": "jabu,sapphire",
        "inherit_codes": false
      },
      {
        "img": "images/forestmedallion.png",
        "codes": "jabu,forestmed",
        "inherit_codes": false
      },
      {
        "img": "images/firemedallion.png",
        "codes": "jabu,firemed",
        "inherit_codes": false
      },
      {
        "img": "images/watermedallion.png",
        "codes": "jabu,watermed",
        "inherit_codes": false
      },
      {
        "img": "images/spiritmedallion.png",
        "codes": "jabu,spiritmed",
        "inherit_codes": false
      },
      {
        "img": "images/shadowmedallion.png",
        "codes": "jabu,shadowmed",
        "inherit_codes": false
      },
      {
        "img": "images/lightmedallion.png",
        "codes": "jabu,lightmed",
        "inherit_codes": false
      }
    ]
  },
  {
    "name": "Forest Temple Label",
    "type": "static",
    "img": "images/forest.png",
    "codes": "forest_label"
  },
  {
    "name": "Forest Treasures",
    "type": "consumable",
    "img": "images/chest_brown.png",
    "codes": "forest_treasures",
    "max_quantity": 7
  },
  {
    "name": "Forest Small Keys",
    "type": "consumable",
    "img": "images/oot_small_key.png",
    "codes": "forest_small_keys",
    "max_quantity": 5
  },
  {
    "name": "Forest Prize",
    "type": "progressive_toggle",
    "loop": true,
    "stages": [
      {
        "img": "images/unknown-small.png",
        "codes": "forest"
      },
      {
        "img": "images/emerald.png",
        "codes": "forest,emerald",
        "inherit_codes": false
      },
      {
        "img": "images/ruby.png",
        "codes": "forest,ruby",
        "inherit_codes": false
      },
      {
        "img": "images/sapphire.png",
        "codes": "forest,sapphire",
        "inherit_codes": false
      },
      {
        "img": "images/forestmedallion.png",
        "codes": "forest,forestmed",
        "inherit_codes": false
      },
      {
        "img": "images/firemedallion.png",
        "codes": "forest,firemed",
        "inherit_codes": false
      },
      {
        "img": "images/watermedallion.png",
        "codes": "forest,watermed",
        "inherit_codes": false
      },
      {
        "img": "images/spiritmedallion.png",
        "codes": "forest,spiritmed",
        "inherit_codes": false
      },
      {
        "img": "images/shadowmedallion.png",
        "codes": "forest,shadowmed",
        "inherit_codes": false
      },
      {
        "img": "images/lightmedallion.png",
        "codes": "forest,lightmed",
        "inherit_codes": false
      }
    ]
  },
  {
    "name": "Fire Temple Label",
    "type": "static",
    "img": "images/fire.png",
    "codes": "fire_label"
  },
  {
    "name": "Fire Treasures",
    "type": "consumable",
    "img": "images/chest_brown.png",
    "codes": "fire_treasures",
    "max_quantity": 5
  },
  {
    "name": "Fire Small Keys",
    "type": "consumable",
    "img": "images/oot_small_key.png",
    "codes": "fire_small_keys",
    "max_quantity": 8
  },
  {
    "name": "Fire Prize",
    "type": "progressive_toggle",
    "loop": true,
    "stages": [
      {
        "img": "images/unknown-small.png",
        "codes": "fire"
      },
      {
        "img": "images/emerald.png",
        "codes": "fire,emerald",
        "inherit_codes": false
      },
      {
        "img": "images/ruby.png",
        "codes": "fire,ruby",
        "inherit_codes": false
      },
      {
        "img": "images/sapphire.png",
        "codes": "fire,sapphire",
        "inherit_codes": false
      },
      {
        "img": "images/forestmedallion.png",
        "codes": "fire,forestmed",
        "inherit_codes": false
      },
      {
        "img": "images/firemedallion.png",
        "codes": "fire,firemed",
        "inherit_codes": false
      },
      {
        "img": "images/watermedallion.png",
        "codes": "fire,watermed",
        "inherit_codes": false
      },
      {
        "img": "images/spiritmedallion.png",
        "codes": "fire,spiritmed",
        "inherit_codes": false
      },
      {
        "img": "images/shadowmedallion.png",
        "codes": "fire,shadowmed",
        "inherit_codes": false
      },
      {
        "img": "images/lightmedallion.png",
        "codes": "fire,lightmed",
        "inherit_codes": false
      }
    ]
  },
  {
    "name": "Water Temple Label",
    "type": "static",
    "img": "images/water.png",
    "codes": "water_label"
  },
  {
    "name": "Water Treasures",
    "type": "consumable",
    "img": "images/chest_brown.png",
    "codes": "water_treasures",
    "max_quantity": 3
  },
  {
    "name": "Water Small Keys",
    "type": "consumable",
    "img": "images/oot_small_key.png",
    "codes": "water_small_keys",
    "max_quantity": 6
  },
  {
    "name": "Water Prize",
    "type": "progressive_toggle",
    "loop": true,
    "stages": [
      {
        "img": "images/unknown-small.png",
        "codes": "water"
      },
      {
        "img": "images/emerald.png",
        "codes": "water,emerald",
        "inherit_codes": false
      },
      {
        "img": "images/ruby.png",
        "codes": "water,ruby",
        "inherit_codes": false
      },
      {
        "img": "images/sapphire.png",
        "codes": "water,sapphire",
        "inherit_codes": false
      },
      {
        "img": "images/forestmedallion.png",
        "codes": "water,forestmed",
        "inherit_codes": false
      },
      {
        "img": "images/firemedallion.png",
        "codes": "water,firemed",
        "inherit_codes": false
      },
      {
        "img": "images/watermedallion.png",
        "codes": "water,watermed",
        "inherit_codes": false
      },
      {
        "img": "images/spiritmedallion.png",
        "codes": "water,spiritmed",
        "inherit_codes": false
      },
      {
        "img": "images/shadowmedallion.png",
        "codes": "water,shadowmed",
        "inherit_codes": false
      },
      {
        "img": "images/lightmedallion.png",
        "codes": "water,lightmed",
        "inherit_codes": false
      }
    ]
  },
  {
    "name": "Spirit Temple Label",
    "type": "static",
    "img": "images/spirit.png",
    "codes": "spirit_label"
  },
  {
    "name": "Spirit Treasures",
    "type": "consumable",
    "img": "images/chest_brown.png",
    "codes": "spirit_treasures",
    "max_quantity": 13
  },
  {
    "name": "Spirit Small Keys",
    "type": "consumable",
    "img": "images/oot_small_key.png",
    "codes": "spirit_small_keys",
    "max_quantity": 5
  },
  {
    "name": "Spirit Prize",
    "type": "progressive_toggle",
    "loop": true,
    "stages": [
      {
        "img": "images/unknown-small.png",
        "codes": "spirit"
      },
      {
        "img": "images/emerald.png",
        "codes": "spirit,emerald",
        "inherit_codes": false
      },
      {
        "img": "images/ruby.png",
        "codes": "spirit,ruby",
        "inherit_codes": false
      },
      {
        "img": "images/sapphire.png",
        "codes": "spirit,sapphire",
        "inherit_codes": false
      },
      {
        "img": "images/forestmedallion.png",
        "codes": "spirit,forestmed",
        "inherit_codes": false
      },
      {
        "img": "images/firemedallion.png",
        "codes": "spirit,firemed",
        "inherit_codes": false
      },
      {
        "img": "images/watermedallion.png",
        "codes": "spirit,watermed",
        "inherit_codes": false
      },
      {
        "img": "images/spiritmedallion.png",
        "codes": "spirit,spiritmed",
        "inherit_codes": false
      },
      {
        "img": "images/shadowmedallion.png",
        "codes": "spirit,shadowmed",
        "inherit_codes": false
      },
      {
        "img": "images/lightmedallion.png",
        "codes": "spirit,lightmed",
        "inherit_codes": false
      }
    ]
  },
  {
    "name": "Shadow Temple Label",
    "type": "static",
    "img": "images/shadow.png",
    "codes": "shadow_label"
  },
  {
    "name": "Shadow Treasures",
    "type": "consumable",
    "img": "images/chest_brown.png",
    "codes": "shadow_treasures",
    "max_quantity": 11
  },
  {
    "name": "Shadow Small Keys",
    "type": "consumable",
    "img": "images/oot_small_key.png",
    "codes": "shadow_small_keys",
    "max_quantity": 5
  },
  {
    "name": "Shadow Prize",
    "type": "progressive_toggle",
    "loop": true,
    "stages": [
      {
        "img": "images/unknown-small.png",
        "codes": "shadow"
      },
      {
        "img": "images/emerald.png",
        "codes": "shadow,emerald",
        "inherit_codes": false
      },
      {
        "img": "images/ruby.png",
        "codes": "shadow,ruby",
        "inherit_codes": false
      },
      {
        "img": "images/sapphire.png",
        "codes": "shadow,sapphire",
        "inherit_codes": false
      },
      {
        "img": "images/forestmedallion.png",
        "codes": "shadow,forestmed",
        "inherit_codes": false
      },
      {
        "img": "images/firemedallion.png",
        "codes": "shadow,firemed",
        "inherit_codes": false
      },
      {
        "img": "images/watermedallion.png",
        "codes": "shadow,watermed",
        "inherit_codes": false
      },
      {
        "img": "images/spiritmedallion.png",
        "codes": "shadow,spiritmed",
        "inherit_codes": false
      },
      {
        "img": "images/shadowmedallion.png",
        "codes": "shadow,shadowmed",
        "inherit_codes": false
      },
      {
        "img": "images/lightmedallion.png",
        "codes": "shadow,lightmed",
        "inherit_codes": false
      }
    ]
  },
  {
    "name": "Well Label",
    "type": "static",
    "img": "images/well.png",
    "codes": "well_label"
  },
  {
    "name": "Well Treasures",
    "type": "consumable",
    "img": "images/chest_brown.png",
    "codes": "well_treasures",
    "max_quantity": 11
  },
  {
    "name": "Well Small Keys",
    "type": "consumable",
    "img": "images/oot_small_key.png",
    "codes": "well_small_keys",
    "max_quantity": 3
  },
  {
    "name": "Ice Label",
    "type": "static",
    "img": "images/well.png",
    "codes": "ice_label"
  },
  {
    "name": "Ice Treasures",
    "type": "consumable",
    "img": "images/chest_brown.png",
    "codes": "ice_treasures",
    "max_quantity": 3
  },
  {
    "name": "Gerudo Label",
    "type": "static",
    "img": "images/gerudo.png",
    "codes": "gerudo_label"
  },
  {
    "name": "Gerudo Treasures",
    "type": "consumable",
    "img": "images/chest_brown.png",
    "codes": "gerudo_treasures",
    "max_quantity": 13
  },
  {
    "name": "Gerudo Small Keys",
    "type": "consumable",
    "img": "images/oot_small_key.png",
    "codes": "gerudo_small_keys",
    "max_quantity": 9
  },
  {
    "name": "Ganon's Tower Label",
    "type": "static",
    "img": "images/ganon.png",
    "codes": "ganon_label"
  },
  {
    "name": "Ganon's Tower Treasures",
    "type": "consumable",
    "img": "images/chest_brown.png",
    "codes": "ganon_treasures",
    "max_quantity": 13
  },
  {
    "name": "Ganon Small Keys",
    "type": "consumable",
    "img": "images/oot_small_key.png",
    "codes": "ganon_small_keys",
    "max_quantity": 2
  }
]