[
  {
    "name": "logic",
    "sections": [
      {
        "name": "can blast",
        "access_rules": [
          "bombs",
          "bombchu,[bombs]",
          "sword2,hammer"
        ],
        "item_count": 1
      },
      {
        "name": "explosives",
        "access_rules": [
          "bombs",
          "bombchu,[bombs]"
        ],
        "item_count": 1
      },
      {
        "name": "can LA",
        "access_rules": [
          "sword2,magic,bow,lightarrow"
        ],
        "item_count": 1
      },
      {
        "name": "has fire",
        "access_rules": [
          "dinsfire,magic",
          "sword2,firearrow,bow,magic"
        ],
        "item_count": 1
      },
      {
        "name": "colossus",
        "access_rules": [
          "sword2,epona,card,hoverboots,[lens],[magic]",
          "sword2,longshot,card,[lens],[magic]",
          "requiem"
        ],
        "item_count": 1
      },
      {
        "name": "ice cavern",
        "access_rules": [
          "@logic/explosives,[lullaby],ruto,sword2",
          "scale1,[lullaby],ruto,sword2"
        ],
        "item_count": 1
      }
    ]
  },
  {
    "name": "Child",
    "children": [
      {
        "name": "Forest",
        "color": "#18a50e",
        "children": [
          {
            "name": "Kokiri Village",
            "children": [
              {
                "name": "Kokiri Sword Chest",
                "sections": [
                  {
                    "name": "Boulder",
                    "item_count": 1
                  }
                ],
                "map_locations": [
                  {
                    "map": "child",
                    "x": 2092,
                    "y": 991
                  }
                ]
              },
              {
                "name": "Mido's House",
                "sections": [
                  {
                    "name": "Freebies",
                    "item_count": 4
                  }
                ],
                "map_locations": [
                  {
                    "map": "child",
                    "x": 2133,
                    "y": 902
                  }
                ]
              }
            ]
          },
          {
            "name": "Deku Tree",
            "access_rules": [
              "open_forest",
              "sword1,shield1"
            ],
            "sections": [
              {
                "name": "4 (+2) Items",
                "hosted_item": "deku_treasures"
              },
              {
                "name": "Map Chest",
                "item_count": 1
              },
              {
                "name": "Slingshot room",
                "access_rules": [
                  "shield1"
                ],
                "item_count": 2
              },
              {
                "name": "Compass Room",
                "item_count": 2
              },
              {
                "name": "Basement",
                "item_count": 1
              },
              {
                "name": "Queen Gohma",
                "access_rules": [
                  "[sling],shield1"
                ],
                "hosted_item": "deku"
              }
            ],
            "map_locations": [
              {
                "map": "child",
                "x": 2426,
                "y": 860
              }
            ]
          },
          {
            "name": "Lost Woods",
            "children": [
              {
                "name": "Skull Kid",
                "access_rules": [
                  "saria"
                ],
                "sections": [
                  {
                    "name": "Play Sarias",
                    "item_count": 1
                  },
                  {
                    "name": "Sell Mask",
                    "access_rules": [
                      "skull"
                    ],
                    "hosted_item": "skullsold"
                  }
                ],
                "map_locations": [
                  {
                    "map": "child",
                    "x": 2085,
                    "y": 785
                  }
                ]
              },
              {
                "name": "Deku Scrub below Bridge",
                "sections": [
                  {
                    "name": "Pay 40",
                    "item_count": 1
                  }
                ],
                "map_locations": [
                  {
                    "map": "child",
                    "x": 2062,
                    "y": 824
                  }
                ]
              },
              {
                "name": "Deku Scrub in Grotto",
                "sections": [
                  {
                    "name": "Pay 40",
                    "access_rules": [
                      "@logic/can blast"
                    ],
                    "item_count": 1
                  }
                ],
                "map_locations": [
                  {
                    "map": "child",
                    "x": 2192,
                    "y": 724
                  },
                  {
                    "map": "adult",
                    "x": 2192,
                    "y": 724
                  }
                ]
              },
              {
                "name": "Ocarina Game",
                "sections": [
                  {
                    "name": "zzzZZZ",
                    "access_rules": [
                      "ocarina"
                    ],
                    "item_count": 1
                  }
                ],
                "map_locations": [
                  {
                    "map": "child",
                    "x": 2192,
                    "y": 810
                  }
                ]
              },
              {
                "name": "Target in Woods",
                "sections": [
                  {
                    "name": "Shoot it",
                    "access_rules": [
                      "sling"
                    ],
                    "item_count": 1
                  }
                ],
                "map_locations": [
                  {
                    "map": "child",
                    "x": 2192,
                    "y": 777
                  }
                ]
              },
              {
                "name": "Deku Theater",
                "sections": [
                  {
                    "name": "Skull Mask",
                    "access_rules": [
                      "skullmask"
                    ],
                    "item_count": 1
                  },
                  {
                    "name": "Mask of Truth",
                    "capture_item": true,
                    "access_rules": [
                      "maskoftruth",
                      "{agony}"
                    ],
                    "item_count": 1
                  }
                ],
                "map_locations": [
                  {
                    "map": "child",
                    "x": 2142,
                    "y": 740
                  }
                ]
              }
            ]
          },
          {
            "name": "Sacred Forest Meadow",
            "children": [
              {
                "name": "Wolfos Grotto",
                "access_rules": [
                  "@logic/explosives",
                  "sword2,hammer,saria",
                  "sword2,hammer,minuet"
                ],
                "sections": [
                  {
                    "name": "Kill them",
                    "item_count": 1
                  }
                ],
                "map_locations": [
                  {
                    "map": "child",
                    "x": 2180,
                    "y": 686
                  },
                  {
                    "map": "adult",
                    "x": 2180,
                    "y": 686
                  }
                ]
              },
              {
                "name": "Saria",
                "access_rules": [
                  "letter"
                ],
                "sections": [
                  {
                    "name": "Song",
                    "item_count": 1
                  }
                ],
                "map_locations": [
                  {
                    "map": "child",
                    "x": 2155,
                    "y": 626
                  }
                ]
              }
            ],
            "map_locations": [
              {
                "map": "child",
                "x": 2178,
                "y": 683
              }
            ]
          }
        ]
      },
      {
        "name": "Outside Forest",
        "access_rules": [
          "open_forest",
          "sling,sword1"
        ],
        "children": [
          {
            "name": "Hyrule Field",
            "children": [
              {
                "name": "Lost Woods Bridge",
                "color": "#18a50e",
                "sections": [
                  {
                    "name": "Ocarina",
                    "hosted_item": "fairyocarina"
                  }
                ],
                "map_locations": [
                  {
                    "map": "child",
                    "x": 2030,
                    "y": 883
                  },
                  {
                    "map": "adult",
                    "x": 2030,
                    "y": 883
                  }
                ]
              },
              {
                "name": "Laky Hylia",
                "color": "#0936a0",
                "children": [
                  {
                    "name": "Underwater Bottle",
                    "sections": [
                      {
                        "name": "Dive down",
                        "access_rules": [
                          "scale1"
                        ],
                        "item_count": 1
                      }
                    ],
                    "map_locations": [
                      {
                        "map": "child",
                        "x": 1049,
                        "y": 1263
                      }
                    ]
                  },
                  {
                    "name": "Lakeside Lab",
                    "sections": [
                      {
                        "name": "Dive down",
                        "access_rules": [
                          "scale2",
                          "hookshot,ironboots,[scale2]"
                        ],
                        "item_count": 1
                      },
                      {
                        "name": "Trade",
                        "access_rules": [
                          "sword2,speedfrog"
                        ],
                        "hosted_item": "eyedrops"
                      }
                    ],
                    "map_locations": [
                      {
                        "map": "child",
                        "x": 961,
                        "y": 1200
                      },
                      {
                        "map": "adult",
                        "x": 961,
                        "y": 1200
                      }
                    ]
                  },
                  {
                    "name": "Child Fishing",
                    "sections": [
                      {
                        "name": "Bite pls",
                        "capture_item": true,
                        "access_rules": [
                          "sword1",
                          "{agony}"
                        ],
                        "item_count": 1
                      }
                    ],
                    "map_locations": [
                      {
                        "map": "child",
                        "x": 1270,
                        "y": 1215
                      }
                    ]
                  }
                ]
              },
              {
                "name": "Ocarina of Time",
                "color": "#09a09d",
                "access_rules": [
                  "emerald,ruby,sapphire",
                  "{agony}"
                ],
                "sections": [
                  {
                    "name": "Item",
                    "hosted_item": "ocarina"
                  },
                  {
                    "name": "Song",
                    "capture_item": true,
                    "item_count": 1
                  }
                ],
                "map_locations": [
                  {
                    "map": "child",
                    "x": 1439,
                    "y": 465
                  }
                ]
              },
              {
                "name": "Running Man",
                "access_rules": [
                  "bunny,emerald,ruby,sapphire"
                ],
                "sections": [
                  {
                    "name": "Sell Mask",
                    "hosted_item": "bunnysold"
                  }
                ],
                "map_locations": [
                  {
                    "map": "child",
                    "x": 1157,
                    "y": 554
                  }
                ]
              },
              {
                "name": "Lon Lon Ranch",
                "color": "#09a09d",
                "children": [
                  {
                    "name": "Talons Chickens",
                    "sections": [
                      {
                        "name": "Find them",
                        "access_rules": [
                          "letter"
                        ],
                        "item_count": 1
                      }
                    ],
                    "map_locations": [
                      {
                        "map": "child",
                        "x": 1348,
                        "y": 586
                      }
                    ]
                  },
                  {
                    "name": "Song from Malon",
                    "sections": [
                      {
                        "name": "Song",
                        "access_rules": [
                          "letter,ocarina"
                        ],
                        "item_count": 1
                      }
                    ],
                    "map_locations": [
                      {
                        "map": "child",
                        "x": 1295,
                        "y": 647
                      }
                    ]
                  }
                ]
              },
              {
                "name": "Southern Grotto",
                "color": "#09a09d",
                "sections": [
                  {
                    "name": "Deku Scrub in Grotto",
                    "access_rules": [
                      "@logic/can blast"
                    ],
                    "item_count": 1
                  }
                ],
                "map_locations": [
                  {
                    "map": "child",
                    "x": 1141,
                    "y": 999
                  },
                  {
                    "map": "adult",
                    "x": 1141,
                    "y": 999
                  }
                ]
              }
            ]
          },
          {
            "name": "Kakariko",
            "color": "#6909a0",
            "children": [
              {
                "name": "Kakariko Village",
                "children": [
                  {
                    "name": "Center Grotto",
                    "access_rules": [
                      "@logic/can blast"
                    ],
                    "sections": [
                      {
                        "name": "Kill them",
                        "item_count": 1
                      }
                    ],
                    "map_locations": [
                      {
                        "map": "child",
                        "x": 1787,
                        "y": 381
                      },
                      {
                        "map": "adult",
                        "x": 1787,
                        "y": 381
                      }
                    ]
                  },
                  {
                    "name": "Anjus Chickens",
                    "sections": [
                      {
                        "name": "Catch them",
                        "item_count": 1
                      }
                    ],
                    "map_locations": [
                      {
                        "map": "child",
                        "x": 1857,
                        "y": 431
                      }
                    ]
                  },
                  {
                    "name": "Man on Rooftop",
                    "sections": [
                      {
                        "name": "Talk to him",
                        "item_count": 1
                      }
                    ],
                    "access_rules": [
                      "[sword2],[hookshot]"
                    ],
                    "map_locations": [
                      {
                        "map": "child",
                        "x": 1830,
                        "y": 371
                      },
                      {
                        "map": "adult",
                        "x": 1830,
                        "y": 371
                      }
                    ]
                  },
                  {
                    "name": "Guard",
                    "sections": [
                      {
                        "name": "Letter",
                        "access_rules": [
                          "letter"
                        ],
                        "hosted_item": "lettershown"
                      },
                      {
                        "name": "Keaton",
                        "access_rules": [
                          "keaton"
                        ],
                        "hosted_item": "keatonsold"
                      }
                    ],
                    "map_locations": [
                      {
                        "map": "child",
                        "x": 1803,
                        "y": 312
                      }
                    ]
                  },
                  {
                    "name": "House of Skulltulas",
                    "sections": [
                      {
                        "name": "10 Skulltulas",
                        "access_rules": [
                          "skulltula:10"
                        ],
                        "item_count": 1
                      },
                      {
                        "name": "20 Skulltulas",
                        "capture_item": true,
                        "access_rules": [
                          "skulltula:20",
                          "{agony}"
                        ],
                        "item_count": 1
                      },
                      {
                        "name": "30 Skulltulas",
                        "capture_item": true,
                        "access_rules": [
                          "skulltula:30",
                          "{agony}"
                        ],
                        "item_count": 1
                      },
                      {
                        "name": "40 Skulltulas",
                        "capture_item": true,
                        "access_rules": [
                          "skulltula:40",
                          "{agony}"
                        ],
                        "item_count": 1
                      },
                      {
                        "name": "50 Skulltulas",
                        "capture_item": true,
                        "access_rules": [
                          "skulltula:50",
                          "{agony}"
                        ],
                        "item_count": 1
                      }
                    ],
                    "map_locations": [
                      {
                        "map": "child",
                        "x": 1778,
                        "y": 408
                      },
                      {
                        "map": "adult",
                        "x": 1778,
                        "y": 408
                      }
                    ]
                  }
                ]
              },
              {
                "name": "Graveyard",
                "children": [
                  {
                    "name": "Shield Grave",
                    "sections": [
                      {
                        "name": "Grab it",
                        "item_count": 1
                      }
                    ],
                    "map_locations": [
                      {
                        "map": "child",
                        "x": 2030,
                        "y": 372
                      },
                      {
                        "map": "adult",
                        "x": 2030,
                        "y": 372
                      }
                    ]
                  },
                  {
                    "name": "Redead Grave",
                    "sections": [
                      {
                        "name": "Bring light",
                        "capture_item": true,
                        "access_rules": [
                          "sun",
                          "{agony}"
                        ],
                        "item_count": 1
                      }
                    ],
                    "map_locations": [
                      {
                        "map": "child",
                        "x": 2066,
                        "y": 369
                      },
                      {
                        "map": "adult",
                        "x": 2066,
                        "y": 369
                      }
                    ]
                  },
                  {
                    "name": "Spooky Kid",
                    "access_rules": [
                      "spooky"
                    ],
                    "sections": [
                      {
                        "name": "Sell Mask",
                        "hosted_item": "spookysold"
                      }
                    ],
                    "map_locations": [
                      {
                        "map": "child",
                        "x": 1983,
                        "y": 355
                      }
                    ]
                  },
                  {
                    "name": "Royal Tomb",
                    "sections": [
                      {
                        "name": "Song",
                        "capture_item": true,
                        "access_rules": [
                          "lullaby",
                          "{agony}"
                        ],
                        "item_count": 1
                      },
                      {
                        "name": "Torches",
                        "capture_item": true,
                        "access_rules": [
                          "lullaby,@logic/has fire",
                          "{agony}"
                        ],
                        "item_count": 1
                      }
                    ],
                    "map_locations": [
                      {
                        "map": "child",
                        "x": 2099,
                        "y": 353
                      },
                      {
                        "map": "adult",
                        "x": 2099,
                        "y": 353
                      }
                    ]
                  }
                ]
              },
              {
                "name": "Bottom of the Well",
                "access_rules": [
                  "storm"
                ],
                "sections": [
                  {
                    "name": "Small Keys",
                    "hosted_item": "well_small_keys"
                  },
                  {
                    "name": "9 (+2) Items",
                    "hosted_item": "well_treasures"
                  },
                  {
                    "name": "Main Floor",
                    "clear_as_group": false,
                    "access_rules": [
                      "[lens],[magic]"
                    ],
                    "item_count": 6
                  },
                  {
                    "name": "Bombable",
                    "clear_as_group": false,
                    "access_rules": [
                      "@logic/explosives"
                    ],
                    "item_count": 2
                  },
                  {
                    "name": "Basement",
                    "access_rules": [
                      "@logic/can blast",
                      "lift1"
                    ],
                    "item_count": 1
                  },
                  {
                    "name": "Lowered Water",
                    "clear_as_group": false,
                    "access_rules": [
                      "lullaby"
                    ],
                    "item_count": 4
                  }
                ],
                "map_locations": [
                  {
                    "map": "child",
                    "x": 1884,
                    "y": 383
                  }
                ]
              }
            ]
          },
          {
            "name": "Death Mountain",
            "color": "#a01009",
            "children": [
              {
                "name": "Goron City",
                "access_rules": [
                  "sword2",
                  "@logic/explosives"
                ],
                "children": [
                  {
                    "name": "Boulder Maze",
                    "sections": [
                      {
                        "name": "Right",
                        "access_rules": [
                          "@logic/can blast",
                          "sword2,lift2"
                        ],
                        "item_count": 2
                      },
                      {
                        "name": "Left",
                        "capture_item": true,
                        "access_rules": [
                          "sword2,lift2",
                          "sword2,hammer",
                          "{agony}"
                        ],
                        "item_count": 1
                      }
                    ],
                    "map_locations": [
                      {
                        "map": "child",
                        "x": 1591,
                        "y": 98
                      },
                      {
                        "map": "adult",
                        "x": 1591,
                        "y": 98
                      }
                    ]
                  },
                  {
                    "name": "Large Rolling Goron",
                    "access_rules": [
                      "bombs"
                    ],
                    "sections": [
                      {
                        "name": "Blast him",
                        "item_count": 1
                      }
                    ],
                    "map_locations": [
                      {
                        "map": "child",
                        "x": 1689,
                        "y": 99
                      }
                    ]
                  },
                  {
                    "name": "Darunias Joy",
                    "access_rules": [
                      "lullaby,saria",
                      "{agony}"
                    ],
                    "sections": [
                      {
                        "name": "Play Sarias",
                        "capture_item": true,
                        "item_count": 1
                      }
                    ],
                    "map_locations": [
                      {
                        "map": "child",
                        "x": 1646,
                        "y": 90
                      }
                    ]
                  }
                ]
              },
              {
                "name": "Death Mountain Trail",
                "children": [
                  {
                    "name": "Bombable Wall",
                    "access_rules": [
                      "@logic/can blast"
                    ],
                    "sections": [
                      {
                        "name": "Blast it",
                        "item_count": 1
                      }
                    ],
                    "map_locations": [
                      {
                        "map": "child",
                        "x": 1744,
                        "y": 221
                      },
                      {
                        "map": "adult",
                        "x": 1744,
                        "y": 221
                      }
                    ]
                  },
                  {
                    "name": "Mountain Summit Fairy",
                    "access_rules": [
                      "lullaby,@logic/can blast"
                    ],
                    "sections": [
                      {
                        "name": "Fairy Fountain",
                        "item_count": 1
                      }
                    ],
                    "map_locations": [
                      {
                        "map": "child",
                        "x": 1764,
                        "y": 66
                      },
                      {
                        "map": "adult",
                        "x": 1764,
                        "y": 66
                      }
                    ]
                  }
                ]
              },
              {
                "name": "Dodongos Cavern",
                "access_rules": [
                  "@logic/can blast",
                  "lift1"
                ],
                "sections": [
                  {
                    "name": "4 (+2) Items",
                    "hosted_item": "dodongo_treasures"
                  },
                  {
                    "name": "Map/Compass Chests",
                    "clear_as_group": false,
                    "item_count": 2
                  },
                  {
                    "name": "Small Chest Upstairs",
                    "item_count": 1
                  },
                  {
                    "name": "Bomb Bag Chest",
                    "access_rules": [
                      "sling",
                      "sword2,[bow]",
                      "sword2,[hoverboots]"
                    ],
                    "item_count": 1
                  },
                  {
                    "name": "End of Bridge",
                    "access_rules": [
                      "@Dodongos Cavern/Bomb Bag Chest,@logic/can blast"
                    ],
                    "item_count": 1
                  },
                  {
                    "name": "Above Boss",
                    "capture_item": true,
                    "access_rules": [
                      "@Dodongos Cavern/Bomb Bag Chest,@logic/can blast",
                      "{agony}"
                    ],
                    "item_count": 1
                  },
                  {
                    "name": "King Dodongo",
                    "access_rules": [
                      "@Dodongos Cavern/Above Boss"
                    ],
                    "hosted_item": "dodongo"
                  }
                ],
                "map_locations": [
                  {
                    "map": "child",
                    "x": 1684,
                    "y": 220
                  },
                  {
                    "map": "adult",
                    "x": 1684,
                    "y": 220
                  }
                ]
              }
            ]
          },
          {
            "name": "Hyrule Town",
            "color": "#09a09d",
            "children": [
              {
                "name": "Market",
                "children": [
                  {
                    "name": "RichardZ",
                    "sections": [
                      {
                        "name": "Woof",
                        "item_count": 1
                      }
                    ],
                    "map_locations": [
                      {
                        "map": "child",
                        "x": 1463,
                        "y": 356
                      }
                    ]
                  },
                  {
                    "name": "Child Shooting Gallery",
                    "sections": [
                      {
                        "name": "Shoot the targets",
                        "item_count": 1
                      }
                    ],
                    "map_locations": [
                      {
                        "map": "child",
                        "x": 1427,
                        "y": 299
                      }
                    ]
                  },
                  {
                    "name": "Happy Mask Shop",
                    "sections": [
                      {
                        "name": "Get Mask",
                        "access_rules": [
                          "soldout"
                        ],
                        "hosted_item": "keaton"
                      }
                    ],
                    "map_locations": [
                      {
                        "map": "child",
                        "x": 1464,
                        "y": 292
                      }
                    ]
                  },
                  {
                    "name": "Bombchu Bowling",
                    "access_rules": [
                      "bombs"
                    ],
                    "sections": [
                      {
                        "name": "Boom!",
                        "clear_as_group": false,
                        "item_count": 2
                      }
                    ],
                    "map_locations": [
                      {
                        "map": "child",
                        "x": 1393,
                        "y": 314
                      }
                    ]
                  },
                  {
                    "name": "Treasure Chest Game",
                    "sections": [
                      {
                        "name": "Cheater",
                        "capture_item": true,
                        "access_rules": [
                          "[lens],[magic]",
                          "{agony}"
                        ],
                        "item_count": 1
                      }
                    ],
                    "map_locations": [
                      {
                        "map": "child",
                        "x": 1416,
                        "y": 360
                      }
                    ]
                  },
                  {
                    "name": "Door of Time",
                    "sections": [
                      {
                        "name": "Open Sesame",
                        "hosted_item": "sword2",
                        "access_rules": [
                          "open_door",
                          "time"
                        ]
                      }
                    ],
                    "map_locations": [
                      {
                        "map": "child",
                        "x": 1539,
                        "y": 294
                      }
                    ]
                  }
                ]
              },
              {
                "name": "Hyrule Castle",
                "children": [
                  {
                    "name": "Malon",
                    "access_rules": [
                      "nokidtrade"
                    ],
                    "sections": [
                      {
                        "name": "Talk to her",
                        "hosted_item": "childegg"
                      }
                    ],
                    "map_locations": [
                      {
                        "map": "child",
                        "x": 1439,
                        "y": 246
                      }
                    ]
                  },
                  {
                    "name": "Talon",
                    "access_rules": [
                      "childegg"
                    ],
                    "sections": [
                      {
                        "name": "Wake him",
                        "hosted_item": "childcucco"
                      }
                    ],
                    "map_locations": [
                      {
                        "map": "child",
                        "x": 1479,
                        "y": 176
                      }
                    ]
                  },
                  {
                    "name": "Visit Zelda",
                    "access_rules": [
                      "childcucco"
                    ],
                    "sections": [
                      {
                        "name": "Song",
                        "item_count": 1
                      },
                      {
                        "name": "Letter",
                        "hosted_item": "letter"
                      }
                    ],
                    "map_locations": [
                      {
                        "map": "child",
                        "x": 1418,
                        "y": 173
                      }
                    ]
                  },
                  {
                    "name": "Hyrule Castle Fairy",
                    "access_rules": [
                      "lullaby,@logic/explosives"
                    ],
                    "sections": [
                      {
                        "name": "Fairy Fountain",
                        "item_count": 1
                      }
                    ],
                    "map_locations": [
                      {
                        "map": "child",
                        "x": 1491,
                        "y": 233
                      }
                    ]
                  }
                ]
              }
            ]
          },
          {
            "name": "Zora Area",
            "color": "#0936a0",
            "children": [
              {
                "name": "Zoras River",
                "access_rules": [
                  "@logic/explosives",
                  "scale1"
                ],
                "children": [
                  {
                    "name": "Frogs",
                    "sections": [
                      {
                        "name": "Frogs in the Rain",
                        "access_rules": [
                          "storm"
                        ],
                        "item_count": 1
                      },
                      {
                        "name": "Fly Catching",
                        "access_rules": [
                          "lullaby,saria,epona,sun,time,storm",
                          "{agony}"
                        ],
                        "capture_item": true,
                        "item_count": 1
                      }
                    ],
                    "map_locations": [
                      {
                        "map": "child",
                        "x": 2094,
                        "y": 481
                      }
                    ]
                  }
                ]
              },
              {
                "name": "Zoras Domain",
                "access_rules": [
                  "@logic/explosives,[lullaby]",
                  "scale1"
                ],
                "children": [
                  {
                    "name": "Torch Run",
                    "sections": [
                      {
                        "name": "Run",
                        "item_count": 1
                      }
                    ],
                    "map_locations": [
                      {
                        "map": "child",
                        "x": 2610,
                        "y": 442
                      }
                    ]
                  },
                  {
                    "name": "Diving Minigame",
                    "sections": [
                      {
                        "name": "Dive down",
                        "item_count": 1
                      }
                    ],
                    "map_locations": [
                      {
                        "map": "child",
                        "x": 2556,
                        "y": 429
                      }
                    ]
                  }
                ]
              },
              {
                "name": "Zoras Fountain",
                "access_rules": [
                  "@logic/explosives,[lullaby],ruto",
                  "scale1,ruto"
                ],
                "children": [
                  {
                    "name": "Zoras Fountain Fairy",
                    "sections": [
                      {
                        "name": "Fairy Fountain",
                        "access_rules": [
                          "lullaby,@logic/explosives"
                        ],
                        "item_count": 1
                      }
                    ],
                    "map_locations": [
                      {
                        "map": "child",
                        "x": 2553,
                        "y": 333
                      },
                      {
                        "map": "adult",
                        "x": 2553,
                        "y": 333
                      }
                    ]
                  },
                  {
                    "name": "Jabu Jabus Belly",
                    "access_rules": [
                      "sling",
                      "@logic/explosives",
                      "boomerang"
                    ],
                    "sections": [
                      {
                        "name": "1 (+2) Item",
                        "hosted_item": "jabu_treasures"
                      },
                      {
                        "name": "Boomerang Chest",
                        "item_count": 1
                      },
                      {
                        "name": "Map/Compass Chests",
                        "clear_as_group": false,
                        "access_rules": [
                          "boomerang"
                        ],
                        "item_count": 2
                      },
                      {
                        "name": "Barinade",
                        "access_rules": [
                          "boomerang"
                        ],
                        "hosted_item": "jabu"
                      }
                    ],
                    "map_locations": [
                      {
                        "map": "child",
                        "x": 2488,
                        "y": 328
                      }
                    ]
                  }
                ]
              }
            ]
          },
          {
            "name": "Gerudo Area",
            "color": "#a09509",
            "children": [
              {
                "name": "Haunted Wasteland",
                "children": [
                  {
                    "name": "Central Structure",
                    "sections": [
                      {
                        "name": "Light the torches",
                        "capture_item": true,
                        "access_rules": [
                          "sword2,epona,card,hoverboots,@logic/has fire",
                          "sword2,longshot,card,@logic/has fire",
                          "requiem,[card],[longshot],@logic/has fire",
                          "{agony}"
                        ],
                        "item_count": 1
                      }
                    ],
                    "map_locations": [
                      {
                        "map": "child",
                        "x": 346,
                        "y": 283
                      },
                      {
                        "map": "adult",
                        "x": 346,
                        "y": 283
                      }
                    ]
                  }
                ]
              },
              {
                "name": "Colossus",
                "children": [
                  {
                    "name": "Colossus Fairy",
                    "sections": [
                      {
                        "name": "Fairy Fountain",
                        "access_rules": [
                          "@logic/colossus,lullaby,@logic/explosives"
                        ],
                        "item_count": 1
                      }
                    ],
                    "map_locations": [
                      {
                        "map": "child",
                        "x": 276,
                        "y": 297
                      },
                      {
                        "map": "adult",
                        "x": 276,
                        "y": 297
                      }
                    ]
                  },
                  {
                    "name": "Sheik at Colossus",
                    "sections": [
                      {
                        "name": "Song",
                        "capture_item": true,
                        "access_rules": [
                          "@logic/colossus",
                          "{agony}"
                        ],
                        "item_count": 1
                      }
                    ],
                    "map_locations": [
                      {
                        "map": "child",
                        "x": 128,
                        "y": 347
                      },
                      {
                        "map": "adult",
                        "x": 128,
                        "y": 347
                      }
                    ]
                  },
                  {
                    "name": "Spirit Temple",
                    "access_rules": [
                      "@logic/colossus"
                    ],
                    "sections": [
                      {
                        "name": "Small Keys",
                        "hosted_item": "spirit_small_keys"
                      },
                      {
                        "name": "11 (+2) Items",
                        "hosted_item": "spirit_treasures"
                      },
                      {
                        "name": "Lower Child",
                        "access_rules": [
                          "requiem,boomerang",
                          "requiem,sling"
                        ],
                        "clear_as_group": false,
                        "item_count": 2
                      },
                      {
                        "name": "Upper Child",
                        "access_rules": [
                          "@Spirit Temple/Lower Child",
                          "@Spirit Temple/Mirror Room"
                        ],
                        "clear_as_group": false,
                        "item_count": 2
                      },
                      {
                        "name": "Torch Puzzle",
                        "access_rules": [
                          "@Spirit Temple/Lower Child,@logic/explosives,sticks",
                          "@Spirit Temple/Lower Child,@logic/explosives,@logic/has fire",
                          "@Spirit Temple/Mirror Room,@logic/has fire"
                        ],
                        "item_count": 1
                      },
                      {
                        "name": "Southern Hand",
                        "access_rules": [
                          "@Spirit Temple/Lower Child,@logic/explosives",
                          "@Spirit Temple/Northern Hand,longshot"
                        ],
                        "item_count": 1
                      },
                      {
                        "name": "Compass Chest",
                        "access_rules": [
                          "sword2,lift2,lullaby,hookshot"
                        ],
                        "item_count": 1
                      },
                      {
                        "name": "Boulder Room",
                        "access_rules": [
                          "sword2,lift2,hookshot",
                          "sword2,lift2,bow",
                          "sword2,lift2,@logic/explosives"
                        ],
                        "item_count": 1
                      },
                      {
                        "name": "Mirror Room",
                        "access_rules": [
                          "@Spirit Temple/Boulder Room"
                        ],
                        "clear_as_group": false,
                        "item_count": 2
                      },
                      {
                        "name": "Map Chest",
                        "access_rules": [
                          "@Spirit Temple/Mirror Room,@logic/has fire",
                          "@Spirit Temple/Mirror Room,bow",
                          "@Spirit Temple/Lower Child,@logic/explosives,sticks",
                          "@Spirit Temple/Lower Child,@logic/explosives,@logic/has fire"
                        ],
                        "item_count": 1
                      },
                      {
                        "name": "Statue Hand",
                        "access_rules": [
                          "@Spirit Temple/Mirror Room,lullaby"
                        ],
                        "item_count": 1
                      },
                      {
                        "name": "Statue Ledge",
                        "access_rules": [
                          "@Spirit Temple/Statue Hand,hookshot",
                          "@Spirit Temple/Statue Hand,hoverboots"
                        ],
                        "item_count": 1
                      },
                      {
                        "name": "Near Armos",
                        "access_rules": [
                          "@Spirit Temple/Northern Hand,shield3"
                        ],
                        "item_count": 1
                      },
                      {
                        "name": "Invisible Hallway",
                        "access_rules": [
                          "@Spirit Temple/Northern Hand,[lens],[magic]"
                        ],
                        "clear_as_group": false,
                        "item_count": 2
                      },
                      {
                        "name": "Northern Hand",
                        "access_rules": [
                          "@Spirit Temple/Mirror Room,@logic/explosives"
                        ],
                        "item_count": 1
                      },
                      {
                        "name": "Boss Key Chest",
                        "access_rules": [
                          "@Spirit Temple/Northern Hand,lullaby,[bow],[hookshot]"
                        ],
                        "item_count": 1
                      },
                      {
                        "name": "Topmost Sun",
                        "access_rules": [
                          "@Spirit Temple/Northern Hand,shield3"
                        ],
                        "item_count": 1
                      },
                      {
                        "name": "Twinrova",
                        "access_rules": [
                          "@Spirit Temple/Topmost Sun"
                        ],
                        "hosted_item": "spirit"
                      }
                    ],
                    "map_locations": [
                      {
                        "map": "child",
                        "x": 85,
                        "y": 301
                      },
                      {
                        "map": "adult",
                        "x": 85,
                        "y": 301
                      }
                    ]
                  }
                ]
              }
            ]
          }
        ]
      }
    ]
  },
  {
    "name": "Adult",
    "access_rules": [
      "sword2"
    ],
    "children": [
      {
        "name": "Forest",
        "color": "#18a50e",
        "children": [
          {
            "name": "Lost Woods",
            "children": [
              {
                "name": "Lost Brother",
                "sections": [
                  {
                    "name": "Trade",
                    "access_rules": [
                      "cojiro"
                    ],
                    "hosted_item": "mushroom"
                  }
                ],
                "map_locations": [
                  {
                    "map": "adult",
                    "x": 2085,
                    "y": 785
                  }
                ]
              },
              {
                "name": "Kokiri Girl",
                "sections": [
                  {
                    "name": "Trade",
                    "access_rules": [
                      "oddpotion"
                    ],
                    "hosted_item": "saw"
                  }
                ],
                "map_locations": [
                  {
                    "map": "adult",
                    "x": 2085,
                    "y": 785
                  }
                ]
              }
            ]
          },
          {
            "name": "Sacred Forest Meadow",
            "access_rules": [
              "saria",
              "minuet"
            ],
            "children": [
              {
                "name": "Sheik in Meadow",
                "access_rules": [
                  "saria",
                  "minuet",
                  "{agony}"
                ],
                "sections": [
                  {
                    "name": "Song",
                    "capture_item": true,
                    "item_count": 1
                  }
                ],
                "map_locations": [
                  {
                    "map": "adult",
                    "x": 2155,
                    "y": 626
                  }
                ]
              },
              {
                "name": "Forest Temple",
                "access_rules": [
                  "hookshot"
                ],
                "sections": [
                  {
                    "name": "Small Keys",
                    "hosted_item": "forest_small_keys"
                  },
                  {
                    "name": "5 (+2) Items",
                    "hosted_item": "forest_treasures"
                  },
                  {
                    "name": "First room",
                    "item_count": 1
                  },
                  {
                    "name": "Stalfos",
                    "item_count": 1
                  },
                  {
                    "name": "Map Chest",
                    "access_rules": [
                      "time",
                      "hookshot,bow",
                      "bow,ironboots,[hookshot]"
                    ],
                    "item_count": 1
                  },
                  {
                    "name": "Below Scarecrow",
                    "access_rules": [
                      "time",
                      "bow"
                    ],
                    "item_count": 1
                  },
                  {
                    "name": "Inside well",
                    "access_rules": [
                      "time",
                      "hookshot,bow",
                      "bow,ironboots,[hookshot]"
                    ],
                    "item_count": 1
                  },
                  {
                    "name": "Block Room Eye",
                    "access_rules": [
                      "lift1,bow"
                    ],
                    "item_count": 1
                  },
                  {
                    "name": "Boss Key Chest",
                    "access_rules": [
                      "bow,lift1"
                    ],
                    "item_count": 1
                  },
                  {
                    "name": "Floormaster",
                    "access_rules": [
                      "@Forest Temple/Boss Key Chest",
                      "hoverboots"
                    ],
                    "item_count": 1
                  },
                  {
                    "name": "Red Poe",
                    "access_rules": [
                      "lift1,bow"
                    ],
                    "item_count": 1
                  },
                  {
                    "name": "Bow Chest",
                    "access_rules": [
                      "lift1"
                    ],
                    "item_count": 1
                  },
                  {
                    "name": "Blue Poe",
                    "access_rules": [
                      "lift1,bow"
                    ],
                    "item_count": 1
                  },
                  {
                    "name": "Checkerboard",
                    "access_rules": [
                      "lift1,bow",
                      "lift1,dinsfire,magic"
                    ],
                    "item_count": 1
                  },
                  {
                    "name": "Basement",
                    "access_rules": [
                      "@Forest Temple/Checkerboard"
                    ],
                    "item_count": 1
                  },
                  {
                    "name": "Phantom Ganon",
                    "access_rules": [
                      "@Forest Temple/Basement"
                    ],
                    "hosted_item": "forest"
                  }
                ],
                "map_locations": [
                  {
                    "map": "adult",
                    "x": 2148,
                    "y": 586
                  }
                ]
              }
            ]
          }
        ]
      },
      {
        "name": "Kakariko",
        "color": "#6909a0",
        "children": [
          {
            "name": "Kakariko Village",
            "children": [
              {
                "name": "Anju",
                "sections": [
                  {
                    "name": "Talk to her",
                    "item_count": 1
                  },
                  {
                    "name": "Trade",
                    "access_rules": [
                      "pocketcucco"
                    ],
                    "hosted_item": "cojiro"
                  }
                ],
                "map_locations": [
                  {
                    "map": "adult",
                    "x": 1857,
                    "y": 431
                  }
                ]
              },
              {
                "name": "Old Hag",
                "sections": [
                  {
                    "name": "Trade",
                    "access_rules": [
                      "mushroom"
                    ],
                    "hosted_item": "oddpotion"
                  }
                ],
                "map_locations": [
                  {
                    "map": "adult",
                    "x": 1855,
                    "y": 349
                  }
                ]
              },
              {
                "name": "Adult Shooting Gallery",
                "sections": [
                  {
                    "name": "Shoot the targets",
                    "access_rules": [
                      "bow"
                    ],
                    "item_count": 1
                  }
                ],
                "map_locations": [
                  {
                    "map": "adult",
                    "x": 1837,
                    "y": 403
                  }
                ]
              },
              {
                "name": "Guru-Guru",
                "sections": [
                  {
                    "name": "Song",
                    "capture_item": true,
                    "access_rules": [
                      "ocarina",
                      "{agony}"
                    ],
                    "item_count": 1
                  }
                ],
                "map_locations": [
                  {
                    "map": "adult",
                    "x": 1905,
                    "y": 376
                  }
                ]
              },
              {
                "name": "Sheik in Kakariko",
                "sections": [
                  {
                    "name": "Song",
                    "capture_item": true,
                    "access_rules": [
                      "forestmed,firemed,watermed",
                      "{agony}"
                    ],
                    "item_count": 1
                  }
                ],
                "map_locations": [
                  {
                    "map": "adult",
                    "x": 1734,
                    "y": 387
                  }
                ]
              }
            ]
          },
          {
            "name": "Graveyard",
            "children": [
              {
                "name": "Dampe",
                "sections": [
                  {
                    "name": "1st race",
                    "item_count": 1
                  }
                ],
                "map_locations": [
                  {
                    "map": "adult",
                    "x": 2016,
                    "y": 331
                  }
                ]
              }
            ]
          },
          {
            "name": "Shadow Temple",
            "access_rules": [
              "nocturne,dinsfire,magic,[lens],sword2,hoverboots",
              "nocturne,dinsfire,magic,[lens],sword2,hookshot"
            ],
            "sections": [
              {
                "name": "Small Keys",
                "hosted_item": "shadow_small_keys"
              },
              {
                "name": "9 (+2) Items",
                "hosted_item": "shadow_treasures"
              },
              {
                "name": "Map Chest",
                "item_count": 1
              },
              {
                "name": "Deadhand",
                "item_count": 1
              },
              {
                "name": "Compass Chest",
                "access_rules": [
                  "hoverboots"
                ],
                "item_count": 1
              },
              {
                "name": "Early Silver Rupees",
                "access_rules": [
                  "hoverboots"
                ],
                "item_count": 1
              },
              {
                "name": "Like-Like Room",
                "access_rules": [
                  "hoverboots,@logic/explosives"
                ],
                "clear_as_group": false,
                "item_count": 2
              },
              {
                "name": "Falling Spikes Lower",
                "access_rules": [
                  "@Shadow Temple/Like-Like Room"
                ],
                "item_count": 1
              },
              {
                "name": "Falling Spikes Upper",
                "access_rules": [
                  "@Shadow Temple/Like-Like Room,[lift1]"
                ],
                "clear_as_group": false,
                "item_count": 2
              },
              {
                "name": "Invisible Spikes",
                "access_rules": [
                  "@Shadow Temple/Like-Like Room"
                ],
                "item_count": 1
              },
              {
                "name": "Wind Hint Room",
                "access_rules": [
                  "@Shadow Temple/Invisible Spikes,hookshot"
                ],
                "item_count": 1
              },
              {
                "name": "After Wind Room",
                "access_rules": [
                  "@Shadow Temple/Wind Hint Room"
                ],
                "clear_as_group": false,
                "item_count": 2
              },
              {
                "name": "After Boat",
                "access_rules": [
                  "@Shadow Temple/After Wind Room,lullaby"
                ],
                "clear_as_group": false,
                "item_count": 3
              },
              {
                "name": "Bongo Bongo",
                "access_rules": [
                  "@Shadow Temple/After Boat,bow",
                  "@Shadow Temple/After Boat,longshot"
                ],
                "hosted_item": "shadow"
              }
            ],
            "map_locations": [
              {
                "map": "adult",
                "x": 2144,
                "y": 326
              }
            ]
          }
        ]
      },
      {
        "name": "Death Mountain",
        "color": "#a01009",
        "children": [
          {
            "name": "Goron City",
            "children": [
              {
                "name": "Link the Goron",
                "access_rules": [
                  "lift1",
                  "@logic/explosives",
                  "bow"
                ],
                "sections": [
                  {
                    "name": "Blast him",
                    "item_count": 1
                  }
                ],
                "map_locations": [
                  {
                    "map": "adult",
                    "x": 1689,
                    "y": 99
                  }
                ]
              },
              {
                "name": "Shop",
                "sections": [
                  {
                    "name": "Tunic",
                    "access_rules": [
                      "wallet1,@logic/explosives"
                    ],
                    "hosted_item": "redtunic"
                  }
                ],
                "map_locations": [
                  {
                    "map": "adult",
                    "x": 1646,
                    "y": 128
                  }
                ]
              }
            ]
          },
          {
            "name": "Death Mountain Trail",
            "children": [
              {
                "name": "Biggoron",
                "sections": [
                  {
                    "name": "Trade",
                    "access_rules": [
                      "brokensword"
                    ],
                    "hosted_item": "prescription"
                  },
                  {
                    "name": "Trade",
                    "access_rules": [
                      "eyedrops"
                    ],
                    "hosted_item": "claimcheck"
                  },
                  {
                    "name": "Help him",
                    "capture_item": true,
                    "access_rules": [
                      "claimcheck",
                      "{agony}"
                    ],
                    "item_count": 1
                  }
                ],
                "map_locations": [
                  {
                    "map": "adult",
                    "x": 1825,
                    "y": 94
                  }
                ]
              }
            ]
          },
          {
            "name": "Death Mountain Crater",
            "children": [
              {
                "name": "Crater Fairy",
                "access_rules": [
                  "lullaby,hammer,@Link the Goron",
                  "lullaby,hammer,bolero,hookshot",
                  "lullaby,hammer,hoverboots"
                ],
                "sections": [
                  {
                    "name": "Fairy Fountain",
                    "item_count": 1
                  }
                ],
                "map_locations": [
                  {
                    "map": "adult",
                    "x": 1834,
                    "y": 30
                  }
                ]
              },
              {
                "name": "Sheik in Crater",
                "access_rules": [
                  "bolero",
                  "hoverboots",
                  "@Link the Goron,hookshot",
                  "{agony}"
                ],
                "sections": [
                  {
                    "name": "Song",
                    "capture_item": true,
                    "item_count": 1
                  }
                ],
                "map_locations": [
                  {
                    "map": "adult",
                    "x": 1871,
                    "y": 66
                  }
                ]
              },
              {
                "name": "Fire Temple",
                "access_rules": [
                  "@Sheik in Crater,[redtunic]"
                ],
                "sections": [
                  {
                    "name": "Small Keys",
                    "hosted_item": "fire_small_keys"
                  },
                  {
                    "name": "3 (+2) Items",
                    "hosted_item": "fire_treasures"
                  },
                  {
                    "name": "Near Boss Door",
                    "item_count": 1
                  },
                  {
                    "name": "Boss Key Rooms",
                    "access_rules": [
                      "hammer"
                    ],
                    "clear_as_group": false,
                    "item_count": 2
                  },
                  {
                    "name": "North Lava Room",
                    "access_rules": [
                      ""
                    ],
                    "item_count": 1
                  },
                  {
                    "name": "South Lava Room",
                    "access_rules": [
                      "@logic/explosives"
                    ],
                    "item_count": 1
                  },
                  {
                    "name": "South Boulder Maze",
                    "access_rules": [
                      "lift1"
                    ],
                    "item_count": 1
                  },
                  {
                    "name": "North Boulder Maze",
                    "access_rules": [
                      "lift1"
                    ],
                    "item_count": 1
                  },
                  {
                    "name": "Map Chest",
                    "access_rules": [
                      "lift1,bow",
                      "lift1"
                    ],
                    "item_count": 1
                  },
                  {
                    "name": "Above Boulder Maze",
                    "access_rules": [
                      "lift1"
                    ],
                    "item_count": 1
                  },
                  {
                    "name": "Shortcut",
                    "access_rules": [
                      "lift1,@logic/explosives"
                    ],
                    "item_count": 1
                  },
                  {
                    "name": "Scarecrow",
                    "access_rules": [
                      "lift1,hookshot"
                    ],
                    "item_count": 1
                  },
                  {
                    "name": "Compass Chest",
                    "access_rules": [
                      "lift1"
                    ],
                    "item_count": 1
                  },
                  {
                    "name": "Time Block Room",
                    "access_rules": [
                      "lift1,hammer,time",
                      "lift1,hammer,@logic/explosives",
                      "lift1,hammer,hoverboots"
                    ],
                    "item_count": 1
                  },
                  {
                    "name": "Hammer Chest",
                    "access_rules": [
                      "lift1,@logic/explosives",
                      "lift1,@logic/explosives,hoverboots"
                    ],
                    "item_count": 1
                  },
                  {
                    "name": "Volvagia",
                    "access_rules": [
                      "hammer"
                    ],
                    "hosted_item": "fire"
                  }
                ],
                "map_locations": [
                  {
                    "map": "adult",
                    "x": 1912,
                    "y": 80
                  }
                ]
              }
            ]
          }
        ]
      },
      {
        "name": "Hyrule Town",
        "color": "#09a09d",
        "children": [
          {
            "name": "Market",
            "children": [
              {
                "name": "Sheik at Temple",
                "sections": [
                  {
                    "name": "Song",
                    "capture_item": true,
                    "access_rules": [
                      "forestmed",
                      "{agony}"
                    ],
                    "item_count": 1
                  },
                  {
                    "name": "It's Zelda :O",
                    "access_rules": [
                      "spiritmed,shadowmed"
                    ],
                    "item_count": 1
                  }
                ],
                "map_locations": [
                  {
                    "map": "adult",
                    "x": 1539,
                    "y": 294
                  }
                ]
              },
              {
                "name": "10 Big Poes",
                "sections": [
                  {
                    "name": "Happy Hunting",
                    "capture_item": true,
                    "access_rules": [
                      "bow,epona,bottle",
                      "{agony}"
                    ],
                    "item_count": 1
                  }
                ],
                "map_locations": [
                  {
                    "map": "adult",
                    "x": 1464,
                    "y": 385
                  }
                ]
              }
            ]
          },
          {
            "name": "Ganons Castle Grounds",
            "children": [
              {
                "name": "Ganons Castle Fairy",
                "access_rules": [
                  "lullaby,lift3"
                ],
                "sections": [
                  {
                    "name": "Fairy Fountain",
                    "item_count": 1
                  }
                ],
                "map_locations": [
                  {
                    "map": "adult",
                    "x": 1491,
                    "y": 233
                  }
                ]
              },
              {
                "name": "Ganons Castle",
                "access_rules": [
                  "bridge_medallions,sword2,forestmed,firemed,watermed,spiritmed,shadowmed,lightmed",
                  "bridge_vanilla,sword2,spiritmed,shadowmed,lightarrow",
                  "bridge_dungeons,sword2,forestmed,firemed,watermed,spiritmed,shadowmed,lightmed,emerald,ruby,sapphire",
                  "bridge_open,sword2"
                ],
                "sections": [
                  {
                    "name": "Small Keys",
                    "hosted_item": "ganon_small_keys"
                  },
                  {
                    "name": "Forest Trial",
                    "item_count": 1
                  },
                  {
                    "name": "Water Trial",
                    "item_count": 2
                  },
                  {
                    "name": "Shadow Trial",
                    "access_rules": [
                      "longshot,hoverboots,[magic],[lens]",
                      "magic,[lens],bow,firearrow"
                    ],
                    "item_count": 2
                  },
                  {
                    "name": "Light Trial",
                    "access_rules": [
                      "lift3,[lens],[magic],[lullaby]"
                    ],
                    "item_count": 8
                  },
                  {
                    "name": "Spirit Trial",
                    "access_rules": [
                      "hookshot,bombchu,[lens],[magic]"
                    ],
                    "item_count": 2
                  },
                  {
                    "name": "Castle Tower",
                    "access_rules": [
                      "@logic/can LA,longshot,bombchu,shield3,lift3,bottle,hammer,@logic/has fire,[lens],[redtunic]",
                      "@logic/can LA,longshot,bombchu,shield3,lift3,bottle,hammer,@logic/has fire,hoverboots,[redtunic]"
                    ],
                    "item_count": 1
                  }
                ],
                "map_locations": [
                  {
                    "map": "adult",
                    "x": 1439,
                    "y": 206
                  }
                ]
              }
            ]
          }
        ]
      },
      {
        "name": "Zora Area",
        "color": "#0936a0",
        "children": [
          {
            "name": "Zoras Domain",
            "children": [
              {
                "name": "King Zora",
                "access_rules": [
                  "[lullaby],bottle,wallet2",
                  "[lullaby],bottle,@logic/ice cavern"
                ],
                "sections": [
                  {
                    "name": "Unfreeze him",
                    "item_count": 1
                  },
                  {
                    "name": "Trade",
                    "access_rules": [
                      "prescription"
                    ],
                    "hosted_item": "speedfrog"
                  }
                ],
                "map_locations": [
                  {
                    "map": "adult",
                    "x": 2624,
                    "y": 367
                  }
                ]
              },
              {
                "name": "Shop",
                "sections": [
                  {
                    "name": "Tunic",
                    "access_rules": [
                      "wallet2,bottle"
                    ],
                    "hosted_item": "bluetunic"
                  }
                ],
                "map_locations": [
                  {
                    "map": "adult",
                    "x": 2619,
                    "y": 499
                  }
                ]
              }
            ]
          },
          {
            "name": "Zoras Fountain",
            "access_rules": [
              "@logic/explosives,[lullaby],ruto",
              "scale1,[lullaby],ruto"
            ],
            "children": [
              {
                "name": "Ice Cavern",
                "sections": [
                  {
                    "name": "1 (+2) Items",
                    "hosted_item": "ice_treasures"
                  },
                  {
                    "name": "Map/Compass Chests",
                    "clear_as_group": false,
                    "access_rules": [
                      "@logic/ice cavern"
                    ],
                    "item_count": 2
                  },
                  {
                    "name": "Ironboots Chest",
                    "access_rules": [
                      "@logic/ice cavern"
                    ],
                    "item_count": 1
                  },
                  {
                    "name": "Sheik in Ice Cavern",
                    "capture_item": true,
                    "access_rules": [
                      "@logic/ice cavern",
                      "{agony}"
                    ],
                    "item_count": 1
                  }
                ],
                "map_locations": [
                  {
                    "map": "adult",
                    "x": 2501,
                    "y": 276
                  }
                ]
              }
            ]
          }
        ]
      },
      {
        "name": "Hyrule Field",
        "children": [
          {
            "name": "Laky Hylia",
            "color": "#0936a0",
            "children": [
              {
                "name": "Adult Fishing",
                "sections": [
                  {
                    "name": "Bite pls",
                    "capture_item": true,
                    "access_rules": [
                      "hookshot",
                      "water",
                      "beans",
                      "{agony}"
                    ],
                    "item_count": 1
                  }
                ],
                "map_locations": [
                  {
                    "map": "adult",
                    "x": 1270,
                    "y": 1215
                  }
                ]
              },
              {
                "name": "Shoot the Sun",
                "sections": [
                  {
                    "name": "Shoot it",
                    "capture_item": true,
                    "access_rules": [
                      "bow,longshot",
                      "bow,water",
                      "{agony}"
                    ],
                    "item_count": 1
                  }
                ],
                "map_locations": [
                  {
                    "map": "adult",
                    "x": 1132,
                    "y": 1405
                  }
                ]
              },
              {
                "name": "Water Temple",
                "access_rules": [
                  "ironboots,hookshot,[bluetunic]"
                ],
                "sections": [
                  {
                    "name": "Small Keys",
                    "hosted_item": "water_small_keys"
                  },
                  {
                    "name": "1 (+2) Items",
                    "hosted_item": "water_treasures"
                  },
                  {
                    "name": "Map Chest",
                    "item_count": 1
                  },
                  {
                    "name": "Compass Chest",
                    "item_count": 1
                  },
                  {
                    "name": "Torch Chest",
                    "access_rules": [
                      "lullaby,bow",
                      "lullaby,dinsfire,magic"
                    ],
                    "item_count": 1
                  },
                  {
                    "name": "Dragon Chest",
                    "access_rules": [
                      "lullaby,lift1",
                      "lullaby,time,bow"
                    ],
                    "item_count": 1
                  },
                  {
                    "name": "Basement",
                    "access_rules": [
                      "lullaby"
                    ],
                    "item_count": 1
                  },
                  {
                    "name": "Cracked Wall",
                    "access_rules": [
                      "lullaby,@logic/explosives"
                    ],
                    "item_count": 1
                  },
                  {
                    "name": "Center Eye Switch",
                    "access_rules": [
                      "lullaby,bow,lift1,hoverboots",
                      "lullaby,bow,lift1,longshot"
                    ],
                    "item_count": 1
                  },
                  {
                    "name": "Dark Link",
                    "access_rules": [
                      "lullaby"
                    ],
                    "item_count": 1
                  },
                  {
                    "name": "River",
                    "access_rules": [
                      "lullaby,time,bow"
                    ],
                    "item_count": 1
                  },
                  {
                    "name": "Boss Key Chest",
                    "access_rules": [
                      "lullaby,longshot,hoverboots",
                      "lullaby,longshot,@logic/explosives,lift1"
                    ],
                    "item_count": 1
                  },
                  {
                    "name": "Morpha",
                    "access_rules": [
                      "longshot"
                    ],
                    "hosted_item": "water"
                  }
                ],
                "map_locations": [
                  {
                    "map": "adult",
                    "x": 1015,
                    "y": 1380
                  }
                ]
              }
            ]
          }
        ]
      },
      {
        "name": "Gerudo Area",
        "color": "#a09509",
        "children": [
          {
            "name": "Gerudo Valley",
            "children": [
              {
                "name": "Bridge Crossing",
                "access_rules": [
                  "epona",
                  "longshot",
                  "hookshot,[longshot]"
                ],
                "children": [
                  {
                    "name": "Hammer Rocks",
                    "sections": [
                      {
                        "name": "Smash 'em",
                        "access_rules": [
                          "hammer"
                        ],
                        "item_count": 1
                      }
                    ],
                    "map_locations": [
                      {
                        "map": "adult",
                        "x": 601,
                        "y": 581
                      }
                    ]
                  },
                  {
                    "name": "Master Carpenter",
                    "sections": [
                      {
                        "name": "Trade",
                        "access_rules": [
                          "saw"
                        ],
                        "hosted_item": "brokensword"
                      }
                    ],
                    "map_locations": [
                      {
                        "map": "adult",
                        "x": 638,
                        "y": 547
                      }
                    ]
                  },
                  {
                    "name": "Gerudo Fortress",
                    "access_rules": [
                      "[bow]",
                      "[hookshot]",
                      "[hoverboots]"
                    ],
                    "children": [
                      {
                        "name": "Carpenter Rescue",
                        "sections": [
                          {
                            "name": "Free them",
                            "hosted_item": "card"
                          }
                        ],
                        "map_locations": [
                          {
                            "map": "adult",
                            "x": 503,
                            "y": 392
                          }
                        ]
                      },
                      {
                        "name": "Rooftop Chest",
                        "sections": [
                          {
                            "name": "Open it",
                            "access_rules": [
                              "hoverboots",
                              "hookshot"
                            ],
                            "item_count": 1
                          }
                        ],
                        "map_locations": [
                          {
                            "map": "adult",
                            "x": 544,
                            "y": 358
                          }
                        ]
                      },
                      {
                        "name": "Horseback Archery",
                        "sections": [
                          {
                            "name": "1000",
                            "access_rules": [
                              "epona,bow,card"
                            ],
                            "item_count": 1
                          },
                          {
                            "name": "1500",
                            "capture_item": true,
                            "access_rules": [
                              "epona,bow,card",
                              "{agony}"
                            ],
                            "item_count": 1
                          }
                        ],
                        "map_locations": [
                          {
                            "map": "adult",
                            "x": 620,
                            "y": 438
                          }
                        ]
                      },
                      {
                        "name": "Gerudo Training Grounds",
                        "access_rules": [
                          "card"
                        ],
                        "sections": [
                          {
                            "name": "Small Keys",
                            "hosted_item": "gerudo_small_keys"
                          },
                          {
                            "name": "13 Items",
                            "hosted_item": "gerudo_treasures"
                          },
                          {
                            "name": "Lobby",
                            "access_rules": [
                              "bow"
                            ],
                            "item_count": 2
                          },
                          {
                            "name": "Stalfos",
                            "item_count": 1
                          },
                          {
                            "name": "Wolfos",
                            "access_rules": [
                              "hookshot"
                            ],
                            "item_count": 1
                          },
                          {
                            "name": "Like-Like",
                            "access_rules": [
                              "hookshot,lift2"
                            ],
                            "item_count": 4
                          },
                          {
                            "name": "Eye Statue",
                            "access_rules": [
                              "hookshot,bow"
                            ],
                            "item_count": 1
                          },
                          {
                            "name": "Above Maze",
                            "access_rules": [
                              "hookshot,bow"
                            ],
                            "item_count": 1
                          },
                          {
                            "name": "Hammer Pillars",
                            "access_rules": [
                              "hookshot,bow,[hammer]",
                              "@logic/explosives,hookshot,[hammer]"
                            ],
                            "item_count": 2
                          },
                          {
                            "name": "Lava Pit Ledge",
                            "access_rules": [
                              "hookshot,bow,[hammer],time",
                              "@logic/explosives,time"
                            ],
                            "item_count": 2
                          },
                          {
                            "name": "Under Water",
                            "access_rules": [
                              "hookshot,bow,[hammer],time,ironboots,[bluetunic]",
                              "@logic/explosives,hookshot,time,ironboots,[bluetunic]"
                            ],
                            "item_count": 1
                          },
                          {
                            "name": "Beamos",
                            "access_rules": [
                              "@logic/explosives"
                            ],
                            "item_count": 1
                          },
                          {
                            "name": "Maze",
                            "clear_as_group": false,
                            "item_count": 5
                          }
                        ],
                        "map_locations": [
                          {
                            "map": "adult",
                            "x": 481,
                            "y": 444
                          }
                        ]
                      }
                    ]
                  }
                ]
              }
            ]
          }
        ]
      }
    ]
  }
]