﻿{
  "map_enabled": true,
  "auto_pin_capturing_locations": false,
  "auto_unpin_on_clear": true,
  "layout_swap_left_right": false,
  "disabled_image_filter": "grayscale, dim",
  "layouts": {
    "shared_item_grid": {
      "type": "itemgrid",
      "item_margin": "1,2",
      "rows": [
        [
          "sticks",
          "nuts",
          "bombs",
          "bow",
          "firearrow",
          "dinsfire",
          "sword1",
          "sword2",
          "sword3"
        ],
        [
          "slingshot",
          "ocarina",
          "bombchu",
          "hookshot",
          "icearrow",
          "faroreswind",
          "shield1",
          "shield2",
          "shield3"
        ],
        [
          "boomerang",
          "lens",
          "beans",
          "hammer",
          "lightarrow",
          "nayruslove",
          "lift1",
          "redtunic",
          "bluetunic"
        ],
        [
          "gerudocard",
          "agony",
          "ruto",
          "bottle",
          "adulttrade",
          "kidtrade",
          "scale1",
          "ironboots",
          "hoverboots"
        ],
        [
          "lullaby",
          "epona",
          "saria",
          "sun",
          "time",
          "storm",
          "wallet1",
          "magic",
          "skulltula"
        ],
        [
          "minuet",
          "bolero",
          "serenade",
          "requiem",
          "nocturne",
          "prelude",
          "type_bridge",
          "open_forest",
          "open_door"
        ],
        [
          "forest",
          "fire",
          "water",
          "spirit",
          "shadow",
          "free",
          "deku",
          "dodongo",
          "jabu"
        ]
      ]
    },
    "tracker_capture_item": {
      "type": "container",
      "content": {
        "type": "itemgrid",
        "h_alignment": "center",
        "item_margin": "1,2",
        "rows": [
          [
            "sticks",
            "nuts",
            "bombs",
            "bow",
            "firearrow",
            "dinsfire",
            "sword1",
            "sword2",
            "sword3"
          ],
          [
            "slingshot",
            "ocarina",
            "bombchu",
            "hookshot",
            "icearrow",
            "faroreswind",
            "shield1",
            "shield2",
            "shield3"
          ],
          [
            "boomerang",
            "lens",
            "beans",
            "hammer",
            "lightarrow",
            "nayruslove",
            "lift1",
            "redtunic",
            "bluetunic"
          ],
          [
            "",
            "",
            "ruto",
            "bottle",
            "adulttrade",
            "",
            "scale1",
            "ironboots",
            "hoverboots"
          ],
          [
            "lullaby",
            "epona",
            "saria",
            "sun",
            "time",
            "storm",
            "wallet1",
            "magic",
            ""
          ],
          [
            "minuet",
            "bolero",
            "serenade",
            "requiem",
            "nocturne",
            "prelude",
            "",
            "gerudocard",
            ""
          ]
        ]
      }
    },
    "tracker_default": {
      "type": "container",
      "background": "#202020",
      "content": {
        "type": "dock",
        "dropshadow": true,
        "content": [
          {
            "type": "dock",
            "dock": "left",
            "v_alignment": "stretch",
            "content": [
              {
                "type": "group",
                "header": "Items",
                "dock": "top",
                "content": {
                  "type": "layout",
                  "key": "shared_item_grid"
                }
              },
              {
                "type": "group",
                "header": "Pinned Locations",
                "content": {
                  "type": "recentpins",
                  "style": "wrap",
                  "h_alignment": "stretch",
                  "v_alignment": "stretch",
                  "orientation": "vertical",
                  "compact": true
                }
              }
            ]
          },
          {
            "type": "tabbed",
            "tabs": [
              {
                "title": "Child",
                "icon": "images/sword1.png",
                "content": {
                  "type": "map",
                  "maps": [
                    "child"
                  ]
                }
              },
              {
                "title": "Adult",
                "icon": "images/sword2.png",
                "content": {
                  "type": "map",
                  "maps": [
                    "adult"
                  ]
                }
              }
            ]
          }
        ]
      }
    },
    "tracker_horizontal": {
      "type": "container",
      "background": "#202020",
      "content": {
        "type": "dock",
        "dropshadow": true,
        "content": [
          {
            "type": "dock",
            "dock": "bottom",
            "content": [
              {
                "type": "group",
                "header": "Items",
                "dock": "left",
                "margin": "0,0,3,0",
                "content": {
                  "type": "layout",
                  "h_alignment": "center",
                  "v_alignment": "center",
                  "key": "shared_item_grid"
                }
              },
              {
                "type": "group",
                "header": "Pinned Locations",
                "content": {
                  "type": "recentpins",
                  "style": "wrap",
                  "h_alignment": "stretch",
                  "v_alignment": "stretch",
                  "orientation": "horizontal",
                  "compact": true
                }
              }
            ]
          },
          {
            "type": "tabbed",
            "tabs": [
              {
                "title": "Child",
                "icon": "images/sword1.png",
                "content": {
                  "type": "map",
                  "maps": [
                    "child"
                  ]
                }
              },
              {
                "title": "Adult",
                "icon": "images/sword2.png",
                "content": {
                  "type": "map",
                  "maps": [
                    "adult"
                  ]
                }
              }
            ]
          }
        ]
      }
    }
  }
}