﻿[
  {
    "name": "Open Door",
    "type": "progressive",
    "allow_disabled": false,
    "loop": true,
    "stages": [
      {
        "img": "images/closed_door.png",
        "codes": "type_door,closed_door"
      },
      {
        "img": "images/open_door.png",
        "codes": "type_door,open_door",
        "inherit_codes": false
      }
    ]
  },
  {
    "name": "Open Forest",
    "type": "progressive",
    "allow_disabled": false,
    "loop": true,
    "stages": [
      {
        "img": "images/closed_forest.png",
        "codes": "type_forest,closed_forest"
      },
      {
        "img": "images/open_forest.png",
        "codes": "type_forest,open_forest",
        "inherit_codes": false
      }
    ]
  },
  {
    "name": "Bridge Requirement",
    "type": "progressive",
    "allow_disabled": false,
    "loop": true,
    "stages": [
      {
        "img": "images/bridge_medallions.png",
        "codes": "type_bridge,bridge_medallions",
        "inherit_codes": false
      },
      {
        "img": "images/bridge_vanilla.png",
        "codes": "type_bridge,bridge_vanilla",
        "inherit_codes": false
      },
      {
        "img": "images/bridge_dungeons.png",
        "codes": "type_bridge,bridge_dungeons",
        "inherit_codes": false
      },
      {
        "img": "images/bridge_open.png",
        "codes": "type_bridge,bridge_open",
        "inherit_codes": false
      }
    ]
  },
  {
    "name": "Bow",
    "type": "progressive",
    "allow_disabled": false,
    "stages": [
      {
        "img": "images/bow.png",
        "img_mods": "@disabled"
      },
      {
        "img": "images/bow3.png",
        "codes": "bow"
      },
      {
        "img": "images/bow4.png"
      },
      {
        "img": "images/bow5.png"
      }
    ]
  },
  {
    "name": "Slingshot",
    "type": "progressive",
    "allow_disabled": false,
    "stages": [
      {
        "img": "images/slingshot.png",
        "img_mods": "@disabled"
      },
      {
        "img": "images/sling3.png",
        "codes": "slingshot,sling"
      },
      {
        "img": "images/sling4.png"
      },
      {
        "img": "images/sling5.png"
      }
    ]
  },
  {
    "name": "Deku Nuts",
    "type": "progressive",
    "allow_disabled": false,
    "stages": [
      {
        "img": "images/nut.png",
        "img_mods": "@disabled"
      },
      {
        "img": "images/nut2.png",
        "codes": "nuts,dekunuts"
      },
      {
        "img": "images/nut3.png"
      },
      {
        "img": "images/nut4.png"
      }
    ]
  },
  {
    "name": "Stone of Agony",
    "type": "toggle",
    "img": "images/agony.png",
    "codes": "agony"
  },
  {
    "name": "Gerudo Card",
    "type": "toggle",
    "img": "images/gerudocard.png",
    "codes": "gerudocard,card"
  },
  {
    "name": "Fire Arrows",
    "type": "toggle",
    "img": "images/firearrow.png",
    "codes": "firearrow"
  },
  {
    "name": "Ice Arrows",
    "type": "toggle",
    "img": "images/icearrow.png",
    "codes": "icearrow"
  },
  {
    "name": "Light Arrows",
    "type": "toggle",
    "img": "images/lightarrow.png",
    "codes": "lightarrow"
  },
  {
    "name": "Magic Beans",
    "type": "toggle",
    "img": "images/bean.png",
    "codes": "beans"
  },
  {
    "name": "Deku Sticks",
    "type": "progressive",
    "allow_disabled": false,
    "stages": [
      {
        "img": "images/stick.png",
        "img_mods": "@disabled"
      },
      {
        "img": "images/stick1.png",
        "codes": "sticks"
      },
      {
        "img": "images/stick2.png"
      },
      {
        "img": "images/stick3.png"
      }
    ]
  },
  {
    "name": "Bombs",
    "type": "progressive",
    "allow_disabled": false,
    "stages": [
      {
        "img": "images/bomb.png",
        "img_mods": "@disabled"
      },
      {
        "img": "images/bomb2.png",
        "codes": "bombs"
      },
      {
        "img": "images/bomb3.png"
      },
      {
        "img": "images/bomb4.png"
      }
    ]
  },
  {
    "name": "Boomerang",
    "type": "toggle",
    "img": "images/boomerang.png",
    "codes": "boomerang"
  },
  {
    "name": "Hookshot",
    "type": "progressive",
    "allow_disabled": false,
    "stages": [
      {
        "img": "images/hookshotd.png",
        "img_mods": "@disabled"
      },
      {
        "img": "images/hookshot.png",
        "codes": "hookshot,hs"
      },
      {
        "img": "images/longshot.png",
        "codes": "longshot,ls"
      }
    ]
  },
  {
    "name": "Bombchu",
    "type": "toggle",
    "img": "images/bombchu.png",
    "codes": "bombchu"
  },
  {
    "name": "Lens of Truth",
    "type": "toggle",
    "img": "images/lens.png",
    "codes": "lens,lensoftruth"
  },
  {
    "name": "Din's Fire",
    "type": "toggle",
    "img": "images/din.png",
    "codes": "dinsfire"
  },
  {
    "name": "Farore's Wind",
    "type": "toggle",
    "img": "images/farore.png",
    "codes": "faroreswind"
  },
  {
    "name": "Nayru's Love",
    "type": "toggle",
    "img": "images/nayru.png",
    "codes": "nayruslove"
  },
  {
    "name": "Zelda's Lullaby",
    "type": "toggle",
    "loop": true,
    "img": "images/zelda.png",
    "codes": "lullaby"
  },
  {
    "name": "Zelda's Lullaby Check",
    "type": "toggle_badged",
    "base_item": "lullaby",
    "img": "images/check.png",
    "codes": "lullabycheck"
  },
  {
    "name": "Saria's Song",
    "type": "toggle",
    "loop": true,
    "img": "images/saria.png",
    "codes": "saria"
  },
  {
    "name": "Saria's Song Check",
    "type": "toggle_badged",
    "base_item": "saria",
    "img": "images/check.png",
    "codes": "sariacheck"
  },
  {
    "name": "Epona's Song",
    "type": "toggle",
    "loop": true,
    "img": "images/epona.png",
    "codes": "epona"
  },
  {
    "name": "Epona's Song Check",
    "type": "toggle_badged",
    "base_item": "epona",
    "img": "images/check.png",
    "codes": "eponacheck"
  },
  {
    "name": "Sun's Song",
    "type": "toggle",
    "loop": true,
    "img": "images/sunsong.png",
    "codes": "sun"
  },
  {
    "name": "Sun's Song Check",
    "type": "toggle_badged",
    "base_item": "sun",
    "img": "images/check.png",
    "codes": "suncheck"
  },
  {
    "name": "Song of Time",
    "type": "toggle",
    "loop": true,
    "img": "images/songoftime.png",
    "codes": "time"
  },
  {
    "name": "Song of Time Check",
    "type": "toggle_badged",
    "base_item": "time",
    "img": "images/check.png",
    "codes": "timecheck"
  },
  {
    "name": "Song of Storms",
    "type": "toggle",
    "loop": true,
    "img": "images/songofstorms.png",
    "codes": "storm"
  },
  {
    "name": "Song of Storms Check",
    "type": "toggle_badged",
    "base_item": "storm",
    "img": "images/check.png",
    "codes": "stormcheck"
  },
  {
    "name": "Minuet of Forest",
    "type": "toggle",
    "loop": true,
    "img": "images/green_note.png",
    "codes": "minuet"
  },
  {
    "name": "Minuet of Forest Check",
    "type": "toggle_badged",
    "base_item": "minuet",
    "img": "images/check.png",
    "codes": "minuetcheck"
  },
  {
    "name": "Bolero of Fire",
    "type": "toggle",
    "loop": true,
    "img": "images/red_note.png",
    "codes": "bolero"
  },
  {
    "name": "Bolero of Fire Check",
    "type": "toggle_badged",
    "base_item": "bolero",
    "img": "images/check.png",
    "codes": "bolerocheck"
  },
  {
    "name": "Serenade of Water",
    "type": "toggle",
    "loop": true,
    "img": "images/blue_note.png",
    "codes": "serenade"
  },
  {
    "name": "Serenade of Water Check",
    "type": "toggle_badged",
    "base_item": "serenade",
    "img": "images/check.png",
    "codes": "serenadecheck"
  },
  {
    "name": "Requiem of Spirit",
    "type": "toggle",
    "loop": true,
    "img": "images/orange_note.png",
    "codes": "requiem"
  },
  {
    "name": "Requiem of Spirit Check",
    "type": "toggle_badged",
    "base_item": "requiem",
    "img": "images/check.png",
    "codes": "requiemcheck"
  },
  {
    "name": "Nocturne of Shadow",
    "type": "toggle",
    "loop": true,
    "img": "images/purple_note.png",
    "codes": "nocturne"
  },
  {
    "name": "Nocturne of Shadow Check",
    "type": "toggle_badged",
    "base_item": "nocturne",
    "img": "images/check.png",
    "codes": "nocturnecheck"
  },
  {
    "name": "Prelude of Light",
    "type": "toggle",
    "loop": true,
    "img": "images/yellow_note.png",
    "codes": "prelude"
  },
  {
    "name": "Prelude of Light Check",
    "type": "toggle_badged",
    "base_item": "prelude",
    "img": "images/check.png",
    "codes": "preludecheck"
  },
  {
    "name": "Forest Medallion",
    "type": "toggle",
    "img": "images/forestmedallion.png",
    "codes": "forestmed"
  },
  {
    "name": "Fire Medallion",
    "type": "toggle",
    "img": "images/firemedallion.png",
    "codes": "firemed"
  },
  {
    "name": "water Medallion",
    "type": "toggle",
    "img": "images/watermedallion.png",
    "codes": "watermed"
  },
  {
    "name": "Spirit Medallion",
    "type": "toggle",
    "img": "images/spiritmedallion.png",
    "codes": "spiritmed"
  },
  {
    "name": "Shadow Medallion",
    "type": "toggle",
    "img": "images/shadowmedallion.png",
    "codes": "shadowmed"
  },
  {
    "name": "Light Medallion",
    "type": "toggle",
    "img": "images/lightmedallion.png",
    "codes": "lightmed"
  },
  {
    "name": "Kokiri's Emerald",
    "type": "toggle",
    "img": "images/emerald.png",
    "codes": "emerald"
  },
  {
    "name": "Goron's Ruby",
    "type": "toggle",
    "img": "images/ruby.png",
    "codes": "ruby"
  },
  {
    "name": "Zora's Sapphire",
    "type": "toggle",
    "img": "images/sapphire.png",
    "codes": "sapphire"
  },
  {
    "name": "Kokiri Sword",
    "type": "toggle",
    "img": "images/sword1.png",
    "codes": "sword1,kokirisword"
  },
  {
    "name": "Master Sword",
    "type": "toggle",
    "img": "images/sword2.png",
    "codes": "sword2,mastersword,ms"
  },
  {
    "name": "Biggoron Sword",
    "type": "toggle",
    "img": "images/sword3.png",
    "codes": "sword3,biggoronsword"
  },
  {
    "name": "Kokiri Shield",
    "type": "toggle",
    "img": "images/shield1.png",
    "codes": "shield1,kokirishield"
  },
  {
    "name": "Hylian Shield",
    "type": "toggle",
    "img": "images/shield2.png",
    "codes": "shield2,hylianshield"
  },
  {
    "name": "Mirror Shield",
    "type": "toggle",
    "img": "images/shield3.png",
    "codes": "shield3,mirrorshield"
  },
  {
    "name": "Kokiri Tunic",
    "type": "static",
    "img": "images/greentunic.png",
    "codes": "greentunic"
  },
  {
    "name": "Goron Tunic",
    "type": "toggle",
    "img": "images/redtunic.png",
    "codes": "gorontunic,redtunic"
  },
  {
    "name": "Zora Tunic",
    "type": "toggle",
    "img": "images/bluetunic.png",
    "codes": "zoratunic,bluetunic"
  },
  {
    "name": "Red and Blue Tunics",
    "type": "composite_toggle",
    "codes": "tunics",
    "item_left": "bluetunic",
    "item_right": "redtunic",
    "images": [
      {
        "left": false,
        "right": false,
        "img": "images/redbluetunic.png",
        "img_mods": "@disabled"
      },
      {
        "left": true,
        "right": false,
        "img": "images/bluetunic-disabled.png"
      },
      {
        "left": false,
        "right": true,
        "img": "images/redtunic-disabled.png"
      },
      {
        "left": true,
        "right": true,
        "img": "images/redbluetunic.png"
      }
    ]
  },
  {
    "name": "Kokiri Boots",
    "type": "static",
    "img": "images/kokiriboots.png",
    "codes": "kokiriboots"
  },
  {
    "name": "Iron Boots",
    "type": "toggle",
    "img": "images/ironboots.png",
    "codes": "ironboots"
  },
  {
    "name": "Hover Boots",
    "type": "toggle",
    "img": "images/hoverboots.png",
    "codes": "hoverboots"
  },
  {
    "name": "Iron and Hover Boots",
    "type": "composite_toggle",
    "codes": "boots",
    "item_left": "ironboots",
    "item_right": "hoverboots",
    "images": [
      {
        "left": false,
        "right": false,
        "img": "images/boots.png",
        "img_mods": "@disabled"
      },
      {
        "left": true,
        "right": false,
        "img": "images/ironboots-disabled.png"
      },
      {
        "left": false,
        "right": true,
        "img": "images/hoverboots-disabled.png"
      },
      {
        "left": true,
        "right": true,
        "img": "images/boots.png"
      }
    ]
  },
  {
    "name": "Child Trade",
    "type": "progressive",
    "allow_disabled": false,
    "stages": [
      {
        "img": "images/egg.png",
        "img_mods": "@disabled",
        "codes": "nokidtrade"
      },
      {
        "img": "images/egg.png",
        "codes": "kidtrade,childegg",
        "inherit_codes": false
      },
      {
        "img": "images/cucco.png",
        "codes": "kidtrade,childcucco",
        "inherit_codes": false
      },
      {
        "img": "images/letter.png",
        "codes": "kidtrade,letter,postzelda",
        "inherit_codes": false
      },
      {
        "img": "images/sold_out.png",
        "codes": "kidtrade,soldout,lettershown,postzelda",
        "inherit_codes": false
      },
      {
        "img": "images/keaton.png",
        "codes": "kidtrade,keaton,keatonmask,postzelda",
        "inherit_codes": false
      },
      {
        "img": "images/sold_out.png",
        "codes": "kidtrade,soldout,keatonsold,postzelda",
        "inherit_codes": false
      },
      {
        "img": "images/skull.png",
        "codes": "kidtrade,skullmask,skull,postzelda",
        "inherit_codes": false
      },
      {
        "img": "images/sold_out.png",
        "codes": "kidtrade,soldout,skullsold,postzelda",
        "inherit_codes": false
      },
      {
        "img": "images/spooky.png",
        "codes": "kidtrade,spooky,spookymask,postzelda",
        "inherit_codes": false
      },
      {
        "img": "images/sold_out.png",
        "codes": "kidtrade,soldout,spookysold,postzelda",
        "inherit_codes": false
      },
      {
        "img": "images/bunny.png",
        "codes": "kidtrade,bunny,bunnyhood,postzelda",
        "inherit_codes": false
      },
      {
        "img": "images/sold_out.png",
        "codes": "kidtrade,soldout,bunnysold,postzelda",
        "inherit_codes": false
      },
      {
        "img": "images/truth.png",
        "codes": "kidtrade,truth,maskoftruth,postzelda",
        "inherit_codes": false
      }
    ]
  },
  {
    "name": "Adult Trade",
    "type": "progressive",
    "allow_disabled": false,
    "stages": [
      {
        "img": "images/egg.png",
        "img_mods": "@disabled",
        "codes": "noadulttrade"
      },
      {
        "img": "images/egg.png",
        "codes": "adulttrade,adultegg",
        "inherit_codes": false
      },
      {
        "img": "images/cucco.png",
        "codes": "adulttrade,adultcucco,pocketcucco",
        "inherit_codes": false
      },
      {
        "img": "images/cojiro.png",
        "codes": "adulttrade,cojiro",
        "inherit_codes": false
      },
      {
        "img": "images/mushroom.png",
        "codes": "adulttrade,mushroom,oddmushroom",
        "inherit_codes": false
      },
      {
        "img": "images/medicine.png",
        "codes": "adulttrade,oddpotion,oddpoultice",
        "inherit_codes": false
      },
      {
        "img": "images/saw.png",
        "codes": "adulttrade,saw,poachersaw",
        "inherit_codes": false
      },
      {
        "img": "images/broken_sword.png",
        "codes": "adulttrade,brokensword",
        "inherit_codes": false
      },
      {
        "img": "images/perscription.png",
        "codes": "adulttrade,prescription",
        "inherit_codes": false
      },
      {
        "img": "images/frog.png",
        "codes": "adulttrade,frog,eyeballfrog,speedfrog",
        "inherit_codes": false
      },
      {
        "img": "images/eyedrops.png",
        "codes": "adulttrade,eyedrops,drops",
        "inherit_codes": false
      },
      {
        "img": "images/claim.png",
        "codes": "adulttrade,claim,claimcheck",
        "inherit_codes": false
      }
    ]
  },
  {
    "name": "Hammer",
    "type": "toggle",
    "img": "images/hammer.png",
    "codes": "hammer"
  },
  {
    "name": "Ocarina",
    "type": "progressive",
    "stages": [
      {
        "img": "images/fairyocarina.png",
        "codes": "ocarina,fairyocarina"
      },
      {
        "img": "images/ocarina.png",
        "codes": "ocarinaoftime,oot"
      }
    ]
  },
  {
    "name": "Bottle 1",
    "type": "progressive",
    "loop": true,
    "stages": [
      {
        "img": "images/bottle.png",
        "codes": "bottle1,bottle",
        "inherit_codes": false
      },
      {
        "img": "images/bottle_letter.png",
        "codes": "bottle1,bottle,ruto",
        "inherit_codes": false
      },
      {
        "img": "images/bottle_red.png",
        "codes": "bottle1,bottle",
        "inherit_codes": false
      },
      {
        "img": "images/bottle_green.png"
      },
      {
        "img": "images/bottle_blue.png"
      },
      {
        "img": "images/bottle_fairy.png"
      },
      {
        "img": "images/bottle_fish.png"
      },
      {
        "img": "images/bottle_bugs.png"
      },
      {
        "img": "images/bottle_milk.png"
      },
      {
        "img": "images/bottle_halfmilk.png"
      },
      {
        "img": "images/bottle_fire.png"
      },
      {
        "img": "images/bottle_bigpoe.png"
      },
      {
        "img": "images/bottle_poe.png"
      }
    ]
  },
  {
    "name": "Bottle 2",
    "type": "progressive",
    "loop": true,
    "stages": [
      {
        "img": "images/bottle.png",
        "codes": "bottle2,bottle",
        "inherit_codes": false
      },
      {
        "img": "images/bottle_letter.png",
        "codes": "bottle2,bottle,ruto",
        "inherit_codes": false
      },
      {
        "img": "images/bottle_red.png",
        "codes": "bottle2,bottle",
        "inherit_codes": false
      },
      {
        "img": "images/bottle_green.png"
      },
      {
        "img": "images/bottle_blue.png"
      },
      {
        "img": "images/bottle_fairy.png"
      },
      {
        "img": "images/bottle_fish.png"
      },
      {
        "img": "images/bottle_bugs.png"
      },
      {
        "img": "images/bottle_milk.png"
      },
      {
        "img": "images/bottle_halfmilk.png"
      },
      {
        "img": "images/bottle_fire.png"
      },
      {
        "img": "images/bottle_bigpoe.png"
      },
      {
        "img": "images/bottle_poe.png"
      }
    ]
  },
  {
    "name": "Bottle 3",
    "type": "progressive",
    "loop": true,
    "stages": [
      {
        "img": "images/bottle.png",
        "codes": "bottle3,bottle",
        "inherit_codes": false
      },
      {
        "img": "images/bottle_letter.png",
        "codes": "bottle3,bottle,ruto",
        "inherit_codes": false
      },
      {
        "img": "images/bottle_red.png",
        "codes": "bottle3,bottle",
        "inherit_codes": false
      },
      {
        "img": "images/bottle_green.png"
      },
      {
        "img": "images/bottle_blue.png"
      },
      {
        "img": "images/bottle_fairy.png"
      },
      {
        "img": "images/bottle_fish.png"
      },
      {
        "img": "images/bottle_bugs.png"
      },
      {
        "img": "images/bottle_milk.png"
      },
      {
        "img": "images/bottle_halfmilk.png"
      },
      {
        "img": "images/bottle_fire.png"
      },
      {
        "img": "images/bottle_bigpoe.png"
      },
      {
        "img": "images/bottle_poe.png"
      }
    ]
  },
  {
    "name": "Bottle 4",
    "type": "progressive",
    "loop": true,
    "stages": [
      {
        "img": "images/bottle.png",
        "codes": "bottle4,bottle",
        "inherit_codes": false
      },
      {
        "img": "images/bottle_letter.png",
        "codes": "bottle4,bottle,ruto",
        "inherit_codes": false
      },
      {
        "img": "images/bottle_red.png",
        "codes": "bottle4,bottle",
        "inherit_codes": false
      },
      {
        "img": "images/bottle_green.png"
      },
      {
        "img": "images/bottle_blue.png"
      },
      {
        "img": "images/bottle_fairy.png"
      },
      {
        "img": "images/bottle_fish.png"
      },
      {
        "img": "images/bottle_bugs.png"
      },
      {
        "img": "images/bottle_milk.png"
      },
      {
        "img": "images/bottle_halfmilk.png"
      },
      {
        "img": "images/bottle_fire.png"
      },
      {
        "img": "images/bottle_bigpoe.png"
      },
      {
        "img": "images/bottle_poe.png"
      }
    ]
  },
  {
    "name": "Rutos Letter",
    "type": "toggle_badged",
    "base_item": "bottle",
    "img": "images/bottle-letter.png",
    "codes": "ruto"
  },
  {
    "name": "Gauntlets",
    "type": "progressive",
    "stages": [
      {
        "img": "images/lift1.png",
        "codes": "bracelet,lift1"
      },
      {
        "img": "images/lift2.png",
        "codes": "silvergauntlets,lift2"
      },
      {
        "img": "images/lift3.png",
        "codes": "goldgauntlets,lift3"
      }
    ]
  },
  {
    "name": "Gold Skulltula Tokens",
    "type": "consumable",
    "img": "images/skulltula_token.png",
    "codes": "skulltula,goldskulltula,token",
    "max_quantity": 50
  },
  {
    "name": "Show Gold Skulltulas",
    "type": "toggle",
    "img": "images/skulltula.png",
    "codes": "show_skulltulas"
  },
  {
    "name": "Zora Scales",
    "type": "progressive",
    "stages": [
      {
        "img": "images/scale1.png",
        "codes": "silverscale,scale1"
      },
      {
        "img": "images/scale2.png",
        "codes": "goldscale,scale2"
      }
    ]
  },
  {
    "name": "Wallet Upgrades",
    "type": "progressive",
    "allow_disabled": false,
    "stages": [
      {
        "img": "images/wallet.png"
      },
      {
        "img": "images/wallet1.png",
        "codes": "adultswallet,wallet1,wallet"
      },
      {
        "img": "images/wallet2.png",
        "codes": "giantswallet,wallet2"
      }
    ]
  },
  {
    "name": "Magic Meter",
    "type": "progressive",
    "stages": [
      {
        "img": "images/magic1.png",
        "codes": "magic,magic1"
      },
      {
        "img": "images/magic2.png",
        "codes": "magic2"
      }
    ]
  },
  {
    "name": "Freebie Label",
    "type": "static",
    "img": "images/free.png",
    "codes": "free_label"
  },
  {
    "name": "Free Prize",
    "type": "progressive",
    "loop": true,
    "allow_disabled": false,
    "stages": [
      {
        "img": "images/unknown-small.png",
        "codes": "free"
      },
      {
        "img": "images/lightmedallion.png",
        "codes": "free,lightmed",
        "inherit_codes": false
      },
      {
        "img": "images/lacs_medallions.png",
        "codes": "free,lacs_meds",
        "inherit_codes": false
      },
      {
        "img": "images/nocturne_medallions.png",
        "codes": "free,noct_meds",
        "inherit_codes": false
      },
      {
        "img": "images/forestmedallion.png",
        "codes": "free,forestmed",
        "inherit_codes": false
      },
      {
        "img": "images/stones.png",
        "codes": "free,stones",
        "inherit_codes": false
      }
    ]
  },
  {
    "name": "Deku Tree Label",
    "type": "static",
    "img": "images/deku.png",
    "codes": "deku_label"
  },
  {
    "name": "Deku Treasures",
    "type": "consumable",
    "img": "images/chest_brown.png",
    "codes": "deku_treasures",
    "max_quantity": 7
  },
  {
    "name": "Deku Prize",
    "type": "progressive_toggle",
    "loop": true,
    "stages": [
      {
        "img": "images/unknown-small.png",
        "codes": "deku"
      },
      {
        "img": "images/stones.png",
        "codes": "deku,stones",
        "inherit_codes": false
      },
      {
        "img": "images/forestmedallion.png",
        "codes": "deku,forestmed",
        "inherit_codes": false
      },
      {
        "img": "images/nocturne_medallions.png",
        "codes": "deku,noct_meds",
        "inherit_codes": false
      },
      {
        "img": "images/lacs_medallions.png",
        "codes": "deku,lacs_meds",
        "inherit_codes": false
      },
      {
        "img": "images/lightmedallion.png",
        "codes": "deku,lightmed",
        "inherit_codes": false
      }
    ]
  },
  {
    "name": "Dodongo's Cavern Label",
    "type": "static",
    "img": "images/dodongo.png",
    "codes": "dodongo_label"
  },
  {
    "name": "Dodongo Treasures",
    "type": "consumable",
    "img": "images/chest_brown.png",
    "codes": "dodongo_treasures",
    "max_quantity": 7
  },
  {
    "name": "Dodongo Prize",
    "type": "progressive_toggle",
    "loop": true,
    "stages": [
      {
        "img": "images/unknown-small.png",
        "codes": "dodongo,dc"
      },
      {
        "img": "images/stones.png",
        "codes": "dodongo,stones",
        "inherit_codes": false
      },
      {
        "img": "images/forestmedallion.png",
        "codes": "dodongo,forestmed",
        "inherit_codes": false
      },
      {
        "img": "images/nocturne_medallions.png",
        "codes": "dodongo,noct_meds",
        "inherit_codes": false
      },
      {
        "img": "images/lacs_medallions.png",
        "codes": "dodongo,lacs_meds",
        "inherit_codes": false
      },
      {
        "img": "images/lightmedallion.png",
        "codes": "dodongo,lightmed",
        "inherit_codes": false
      }
    ]
  },
  {
    "name": "Jabu-Jabu Label",
    "type": "static",
    "img": "images/jabu.png",
    "codes": "jabu_label"
  },
  {
    "name": "Jabu Treasures",
    "type": "consumable",
    "img": "images/chest_brown.png",
    "codes": "jabu_treasures",
    "max_quantity": 4
  },
  {
    "name": "Jabu Prize",
    "type": "progressive_toggle",
    "loop": true,
    "stages": [
      {
        "img": "images/unknown-small.png",
        "codes": "jabu"
      },
      {
        "img": "images/stones.png",
        "codes": "jabu,stones",
        "inherit_codes": false
      },
      {
        "img": "images/forestmedallion.png",
        "codes": "jabu,forestmed",
        "inherit_codes": false
      },
      {
        "img": "images/nocturne_medallions.png",
        "codes": "jabu,noct_meds",
        "inherit_codes": false
      },
      {
        "img": "images/lacs_medallions.png",
        "codes": "jabu,lacs_meds",
        "inherit_codes": false
      },
      {
        "img": "images/lightmedallion.png",
        "codes": "jabu,lightmed",
        "inherit_codes": false
      }
    ]
  },
  {
    "name": "Forest Temple Label",
    "type": "static",
    "img": "images/forest.png",
    "codes": "forest_label"
  },
  {
    "name": "Forest Treasures",
    "type": "consumable",
    "img": "images/chest_brown.png",
    "codes": "forest_treasures",
    "max_quantity": 8
  },
  {
    "name": "Forest Small Keys",
    "type": "consumable",
    "img": "images/oot_small_key.png",
    "codes": "forest_small_keys",
    "max_quantity": 5
  },
  {
    "name": "Forest Boss Key",
    "type": "toggle",
    "img": "images/oot_boss_key.png",
    "codes": "forest_boss_key"
  },
  {
    "name": "Forest Prize",
    "type": "progressive_toggle",
    "loop": true,
    "stages": [
      {
        "img": "images/unknown-small.png",
        "codes": "forest"
      },
      {
        "img": "images/stones.png",
        "codes": "forest,stones",
        "inherit_codes": false
      },
      {
        "img": "images/forestmedallion.png",
        "codes": "forest,forestmed",
        "inherit_codes": false
      },
      {
        "img": "images/nocturne_medallions.png",
        "codes": "forest,noct_meds",
        "inherit_codes": false
      },
      {
        "img": "images/lacs_medallions.png",
        "codes": "forest,lacs_meds",
        "inherit_codes": false
      },
      {
        "img": "images/lightmedallion.png",
        "codes": "forest,lightmed",
        "inherit_codes": false
      }
    ]
  },
  {
    "name": "Fire Temple Label",
    "type": "static",
    "img": "images/fire.png",
    "codes": "fire_label"
  },
  {
    "name": "Fire Treasures",
    "type": "consumable",
    "img": "images/chest_brown.png",
    "codes": "fire_treasures",
    "max_quantity": 6
  },
  {
    "name": "Fire Small Keys",
    "type": "consumable",
    "img": "images/oot_small_key.png",
    "codes": "fire_small_keys",
    "max_quantity": 8
  },
  {
    "name": "Fire Boss Key",
    "type": "toggle",
    "img": "images/oot_boss_key.png",
    "codes": "fire_boss_key"
  },
  {
    "name": "Fire Prize",
    "type": "progressive_toggle",
    "loop": true,
    "stages": [
      {
        "img": "images/unknown-small.png",
        "codes": "fire"
      },
      {
        "img": "images/stones.png",
        "codes": "fire,stones",
        "inherit_codes": false
      },
      {
        "img": "images/forestmedallion.png",
        "codes": "fire,forestmed",
        "inherit_codes": false
      },
      {
        "img": "images/nocturne_medallions.png",
        "codes": "fire,noct_meds",
        "inherit_codes": false
      },
      {
        "img": "images/lacs_medallions.png",
        "codes": "fire,lacs_meds",
        "inherit_codes": false
      },
      {
        "img": "images/lightmedallion.png",
        "codes": "fire,lightmed",
        "inherit_codes": false
      }
    ]
  },
  {
    "name": "Water Temple Label",
    "type": "static",
    "img": "images/water.png",
    "codes": "water_label"
  },
  {
    "name": "Water Treasures",
    "type": "consumable",
    "img": "images/chest_brown.png",
    "codes": "water_treasures",
    "max_quantity": 4
  },
  {
    "name": "Water Small Keys",
    "type": "consumable",
    "img": "images/oot_small_key.png",
    "codes": "water_small_keys",
    "max_quantity": 6
  },
  {
    "name": "Water Boss Key",
    "type": "toggle",
    "img": "images/oot_boss_key.png",
    "codes": "water_boss_key"
  },
  {
    "name": "Water Prize",
    "type": "progressive_toggle",
    "loop": true,
    "stages": [
      {
        "img": "images/unknown-small.png",
        "codes": "water"
      },
      {
        "img": "images/stones.png",
        "codes": "water,stones",
        "inherit_codes": false
      },
      {
        "img": "images/forestmedallion.png",
        "codes": "water,forestmed",
        "inherit_codes": false
      },
      {
        "img": "images/nocturne_medallions.png",
        "codes": "water,noct_meds",
        "inherit_codes": false
      },
      {
        "img": "images/lacs_medallions.png",
        "codes": "water,lacs_meds",
        "inherit_codes": false
      },
      {
        "img": "images/lightmedallion.png",
        "codes": "water,lightmed",
        "inherit_codes": false
      }
    ]
  },
  {
    "name": "Spirit Temple Label",
    "type": "static",
    "img": "images/spirit.png",
    "codes": "spirit_label"
  },
  {
    "name": "Spirit Treasures",
    "type": "consumable",
    "img": "images/chest_brown.png",
    "codes": "spirit_treasures",
    "max_quantity": 14
  },
  {
    "name": "Spirit Small Keys",
    "type": "consumable",
    "img": "images/oot_small_key.png",
    "codes": "spirit_small_keys",
    "max_quantity": 5
  },
  {
    "name": "Spirit Boss Key",
    "type": "toggle",
    "img": "images/oot_boss_key.png",
    "codes": "spirit_boss_key"
  },
  {
    "name": "Spirit Prize",
    "type": "progressive_toggle",
    "loop": true,
    "stages": [
      {
        "img": "images/unknown-small.png",
        "codes": "spirit"
      },
      {
        "img": "images/stones.png",
        "codes": "spirit,stones",
        "inherit_codes": false
      },
      {
        "img": "images/forestmedallion.png",
        "codes": "spirit,forestmed",
        "inherit_codes": false
      },
      {
        "img": "images/nocturne_medallions.png",
        "codes": "spirit,noct_meds",
        "inherit_codes": false
      },
      {
        "img": "images/lacs_medallions.png",
        "codes": "spirit,lacs_meds",
        "inherit_codes": false
      },
      {
        "img": "images/lightmedallion.png",
        "codes": "spirit,lightmed",
        "inherit_codes": false
      }
    ]
  },
  {
    "name": "Shadow Temple Label",
    "type": "static",
    "img": "images/shadow.png",
    "codes": "shadow_label"
  },
  {
    "name": "Shadow Treasures",
    "type": "consumable",
    "img": "images/chest_brown.png",
    "codes": "shadow_treasures",
    "max_quantity": 12
  },
  {
    "name": "Shadow Small Keys",
    "type": "consumable",
    "img": "images/oot_small_key.png",
    "codes": "shadow_small_keys",
    "max_quantity": 5
  },
  {
    "name": "Shadow Boss Key",
    "type": "toggle",
    "img": "images/oot_boss_key.png",
    "codes": "shadow_boss_key"
  },
  {
    "name": "Shadow Prize",
    "type": "progressive_toggle",
    "loop": true,
    "stages": [
      {
        "img": "images/unknown-small.png",
        "codes": "shadow"
      },
      {
        "img": "images/stones.png",
        "codes": "shadow,stones",
        "inherit_codes": false
      },
      {
        "img": "images/forestmedallion.png",
        "codes": "shadow,forestmed",
        "inherit_codes": false
      },
      {
        "img": "images/nocturne_medallions.png",
        "codes": "shadow,noct_meds",
        "inherit_codes": false
      },
      {
        "img": "images/lacs_medallions.png",
        "codes": "shadow,lacs_meds",
        "inherit_codes": false
      },
      {
        "img": "images/lightmedallion.png",
        "codes": "shadow,lightmed",
        "inherit_codes": false
      }
    ]
  },
  {
    "name": "BotW Label",
    "type": "static",
    "img": "images/botw.png",
    "codes": "botw_label"
  },
  {
    "name": "BotW Treasures",
    "type": "consumable",
    "img": "images/chest_brown.png",
    "codes": "botw_treasures",
    "max_quantity": 11
  },
  {
    "name": "BotW Small Keys",
    "type": "consumable",
    "img": "images/oot_small_key.png",
    "codes": "botw_small_keys",
    "max_quantity": 3
  },
  {
    "name": "Ice Label",
    "type": "static",
    "img": "images/ice.png",
    "codes": "ice_label"
  },
  {
    "name": "Ice Treasures",
    "type": "consumable",
    "img": "images/chest_brown.png",
    "codes": "ice_treasures",
    "max_quantity": 4
  },
  {
    "name": "GTG Label",
    "type": "static",
    "img": "images/gtg.png",
    "codes": "gtg_label"
  },
  {
    "name": "GTG Treasures",
    "type": "consumable",
    "img": "images/chest_brown.png",
    "codes": "gtg_treasures",
    "max_quantity": 13
  },
  {
    "name": "GTG Small Keys",
    "type": "consumable",
    "img": "images/oot_small_key.png",
    "codes": "gtg_small_keys",
    "max_quantity": 9
  },
  {
    "name": "GC Label",
    "type": "static",
    "img": "images/gc.png",
    "codes": "gc_label"
  },
  {
    "name": "GC Treasures",
    "type": "consumable",
    "img": "images/chest_brown.png",
    "codes": "gc_treasures",
    "max_quantity": 13
  },
  {
    "name": "GC Small Keys",
    "type": "consumable",
    "img": "images/oot_small_key.png",
    "codes": "gc_small_keys",
    "max_quantity": 2
  },
  {
    "name": "GC Boss Key",
    "type": "toggle",
    "img": "images/oot_boss_key.png",
    "codes": "gc_boss_key"
  }
]